:020000040000FA
:041400006BEF48F056
:06140800000115D81100DF
:10141800D8CF1DF2E0CF1EF202011F6F00011BD8CA
:1014280002011F511EC2E0FF1DC2D8FF1000E9CF04
:1014380000F2EACF01F2F3CF02F2F4CF03F2ADECFF
:1014480010F09E9203C2F4FF02C2F3FF00C2E9FF4C
:1014580001C2EAFF1200E9CF20F2EACF21F2F3CF6E
:1014680022F2F4CF23F2F6CF24F2F7CF25F2F8CF09
:1014780026F2F5CF27F2F40ED76E500ED66EF29400
:1014880040EC48F027C2F5FF24C2F6FF25C2F7FF5B
:1014980026C2F8FF23C2F4FF22C2F3FF20C2E9FFED
:1014A80021C2EAFF12003D6F3E6B110E3F6F08D05C
:1014B8003E3740373D513E5D40B1D880D8B03E6F91
:1014C8003B373C373F2FF4D73B511200326B336B1D
:1014D800110E346F0BD0323733373051325D315102
:1014E800335904E3336F3051325FD8802E372F37AA
:1014F800342FF1D72E511200406B416B190E426FF9
:101508000DD04037413705E23E51405D3F514159CA
:1015180005E33E51405F3F51415BD8803B373C3744
:101528003D37422FEED73B5112003D6F3E6B100EF8
:101538003F6F3B373C373E3740373D513E5D40B10A
:10154800D880D8B03E6F3F2FF4D73E511200406B81
:10155800416B180E426F3B373C373D3740374137B8
:1015680005E23E51405D3F51415904E33E51405F21
:101578003F51415B422FEFD740511200294906D015
:1015880029C2E9FFEA6AEE2A000EEF2200011200E2
:1015980002011B511C6F0101120002011A511C6F3C
:1015A80001011200020119511C6F01011200136F91
:1015B800166F156B146B196B1251186F176B175147
:1015C8001427185115231951162311511427000EE9
:1015D800152316231451120002016F6F706B6F519F
:1015E80070610ED0716B726B210E715D020E7259B3
:1015F80005E20000712B000E7223F6D7702BEFD78F
:101608001200296F2A6B29512A6105D000000000B9
:1016180000002A2BF8D712000201196FC68A9E967D
:1016280019C2C9FF9EA6FED7C9CF1AF21A511200D5
:101638009280928292849286809A929A93828194DE
:1016480093948196939681989398938A82809490A4
:1016580082929492829E949E8380959083829592A2
:1016680083849594838695969588958A838C959C92
:10167800838E959E848E9680849496941200700E24
:10168800D36E400E9B6E280EC26E3D0EC16E486929
:101698001B0E496FC280C69A400EC76EC66AC68ABC
:1016A800080ED56EF40ED76E500ED66EF194F29ADF
:1016B800F294D58EF28C5E0ECB6E380ECA6E9F8277
:1016C8009E929D92CA84D08EF28E0E0E0E01D26F1B
:1016D800FF6B0C0EBA6EBA9ABA98BB6A1200929255
:1016E8008082120092821200829012008280120080
:1016F8008484120084941200C29AC288C296C2845A
:10170800C282C2B2FED7C45012008386C28AC2986F
:10171800C286C294C282C2B2FED78396C450120057
:101728008194818612008184819612008194819629
:1017380012000201286F285105E0010A05E0030A9A
:1017480005E006D0EDDF05D0EEDF03D0EFDF01D0F6
:10175800EDDF000112000001605105E0010A0CE014
:10176800030A1CE02CD028C200F12AC261F02BC267
:1017780062F0010E606F23D06151621103E06107CE
:10178800000E625B615162111AE129C200F12CC29C
:1017980061F02DC262F0020E606F11D061516211CA
:1017A80003E06107000E625B6151621108E128C223
:1017B80000F12AC261F02BC262F0010E606F1200C4
:1017C8007F6E0001635105E0010A0FE0030A18E08B
:1017D80026D07F50AEDF7F5003E0080E646F02D042
:1017E800010E646F010E636F1AD0642F18D0020EB9
:1017F800A0DF7F5002E1070E646F020E636F0FD007
:101808006467640764670BD07F5093DF7F5003E001
:10181800080E646F02D0010E646F010E636F120030
:10182800839E060EF9DE838E839E980EF5DE838EE8
:1018380000011200839E050EEFDE000EEDDE366F0E
:10184800838E1200839E060EE7DE838E839ED80E5B
:10185800E3DE2CC219F22DC21AF22EC21BF298DE58
:101868000001DADE2CC219F22DC21AF22EC21BF2C6
:1018780094DE0001D1DE2CC219F22DC21AF22EC25A
:101888001BF290DE0001C8DE838E0001D3DF000169
:10189800E8B0FCD71200839E030EBEDE04C219F224
:1018A80005C21AF206C21BF273DE0001B5DE04C2DD
:1018B80019F205C21AF206C21BF26FDE0001ACDE95
:1018C80004C219F205C21AF206C21BF26BDE00014D
:1018D800A3DE000EA1DE076F838E00011200166FD3
:1018E800839E030E99DE11C219F212C21AF213C2B4
:1018F8001BF24EDE000190DE11C219F212C21AF27A
:1019080013C21BF24ADE000187DE11C219F212C2AD
:101918001AF213C21BF246DE00017EDE186B165166
:1019280018610DD0000E78DE176F18511425E96E76
:10193800000E1521EA6E17C2EFFF182BF0D7838E21
:101948001200356F839E060E67DE838E839E020E1D
:1019580063DE32C219F233C21AF234C21BF218DE45
:1019680000015ADE32C219F233C21AF234C21BF233
:1019780014DE000151DE32C219F233C21AF234C247
:101988001BF210DE000148DE355146DE838E52DF41
:10199800E8B0FDD71200306F316B3051316113D090
:1019A8002CC232F22DC233F22EC234F2010EEA6E8C
:1019B80031512F25E96EEF50C4DF2C2B000E2D235B
:1019C8002E23312BEAD712002C6B200E2C6107D066
:1019D80001EE01F02C51E926EF682C2BF6D7010116
:1019E800016B120E026F010E036F020E046F030EDD
:1019F800056F066B010E076F086B096B040E0A6F03
:101A08000B6B010E0C6F0D0E0D6F140E0E6F030E87
:101A18000F6F106B0A0E116F126B136B890E146F18
:101A2800030E156F166F050E176F186B196B1A6B6F
:101A380002012C6B200E2C6107D001EE21F02C51F5
:101A4800E926EF682C2BF6D70A0E0101216F040E48
:101A5800226F0A0E236F246F040E256F0A0E266F5D
:101A6800276F040E286F0A0E296F050E2A6F2B6F39
:101A78002C6F0A0E2D6F040E2E6F0A0E2F6F306F0B
:101A8800040E316F0A0E326F336F040E346F0A0E74
:101A9800356F366F040E376F0A0E386F120077C233
:101AA80001F17BC202F17CC203F17DC204F17EC266
:101AB80005F17FC206F180C207F181C208F182C236
:101AC80009F183C20AF184C20BF185C20CF186C206
:101AD8000DF187C20EF188C20FF189C210F18AC2D6
:101AE80011F18BC212F18CC213F18DC214F18EC2A6
:101AF80015F18FC216F190C217F19CC219F29DC25E
:101B08001AF29EC21BF24EDD186F9CC219F29DC2DA
:101B18001AF29EC21BF241DD196F9CC219F29DC2D6
:101B28001AF29EC21BF234DD1A6F91C220F1020133
:101B380077510FE0010A14E0030A19E0010A1EE0D8
:101B4800070A23E0010A28E0030A2DE0010A32E02F
:101B580037D078C221F179C222F17AC223F130D08C
:101B680078C224F179C225F17AC226F129D078C247
:101B780027F179C228F17AC229F122D078C22AF154
:101B880079C22BF17AC22CF11BD078C22DF179C21F
:101B98002EF17AC22FF114D078C230F179C231F126
:101BA8007AC232F10DD078C233F179C234F17AC2F7
:101BB80035F106D078C236F179C237F17AC238F1F8
:101BC8000101120000012CDE02012C6B2D6B2E6B23
:101BD800000138DE02012C6B2D6B2E6B010E2F6F6E
:101BE800200ED9DE200E2C6F2D6B2E6B210E2F6F41
:101BF800200ED1D69CC219F29DC21AF29EC21BF2C7
:101C0800D1DC186F9CC219F29DC21AF29EC21BF257
:101C1800C4DC196F9CC219F29DC21AF29EC21BF253
:101C2800B7DC1A6FCFDF01011200010E776303D012
:101C38009F6BA06B17D078510A0DF3CF2CF2F4CF1D
:101C48002DF279512C27000E2D23200E2E6F4E0ECB
:101C58002F6F2CC230F22DC231F238DC2EC29FF227
:101C68002FC2A0F212007A510A0DF3CF2CF2F4CF52
:101C78002DF279512C27000E2D23200E2E6F4E0E9B
:101C88002F6F2CC230F22DC231F220DC2EC2A1F20D
:101C98002FC2A2F2040EA15F000EA25B1200776BA6
:101CA800120E7B6F030E8E6F8F6F050E906F010EF5
:101CB8007C6F020E7D6F030E7E6F7F6B010E806F4F
:101CC800816B826B040E836F846B010E856F0D0E22
:101CD800866F140E876F030E886F896B0A0E8A6FE2
:101CE8008B6B8C6B890E8D6F77510FE0010A14E0B6
:101CF800030A19E0010A1EE0070A21E0010A26E0AA
:101D0800030A2BE0010A30E035D00A0E786F040E82
:101D1800796F0A0E7A6F2ED00A0E786F040E796FDB
:101D28000A0E7A6F27D00A0E786F040E796F0A0EA2
:101D38007A6F20D0050E786F796F7A6F1BD00A0EF4
:101D4800786F040E796F0A0E7A6F14D00A0E786FC6
:101D5800040E796F0A0E7A6F0DD00A0E786F040E92
:101D6800796F0A0E7A6F06D00A0E786F040E796FB3
:101D78000A0E7A6FA86B1200116B126B136B010EAF
:101D8800146F156F200EABDD200E116F126B136BE5
:101D9800210E146F010E156F200EA1DD01012051D7
:101DA800640A08E020516E0A05E020516F0A02E03B
:101DB800640E206F20C191F21451890A020116E0C5
:101DC80003DE91C220F1FEDE116B126B136B010E64
:101DD800146F156F200E83DD200E116F126B136BBD
:101DE800210E146F010E156F200E79DD2BA101C194
:101DF80077F202C17BF215C18EF216C18FF217C1BC
:101E080090F203C17CF27CC2A3F204C17DF205C149
:101E18007EF206C17FF27FC2A4F207C180F280C2BF
:101E2800A5F208C181F209C182F20AC183F20BC18D
:101E380084F20CC185F20DC186F20EC187F20FC182
:101E480088F210C189F211C18AF212C18BF213C152
:101E58008CF214C18DF218C128F219C129F21AC1E5
:101E68002AF277510FE0010A14E0030A19E0010A87
:101E78001EE0070A23E0010A28E0030A2DE0010A10
:101E880032E037D021C178F222C179F223C17AF247
:101E980030D024C178F225C179F226C17AF229D04E
:101EA80027C178F228C179F229C17AF222D02AC151
:101EB80078F22BC179F22CC17AF21BD02DC178F2BD
:101EC8002EC179F22FC17AF214D030C178F231C123
:101ED80079F232C17AF20DD033C178F234C179F295
:101EE80035C17AF206D036C178F237C179F238C1F5
:101EF8007AF29BDEB8DED8908335946F050E8403A2
:101F0800F3CF95F2010E866503D086C293F202D014
:101F1800010E936FA05105E1A00E9F6102D0010E42
:101F2800936F00019F87D89002018735966F140E32
:101F38008803F3CF97F228C211F229C212F22A516C
:101F4800DBEC0AF014C29CF215C29DF216C29EF296
:101F58008A513C0DF3CF9AF2F4CF9BF20A0E9A27DE
:101F6800000E9B23D00E3B6F070E3C6F905157EC31
:101F78000AF03BC298F23CC299F28129A66F0A0E78
:101F88007E03F3CFA7F28C4DA36B1200286B030ED0
:101F980028610BD089EC0BF02B6F02EE2DF0285145
:101FA800E9262BC2EFFF282BF2D7286B030E2861F6
:101FB80034D028C22AF22829296F030E296113D0A8
:101FC80002EE2DF02951E926EFCF2BF202EE2DF08B
:101FD8002A51E926EFCF2CF22C512B6102D029C2CD
:101FE8002AF2292BEAD702EE2DF02851E926EFCF65
:101FF8002BF202EE2DF02A51E926EFCF2CF202EE59
:102008002DF02851E9262CC2EFFF02EE2DF02A51BF
:10201800E9262BC2EFFF282BC9D72FC269F012007F
:10202800B50E696503D0050E656F19D0B20E6965E6
:1020380003D0040E656F13D0AF0E696503D0030E8D
:10204800656F0DD0AC0E696503D0020E656F07D0C1
:10205800A90E696503D0010E656F01D0656B12008A
:10206800056F060DF3CF09F2F4CF0AF20451100DF3
:10207800F3CF08F2076B066B09510625116F0A5159
:102088000721126F000E0821136F0B0E146F020E3A
:10209800156F060E24DC0BC211F20CC212F20D51A0
:1020A800DBEC0AF014C26EF015C26FF016C270F0C5
:1020B8000EC211F20FC212F21051DBEC0AF014C278
:1020C80071F015C272F016C273F0120002012C6F83
:1020D800A353D8B41200080E0001806107D0EA6A41
:1020E800740E8025E96E2CC2EFFF802B02011200CE
:1020F8000201A36702D000011200000180676C8111
:102108009D8212000201046B04BF03D0080E046113
:1021180007D0EA6A740E0425E96EEF68042BF4D739
:102128000001806B7F6B6C917C6B9D921200056F38
:102138000453D8B4056B05A3BA9A05B3BA8A05A1A6
:10214800BA9805B1BA88D8900531BB6ED890BB3221
:1021580012007C510BE0010A12E0030A1CE0010A9C
:1021680027E0070A35E0010A51E05BD06CA159D09D
:102178007CEC0BF07D6B7E6B010E7C6F52D07D2B5F
:10218800000E7E23210E7D5D030E7E594AE37F6B90
:10219800020E7C6F46D0A6C204F2EA6A740E7F254E
:1021A800E96EEF5002015CDF030E00017C6F39D04D
:1021B8006EC004F26FC005F270C006F24FEC0CF06E
:1021C8006D6F6E2B000E6F237023040E7C6F29D069
:1021D800A3C204F26D510201AADF000171516E5DC4
:1021E80072516F59735170590EE26EC004F26FC08C
:1021F80005F270C006F24FEC0CF06D6F6E2B000EFE
:102208006F2370230ED0050E7C6F0BD080057F6185
:1022180004D07F2B020E7C6F04D07EEC0BF072DFB3
:102228007C6B1200030E52DF00016551050A0BE0BA
:10223800010A0FE0070A13E0010A17E0030A1BE08E
:10224800010A1FE023D0330E41DF340E3FDF0001C7
:102258001DD0120E3BDF340E39DF000117D0450EBA
:1022680035DF340E33DF000111D01B0E2FDF340EA3
:102278002DDF00010BD0510E29DF340E27DF0001BE
:1022880005D0490E23DF340E21DF00011200D151A1
:102298002BE0010A2DE0030A2FE0010A31E0070ACA
:1022A80033E0010A35E0030A37E0010A39E00E0A93
:1022B8003BE0030A3DE0010A3FE0070A41E0010A6A
:1022C80045E0030A47E0010A49E01F0A4BE0010A1A
:1022D8004FE0030A51E01A0A55E01B0A57E0070AC3
:1022E80059E0010A5BE05DD0180EF0DE000159D01C
:1022F8000E0EECDE000155D0060EE8DE000151D0CE
:10230800050EE4DE00014DD0090EE0DE000149D0E3
:10231800080EDCDE000145D0400ED8DE000141D0B9
:10232800410ED4DE00013DD0480ED0DE000139D088
:10233800540ECCDE000135D04F0EC8DE000131D07E
:10234800200EC4DE240EC2DE00012BD0240EBEDE19
:10235800000127D01E0EBADE000123D01F0EB6DE04
:1023680000011FD03F0EB2DE4D0EB0DE000119D0C5
:10237800210EACDE000115D0210EA8DE4D0EA6DE22
:1023880000010FD00F0EA2DE00010BD0460E9EDE1C
:10239800000107D02F0E9ADE000103D0150E96DE3D
:1023A80000011200286F28510FE0010A10E0030A0B
:1023B80011E0010A12E0070A13E0010A14E0030A17
:1023C80015E0010A16E017D02E0E80DE14D03A0E62
:1023D8007DDE11D00A0E7ADE0ED0230E77DE0BD00A
:1023E800200E74DE08D0010E71DE05D0070E6EDEF9
:1023F80002D0000E6BDE12002C6F2C5139E0010A5E
:102408003AE0030A3BE0010A3CE0070A3DE0010A22
:102418003EE0030A3FE0010A40E00F0A41E0010AFA
:1024280042E0030A43E0010A44E0070A45E0010AE2
:1024380046E0030A47E0010A48E01F0A49E0010AAA
:102448004AE0030A4BE0010A4CE0070A4DE00A0A99
:102458004EE0360A4FE01A0A50E00E0A51E07A0AB6
:1024680052E0160A53E00A0A54E03E0A55E057D0F3
:10247800560E2D6F56D0320E2D6F53D0520E2D6F33
:1024880050D04C0E2D6F4DD01C0E2D6F4AD0190E0A
:102498002D6F47D0430E2D6F44D03C0E2D6F41D089
:1024A800100E2D6F3ED02B0E2D6F3BD0490E2D6F89
:1024B80038D0130E2D6F35D0500E2D6F32D04A0EF6
:1024C8002D6F2FD01D0E2D6F2CD0160E2D6F29D0ED
:1024D800440E2D6F26D03D0E2D6F23D0110E2D6F7B
:1024E80020D02C0E2D6F1DD0510E2D6F1AD04B0EF3
:1024F8002D6F17D01B0E2D6F14D0170E2D6F11D006
:10250800450E2D6F0ED03E0E2D6F0BD0120E2D6F77
:1025180008D02D0E2D6F05D0330E2D6F02D0420E30
:102528002D6F2D511200286F150E286105D02851E6
:1025380063DF296FCBDD1ED028C23BF23C6B0A0E4D
:1025480057EC0AF03BC22AF20A0E2A03F3CF2AF20A
:102558002A5304E02A5150DF296FB8DD28C23BF224
:102568003C6B0A0E99EC0AF02B6F2B5303E044DF07
:10257800296FACD51200286F285303E0310EA6DD71
:1025880002D0300EA3D512007F6E7F50000105E007
:10259800010A07E0030A08E007D0530E97DD00019F
:1025A80003D01A0E93DD000112007F6E7F500001E8
:1025B80007E0010A09E0030A0BE0010A0DE00FD069
:1025C800300E84DD00010BD0250E80DD000107D020
:1025D800270E7CDD000103D0220E78DD00011200F9
:1025E800286F285105E0010A06E0030A09E00CD02B
:1025F8000C0E6CDD09D0020E69DD520E67DD04D0C9
:10260800020E64DD4C0E62DD12007F6E7F50000109
:1026180005E0010A07E0030A09E00BD0300E56DD99
:10262800000107D0250E52DD000103D0220E4EDD39
:1026380000011200286F285303E00B0E47DD02D07B
:10264800140E44D512007F6E7F50000104E0300E56
:102658003DDD000103D0250E39DD000112007F6E3B
:102668007F50000104E0220E31DD000103D0250E69
:102678002DDD00011200706FC69A81888392716BFC
:10268800080E71610BD0819870AF02D0828E01D094
:10269800829E8188D8907037712BF2D7838212007E
:1026A80002016F6F8394E7DF8384120002016F6F6A
:1026B8008384E1DF838412002A0EF2DF6851F6DF9B
:1026C8006751F4DF6A51F2DF6951F0DF2B0EE8DF62
:1026D8006C51ECDF6B51EADF6E51E8DF6D51E6DFDC
:1026E8002C0EDEDF050EF0EC0AF02C0ED9D7315196
:1026F8002D253B6F32512E213C6F33512F253D6FD5
:10270800345130213E6F36513F6F3551406F2DC2E5
:1027180067F22EC268F23B05696F000E3C596A6F7A
:102728002FC26BF230C26CF23D056D6F000E3E5940
:102738006E6FC2DF2FC239F230C23AF23D51395DB5
:102748003E513A5915E22DC237F22EC238F23B51AA
:10275800375D3C51385908E23F51A8DF4051A6DFA8
:10276800372B000E3823F3D7392B000E3A23E6D740
:102778001200586B596B5A6B4C5148255B6F4D5181
:1027880049215C6F4E514A255D6F4F514B215E6F59
:102798004C514E03F3CF5FF2F4CF60F24D514E032C
:1027A800F35060274C514F03F35060275351616F2A
:1027B8005251626F5551636F5451646F48C267F24A
:1027C80049C268F25B05696F000E5C596A6F4AC2BC
:1027D8006BF24BC26CF25D056D6F000E5E596E6F49
:1027E8006BDF656B666B5F51655D6051665927E20B
:1027F80058670CD059515025676F5A515121686F4D
:102808007BEC48F0576F592B000E5A23800E571552
:10281800566FD8905737582B080E586301D0586B0D
:10282800565305E0615142DF625140DF04D06351E5
:102838003DDF64513BDF652B000E6623D4D71200C1
:1028480039D842D8110E2CDF050EF0EC0AF03A0EFA
:1028580027DF550E2BDF2A0E23DF000E27DF000EA1
:1028680025DF000E23DF770E21DF2B0E19DF000E88
:102878001DDF000E1BDF000E19DFEF0E17DF440E01
:102888000FDF000E13DFEF0E11DF350E09DF000E2C
:102898000DDF360E05DF000E09DF530E01DF200EB7
:1028A80005DF190EF0EC0AF0290EFADE390EF8DE13
:1028B800000112008390010EF0EC0AF08380960E5E
:1028C800F0EC0AF000011200C00EEADE5A0EEEDE4D
:1028D8005A0EECDEC10EE4DE5A0EE8DE5A0EE6DED3
:1028E800D00EDEDE100EE2DEB10EDADEEA0EDEDE3D
:1028F800F00EDCDE000EDADE780ED8DE000ED6DE54
:102908000C0ED4DE000ED2DE080ED0DE000ECEDEB7
:102918001C0ECCDE000ECADE1C0EC8DE000EC6DEA3
:102928000C0EC4DE000EC2DE080EC0DE000EBEDED7
:102938001C0EBCDE000EBADE1C0EB8DE000EB6DEC3
:10294800000EB4DE0C0EB2DE000EB0DE5F0EAEDEA0
:10295800000EACDE1C0EAADE000EA8DE1C0EA6DEE3
:10296800000EA4DE0C0EA2DE000EA0DE5F0E9EDEC0
:10297800000E9CDE1C0E9ADE000E98DE1C0E96DE03
:10298800000E94DE000E92DE200E90DE000E8EDE2B
:10299800000E8CDE770E8ADE000E88DE000E86DEE4
:1029A800000E84DEEF0E82DE000E80DE000E7EDE7C
:1029B800000E7CDE100E7ADEB20E72DE130E76DEAC
:1029C800130E74DE040E72DE040E70DE130E6EDE5D
:1029D800040E6CDE040E6ADE130E68DE130E66DE6D
:1029E800040E64DE040E62DE040E60DE040E5EDE9B
:1029F8000F0E5CDE000E5ADE000E58DE5E0E56DE4E
:102A0800000E54DEA60E52DE000E50DE5E0E4EDEC6
:102A1800000E4CDEA90E4ADE000E48DE5E0E46DED3
:102A2800000E44DE030E42DE000E40DE5E0E3EDE89
:102A3800000E3CDE000E3ADE000E38DE5E0E36DE9C
:102A4800000E34DEA60E32DE000E30DE5E0E2EDE06
:102A5800000E2CDEA90E2ADE000E28DE5E0E26DE13
:102A6800000E24DE030E22DE000E20DE5E0E1EDEC9
:102A7800000E1CDE020E1ADE1F0E18DE580E16DEC1
:102A8800750E14DE000E12DE010E10DE000E0EDED4
:102A9800000E0CDE310E0ADE5A0E08DE1A0E06DEB5
:102AA800D50E04DE3D0E02DE600E00DE000EFEDDF9
:102AB800000EFCDD000EFADD000EF8DD000EF6DD7E
:102AC800000EF4DD000EF2DD000EF0DD000EEEDD8E
:102AD800000EECDD000EEADD000EE8DD000EE6DD9E
:102AE800000EE4DD000EE2DD000EE0DD000EDEDDAE
:102AF800000EDCDD000EDADD000ED8DD000ED6DDBE
:102B0800000ED4DD000ED2DD130ED0DD770ECEDD43
:102B1800B30EC6DD000ECADD000EC8DD000EC6DD30
:102B2800030EC4DD020EC2DD010EC0DD000EBEDDE7
:102B3800000EBCDD000EBADD140EB8DD130EB6DDD6
:102B4800120EB4DD000EB2DD000EB0DD000EAEDDFB
:102B5800000EACDD060EAADD050EA8DD040EA6DD0E
:102B6800000EA4DD000EA2DD000EA0DD0F0E9EDD1E
:102B78000E0E9CDD0D0E9ADD000E98DD000E96DD22
:102B8800000E94DD000E92DD000E90DD000E8EDD4D
:102B9800000E8CDDB40E84DD200E88DD030E86DD8C
:102BA800C00E84DD000E82DD080E80DD030E7EDDA2
:102BB800030E7CDD030E7ADD030E78DD030E76DD71
:102BC800000E74DD0B0E72DD0B0E70DD0B0E6EDD6C
:102BD8000B0E6CDD0B0E6ADD0B0E68DD140E66DD68
:102BE800410E64DD250E62DD520E60DD360E5EDDBF
:102BF800630E5CDD410E5ADD140E58DD520E56DDB3
:102C0800250E54DD630E52DD360E50DD140E4EDDFA
:102C1800410E4CDD250E4ADD520E48DD360E46DDEE
:102C2800630E44DD410E42DD140E40DD520E3EDDE2
:102C3800250E3CDD630E3ADD360E38DD000E36DD3E
:102C4800000E34DD2A0E32DD150E30DD2A0E2EDDA3
:102C5800150E2CDD150E2ADD2A0E28DD150E26DDB3
:102C68002A0E24DD000E22DD000E20DD000E1EDD02
:102C7800000E1CDD000E1ADD000E18DD000E16DD3C
:102C8800B50E0EDD000E12DD000E10DD090E0EDD94
:102C9800090E0CDD010E0ADD290E08DD100E06DD19
:102CA800000E04DD010E02DD320E00DD000EFEDC3A
:102CB800320EFCDC000EFADC630EF8DC000EF6DCEB
:102CC800AD0EF4DC000EF2DC630EF0DC000EEEDC80
:102CD800AD0EECDC000EEADC000EE8DC000EE6DCF3
:102CE800000EE4DC000EE2DC000EE0DC000EDEDCB0
:102CF800000EDCDC000EDADC000ED8DC000ED6DCC0
:102D0800000ED4DC000ED2DC000ED0DC000ECEDCCF
:102D1800000ECCDC000ECADC020EC8DC010EC6DCDC
:102D2800020EC4DC010EC2DC020EC0DC010EBEDCE9
:102D3800000EBCDC000EBADC000EB8DC000EB6DCFF
:102D48000B0EB4DC000EB2DC550EB0DC000EAEDCAF
:102D58000B0EACDC000EAADC550EA8DC000EA6DCBF
:102D6800000EA4DC000EA2DC000EA0DC000E9EDC2F
:102D7800000E9CDC000E9ADC000E98DC000E96DC3F
:102D8800000E94DC000E92DC000E90DC000E8EDC4F
:102D9800000E8CDC000E8ADC010E88DC000E86DC5E
:102DA800010E84DC000E82DC000E80DC000E7EDC6E
:102DB800000E7CDC000E7ADC000E78DC000E76DC7F
:102DC800000E74DC000E72DCB80E6ADC000E6EDCDD
:102DD800E70E6CDC300E6ADC000E68DC110E66DC77
:102DE800110E64DC110E62DC110E60DC110E5EDC6B
:102DF800110E5CDC220E5ADC220E58DC220E56DC48
:102E0800000E54DC000E52DC220E50DC220E4EDC8A
:102E1800220E4CDC000E4ADC000E48DC000E46DCBC
:102E2800000E44DC000E42DC000E40DC000E3EDCEE
:102E3800000E3CDC000E3ADCBB0E32DC010E36DC48
:102E4800C80E34DCC80E32DCC80E30DC800E2EDC36
:102E5800800E2CDC800E2ADC4C0E28DC590E26DC79
:102E6800660E24DCBD0E1CDC010E20DC000E1EDC10
:102E78000A0E1CDC000E1ADC320E18DC000E16DC02
:102E8800040E14DC010E12DC050E10DC050E0EDC3F
:102E9800000E0CDC000E0ADC000E08DC000E06DC5E
:102EA800000E04DC000E02DC000E00DC140E5AECEE
:102EB80013F0010E5AEC13F0000E5AEC13F0000E4A
:102EC8005AEC13F0000E5AEC13F0100E5AEC13F0F3
:102ED800030E5AEC13F0030E5AEC13F0000E5AECE2
:102EE80013F0BE0E54EC13F0000E5AEC13F0000E63
:102EF8005AEC13F0040E5AEC13F0010E5AEC13F0CE
:102F0800040E5AEC13F0010E5AEC13F0040E5AECAE
:102F180013F0010E5AEC13F0040E5AEC13F0010EE4
:102F28005AEC13F0040E5AEC13F0010E5AEC13F09D
:102F3800040E5AEC13F0010E5AEC13F0040E5AEC7E
:102F480013F0010E5AEC13F0040E5AEC13F0010EB4
:102F58005AEC13F0040E5AEC13F0010E5AEC13F06D
:102F6800000E5AEC13F0000E5AEC13F0040E5AEC53
:102F780013F0010E5AEC13F0040E5AEC13F0010E84
:102F88005AEC13F0040E5AEC13F0010E5AEC13F03D
:102F9800040E5AEC13F0010E5AEC13F0040E5AEC1E
:102FA80013F0010E5AEC13F0040E5AEC13F0010E54
:102FB8005AEC13F0040E5AEC13F0010E5AEC13F00D
:102FC800040E5AEC13F0010E5AEC13F0040E5AECEE
:102FD80013F0010E5AEC13F0000E5AEC13F0000E29
:102FE8005AEC13F0040E5AEC13F0010E5AEC13F0DD
:102FF800040E5AEC13F0010E5AEC13F0040E5AECBE
:1030080013F0010E5AEC13F0040E5AEC13F0010EF3
:103018005AEC13F0040E5AEC13F0010E5AEC13F0AC
:10302800040E5AEC13F0010E5AEC13F0040E5AEC8D
:1030380013F0010E5AEC13F0040E5AEC13F0010EC3
:103048005AEC13F0040E5AEC13F0010E5AEC13F07C
:10305800020E5AEC13F0020E5AEC13F0020E5AEC60
:1030680013F0020E5AEC13F0020E5AEC13F0020E93
:103078005AEC13F0000E5AEC13F0000E5AEC13F051
:10308800000E5AEC13F0000E5AEC13F0000E5AEC36
:1030980013F0000E5AEC13F0000E5AEC13F0000E69
:1030A8005AEC13F0FF0E5AEC13F0000E5AEC13F022
:1030B800000E5AEC13F0000E5AEC13F0000E5AEC06
:1030C80013F0000E5AEC13F0000E5AEC13F0000E39
:1030D8005AEC13F0000E5AEC13F0FF0E5AEC13F0F2
:1030E800000E5AEC13F0000E5AEC13F0000E5AECD6
:1030F80013F0000E5AEC13F0000E5AEC13F0000E09
:103108005AEC13F0000E5AEC13F0000E5AEC13F0C0
:10311800FF0E5AEC13F0000E5AEC13F0000E5AECA6
:1031280013F0000E5AEC13F0000E5AEC13F0040ED4
:103138005AEC13F0040E5AEC13F0100E5AEC13F07C
:10314800000E5AEC13F0000E5AEC13F0000E5AEC75
:1031580013F0320E5AEC13F0000E5AEC13F0000E76
:103168005AEC13F0000E5AEC13F0000E5AEC13F060
:10317800000E5AEC13F0000E5AEC13F0000E5AEC45
:1031880013F0000E5AEC13F0000E5AEC13F0000E78
:103198005AEC13F0000E5AEC13F0000E5AEC13F030
:1031A800000E5AEC13F0000E5AEC13F0000E5AEC15
:1031B80013F0000E5AEC13F0000E5AEC13F0000E48
:1031C8005AEC13F0000E5AEC13F0000E5AEC13F000
:1031D800000E5AEC13F0320E5AEC13F0000E5AECB3
:1031E80013F0000E5AEC13F0000E5AEC13F0000E18
:1031F8005AEC13F0000E5AEC13F0000E5AEC13F0D0
:10320800000E5AEC13F0000E5AEC13F0000E5AECB4
:1032180013F0000E5AEC13F0000E5AEC13F0000EE7
:103228005AEC13F0000E5AEC13F0000E5AEC13F09F
:10323800000E5AEC13F0000E5AEC13F0000E5AEC84
:1032480013F0000E5AEC13F0000E5AEC13F0000EB7
:103258005AEC13F0000E5AEC13F0320E5AEC13F03D
:10326800000E5AEC13F0000E5AEC13F0000E5AEC54
:1032780013F0000E5AEC13F0000E5AEC13F0000E87
:103288005AEC13F0000E5AEC13F0000E5AEC13F03F
:10329800000E5AEC13F0000E5AEC13F0000E5AEC24
:1032A80013F0000E5AEC13F0000E5AEC13F0000E57
:1032B8005AEC13F0000E5AEC13F0000E5AEC13F00F
:1032C800000E5AEC13F0000E5AEC13F0000E5AECF4
:1032D80013F0000E5AEC13F0000E5AEC13F0000E27
:1032E8005AEC13F0000E5AEC13F0000E5AEC13F0DF
:1032F800C20E54EC13F0FC0E5AEC13F0C30E54EC4F
:1033080013F0000E5AEC13F0000E5AEC13F0FF0EF7
:103318005AEC13F0070E5AEC13F0000E5AEC13F0A7
:10332800000E5AEC13F0FF0E5AEC13F0070E5AEC8D
:1033380013F0000E5AEC13F0000E5AEC13F0FF0EC7
:103348005AEC13F0040E5AEC13F0C50E54EC13F0BB
:10335800800E5AEC13F0050E5AEC13F0320E5AECAC
:1033680013F0050E5AEC13F03F0E5AEC13F0060E4C
:103378005AEC13F0510E5AEC13F0050E5AEC13F0F8
:10338800080E5AEC13F0050E5AEC13F0080E5AEC1E
:1033980013F0060E5AEC13F0210E5AEC13F0050E3A
:1033A8005AEC13F0DC0E5AEC13F0040E5AEC13F03E
:1033B800CF0E5AEC13F0050E5AEC13F0F10E5AEC3E
:1033C80013F0040E5AEC13F0B00E5AEC13F0040E7E
:1033D8005AEC13F0960E5AEC13F0050E5AEC13F053
:1033E800C00E5AEC13F0040E5AEC13F0830E5AEC8C
:1033F80013F0040E5AEC13F05E0E5AEC13F0050E9F
:103408005AEC13F08E0E5AEC13F0040E5AEC13F02B
:10341800550E5AEC13F0040E5AEC13F0250E5AEC24
:1034280013F0050E5AEC13F05B0E5AEC13F0040E71
:103438005AEC13F0250E5AEC13F0040E5AEC13F064
:10344800EB0E5AEC13F0040E5AEC13F0260E5AEC5D
:1034580013F0040E5AEC13F0F40E5AEC13F0030EAA
:103468005AEC13F0AF0E5AEC13F0040E5AEC13F0AA
:10347800EF0E5AEC13F0030E5AEC13F0C00E5AEC90
:1034880013F0030E5AEC13F0700E5AEC13F0040EFE
:103498005AEC13F0B40E5AEC13F0030E5AEC13F076
:1034A8008A0E5AEC13F0030E5AEC13F02E0E5AEC57
:1034B80013F0040E5AEC13F0760E5AEC13F0030EC8
:1034C8005AEC13F0500E5AEC13F0030E5AEC13F0AA
:1034D800E80E5AEC13F0030E5AEC13F0340E5AECC3
:1034E80013F0030E5AEC13F0110E5AEC13F0030EFE
:1034F8005AEC13F09D0E5AEC13F0030E5AEC13F02D
:10350800EB0E5AEC13F0020E5AEC13F0CE0E5AECF6
:1035180013F0020E5AEC13F04A0E5AEC13F0030E95
:103528005AEC13F0C50E5AEC13F0020E5AEC13F0D5
:10353800AA0E5AEC13F0020E5AEC13F01D0E5AECB8
:1035480013F0030E5AEC13F09B0E5AEC13F0020E14
:103558005AEC13F0830E5AEC13F0020E5AEC13F0E7
:10356800ED0E5AEC13F0020E5AEC13F06C0E5AECF6
:1035780013F0020E5AEC13F0560E5AEC13F0020E2A
:103588005AEC13F0BB0E5AEC13F0020E5AEC13F07F
:10359800510E5AEC13F0020E5AEC13F03D0E5AEC91
:1035A80013F0020E5AEC13F0A00E5AEC13F0020EB0
:1035B8005AEC13F0350E5AEC13F0020E5AEC13F0D5
:1035C800230E5AEC13F0020E5AEC13F0840E5AEC48
:1035D80013F0020E5AEC13F0160E5AEC13F0020E0A
:1035E8005AEC13F0060E5AEC13F0020E5AEC13F0D4
:1035F800660E5AEC13F0020E5AEC13F0F40E5AEC65
:1036080013F0010E5AEC13F0E60E5AEC13F0010E0B
:103618005AEC13F0470E5AEC13F0020E5AEC13F062
:10362800CD0E5AEC13F0010E5AEC13F0C20E5AEC00
:1036380013F0010E5AEC13F0250E5AEC13F0020E9B
:103648005AEC13F09C0E5AEC13F0010E5AEC13F0DE
:10365800980E5AEC13F0010E5AEC13F0030E5AECC4
:1036680013F0020E5AEC13F0560E5AEC13F0010E3A
:103678005AEC13F0640E5AEC13F0010E5AEC13F0E6
:10368800DE0E5AEC13F0010E5AEC13F0100E5AEC41
:1036980013F0010E5AEC13F0300E5AEC13F0010E31
:1036A8005AEC13F0B90E5AEC13F0010E5AEC13F061
:1036B800CA0E5AEC13F0000E5AEC13F0FC0E5AEC3A
:1036C80013F0000E5AEC13F0940E5AEC13F0010E9E
:1036D8005AEC13F0A70E5AEC13F0000E5AEC13F044
:1036E800E20E5AEC13F0000E5AEC13F0820E5AEC6C
:1036F80013F0010E5AEC13F0000E5AEC13F0000E02
:103708005AEC13F0000E5AEC13F0000E5AEC13F0BA
:10371800000E5AEC13F0000E5AEC13F0C60E54ECDF
:1037280013F0FD0E5AEC13F0050E5AEC13F0870E49
:103738005AEC13F0050E5AEC13F0C20E5AEC13F0C3
:10374800060E5AEC13F0B60E5AEC13F0050E5AECAE
:1037580013F0510E5AEC13F0050E5AEC13F0790ED3
:103768005AEC13F0060E5AEC13F0750E5AEC13F0DF
:10377800050E5AEC13F01C0E5AEC13F0050E5AEC19
:1037880013F0330E5AEC13F0060E5AEC13F0380E01
:103798005AEC13F0050E5AEC13F0E80E5AEC13F03D
:1037A800040E5AEC13F0ED0E5AEC13F0050E5AEC19
:1037B80013F0FC0E5AEC13F0040E5AEC13F0B20E90
:1037C8005AEC13F0040E5AEC13F0A60E5AEC13F050
:1037D800050E5AEC13F0C10E5AEC13F0040E5AEC15
:1037E80013F07D0E5AEC13F0040E5AEC13F0610E30
:1037F8005AEC13F0050E5AEC13F0840E5AEC13F041
:10380800040E5AEC13F0460E5AEC13F0040E5AEC60
:1038180013F01D0E5AEC13F0050E5AEC13F0470E78
:103828005AEC13F0040E5AEC13F00F0E5AEC13F086
:10383800040E5AEC13F0D70E5AEC13F0040E5AEC9F
:1038480013F00A0E5AEC13F0040E5AEC13F0D60ECD
:103858005AEC13F0030E5AEC13F0910E5AEC13F0D5
:10386800040E5AEC13F0C90E5AEC13F0030E5AEC7E
:1038780013F09A0E5AEC13F0030E5AEC13F0480E9C
:103888005AEC13F0040E5AEC13F0850E5AEC13F0B0
:10389800030E5AEC13F05B0E5AEC13F0030E5AECBD
:1038A80013F0FB0E5AEC13F0030E5AEC13F03E0E15
:1038B8005AEC13F0030E5AEC13F0180E5AEC13F0EE
:1038C800030E5AEC13F0AA0E5AEC13F0030E5AEC3E
:1038D80013F0F10E5AEC13F0020E5AEC13F0D10E5D
:1038E8005AEC13F0020E5AEC13F0520E5AEC13F085
:1038F800030E5AEC13F0CA0E5AEC13F0020E5AECEF
:1039080013F0AC0E5AEC13F0020E5AEC13F0220E20
:103918005AEC13F0030E5AEC13F09E0E5AEC13F007
:10392800020E5AEC13F0830E5AEC13F0020E5AEC06
:1039380013F0EF0E5AEC13F0020E5AEC13F06E0E61
:103948005AEC13F0020E5AEC13F0560E5AEC13F020
:10395800020E5AEC13F0BA0E5AEC13F0020E5AEC9F
:1039680013F0540E5AEC13F0020E5AEC13F03D0EFD
:103978005AEC13F0020E5AEC13F09E0E5AEC13F0A8
:10398800020E5AEC13F0370E5AEC13F0020E5AECF2
:1039980013F0220E5AEC13F0020E5AEC13F0800EBC
:1039A8005AEC13F0020E5AEC13F0190E5AEC13F0FD
:1039B800020E5AEC13F0060E5AEC13F0020E5AECF3
:1039C80013F05F0E5AEC13F0020E5AEC13F0F80ED7
:1039D8005AEC13F0010E5AEC13F0E70E5AEC13F000
:1039E800010E5AEC13F03D0E5AEC13F0020E5AEC8D
:1039F80013F0D20E5AEC13F0010E5AEC13F0C30E6A
:103A08005AEC13F0010E5AEC13F0180E5AEC13F09E
:103A1800020E5AEC13F0A60E5AEC13F0010E5AECF3
:103A280013F09C0E5AEC13F0010E5AEC13F0F10E41
:103A38005AEC13F0010E5AEC13F06F0E5AEC13F017
:103A4800010E5AEC13F06A0E5AEC13F0010E5AEC00
:103A580013F0C50E5AEC13F0010E5AEC13F0380EA1
:103A68005AEC13F0010E5AEC13F0380E5AEC13F01E
:103A7800010E5AEC13F0990E5AEC13F0010E5AECA1
:103A880013F0010E5AEC13F0010E5AEC13F0060E67
:103A98005AEC13F0010E5AEC13F06D0E5AEC13F0B9
:103AA800010E5AEC13F0E60E5AEC13F0000E5AEC25
:103AB80013F0ED0E5AEC13F0000E5AEC13F0570EFB
:103AC8005AEC13F0010E5AEC13F0000E5AEC13F0F6
:103AD800000E5AEC13F0000E5AEC13F0000E5AECDC
:103AE80013F0000E5AEC13F0000E5AEC13F0D40E3B
:103AF80054EC13F0000E5AEC13F0780E5AEC13F055
:103B0800000E5AEC13F0F00E5AEC13F0000E5AECBB
:103B180013F0080E5AEC13F0080E5AEC13F0140EBA
:103B28005AEC13F0140E5AEC13F0000E5AEC13F082
:103B3800000E5AEC13F0D50E54EC13F0010E5AECAB
:103B480013F0000E5AEC13F0370E5AEC13F0000E77
:103B58005AEC13F0010E5AEC13F0000E5AEC13F065
:103B6800040E5AEC13F0000E5AEC13F0BF0E5AEC88
:103B780013F0000E5AEC13F0040E5AEC13F0000E7A
:103B88005AEC13F0000E5AEC13F0000E5AEC13F036
:103B9800000E5AEC13F0000E5AEC13F0000E5AEC1B
:103BA80013F0000E5AEC13F0000E5AEC13F0000E4E
:103BB8005AEC13F0000E5AEC13F0000E5AEC13F006
:103BC800000E5AEC13F0000E5AEC13F0040E5AECE7
:103BD80013F0000E5AEC13F0BF0E5AEC13F0000E5F
:103BE8005AEC13F0040E5AEC13F0000E5AEC13F0D2
:103BF800010E5AEC13F0000E5AEC13F0370E5AEC83
:103C080013F0000E5AEC13F0010E5AEC13F0000EEC
:103C18005AEC13F0000E5AEC13F0000E5AEC13F0A5
:103C2800050E5AEC13F0000E5AEC13F0000E5AEC85
:103C380013F0000E5AEC13F0050E5AEC13F0000EB8
:103C48005AEC13F0EC0E5AEC13F0000E5AEC13F089
:103C5800050E5AEC13F0000E5AEC13F0000E5AEC55
:103C680013F0000E5AEC13F0050E5AEC13F0000E88
:103C78005AEC13F0000E5AEC13F0000E5AEC13F045
:103C8800D60E54EC13F0010E5AEC13F0000E5AEC59
:103C980013F0370E5AEC13F0000E5AEC13F0010E25
:103CA8005AEC13F0000E5AEC13F0040E5AEC13F011
:103CB800000E5AEC13F0BF0E5AEC13F0000E5AEC3B
:103CC80013F0040E5AEC13F0000E5AEC13F0000E29
:103CD8005AEC13F0000E5AEC13F0000E5AEC13F0E5
:103CE800000E5AEC13F0000E5AEC13F0000E5AECCA
:103CF80013F0000E5AEC13F0000E5AEC13F0000EFD
:103D08005AEC13F0000E5AEC13F0000E5AEC13F0B4
:103D1800000E5AEC13F0040E5AEC13F0000E5AEC95
:103D280013F0BF0E5AEC13F0000E5AEC13F0040E09
:103D38005AEC13F0000E5AEC13F0010E5AEC13F083
:103D4800000E5AEC13F0370E5AEC13F0000E5AEC32
:103D580013F0010E5AEC13F0000E5AEC13F0000E9B
:103D68005AEC13F0000E5AEC13F0050E5AEC13F04F
:103D7800000E5AEC13F0000E5AEC13F0000E5AEC39
:103D880013F0050E5AEC13F0000E5AEC13F0EC0E7B
:103D98005AEC13F0000E5AEC13F0050E5AEC13F01F
:103DA800000E5AEC13F0000E5AEC13F0000E5AEC09
:103DB80013F0050E5AEC13F0000E5AEC13F0000E37
:103DC8005AEC13F0000E5AEC13F0D70E54EC13F023
:103DD800010E5AEC13F0000E5AEC13F0370E5AECA1
:103DE80013F0000E5AEC13F0010E5AEC13F0000E0B
:103DF8005AEC13F0040E5AEC13F0000E5AEC13F0C0
:103E0800BF0E5AEC13F0000E5AEC13F0040E5AECE5
:103E180013F0000E5AEC13F0000E5AEC13F0000EDB
:103E28005AEC13F0000E5AEC13F0000E5AEC13F093
:103E3800000E5AEC13F0000E5AEC13F0000E5AEC78
:103E480013F0000E5AEC13F0000E5AEC13F0000EAB
:103E58005AEC13F0000E5AEC13F0000E5AEC13F063
:103E6800040E5AEC13F0000E5AEC13F0BF0E5AEC85
:103E780013F0000E5AEC13F0040E5AEC13F0000E77
:103E88005AEC13F0010E5AEC13F0000E5AEC13F032
:103E9800370E5AEC13F0000E5AEC13F0010E5AECE0
:103EA80013F0000E5AEC13F0000E5AEC13F0000E4B
:103EB8005AEC13F0050E5AEC13F0000E5AEC13F0FE
:103EC800000E5AEC13F0000E5AEC13F0050E5AECE3
:103ED80013F0000E5AEC13F0EC0E5AEC13F0000E2F
:103EE8005AEC13F0050E5AEC13F0000E5AEC13F0CE
:103EF800000E5AEC13F0000E5AEC13F0050E5AECB3
:103F080013F0000E5AEC13F0000E5AEC13F0000EEA
:103F18005AEC13F0D80E54EC13F0010E5AEC13F0CF
:103F2800000E5AEC13F0370E5AEC13F0000E5AEC50
:103F380013F0010E5AEC13F0000E5AEC13F0040EB5
:103F48005AEC13F0000E5AEC13F0BF0E5AEC13F0B3
:103F5800000E5AEC13F0040E5AEC13F0000E5AEC53
:103F680013F0000E5AEC13F0000E5AEC13F0000E8A
:103F78005AEC13F0000E5AEC13F0000E5AEC13F042
:103F8800000E5AEC13F0000E5AEC13F0000E5AEC27
:103F980013F0000E5AEC13F0000E5AEC13F0000E5A
:103FA8005AEC13F0000E5AEC13F0040E5AEC13F00E
:103FB800000E5AEC13F0BF0E5AEC13F0000E5AEC38
:103FC80013F0040E5AEC13F0000E5AEC13F0010E25
:103FD8005AEC13F0000E5AEC13F0370E5AEC13F0AB
:103FE800000E5AEC13F0010E5AEC13F0000E5AECC6
:103FF80013F0000E5AEC13F0000E5AEC13F0050EF5
:104008005AEC13F0000E5AEC13F0000E5AEC13F0B1
:10401800000E5AEC13F0050E5AEC13F0000E5AEC91
:1040280013F0EC0E5AEC13F0000E5AEC13F0050ED8
:104038005AEC13F0000E5AEC13F0000E5AEC13F081
:10404800000E5AEC13F0050E5AEC13F0000E5AEC61
:1040580013F0000E5AEC13F0000E5AEC13F0DE0EBB
:1040680054EC13F0000E5AEC13F0000E5AEC13F057
:10407800000E5AEC13F0DF0E54EC13F0FF0E5AEC5E
:1040880013F0FF0E5AEC13F0FF0E5AEC13F0FF0E6C
:104098005AEC13F0FF0E5AEC13F0FF0E5AEC13F023
:1040A800080E5AEC13F0080E5AEC13F0080E5AECEE
:1040B80013F0080E5AEC13F0080E5AEC13F0080E21
:1040C8005AEC13F0080E5AEC13F0080E5AEC13F0E1
:1040D800080E5AEC13F0080E5AEC13F0000E5AECC6
:1040E80013F0060E5AEC13F0550E5AEC13F0500E5E
:1040F8005AEC13F0FF0E5AEC13F0FF0E5AEC13F0C3
:10410800080E5AEC13F0080E5AEC13F0080E5AEC8D
:1041180013F0EE0E54EC13F0400E5AEC13F0000EB0
:104128005AEC13F0000E5AEC13F0000E5AEC13F090
:10413800000E5AEC13F0000E5AEC13F0000E5AEC75
:1041480013F0000E5AEC13F0010E5AEC13F0010EA6
:104158005AEC13F0000E5AEC13F0000E5AEC13F060
:10416800000E5AEC13F0000E5AEC13F0000E5AEC45
:1041780013F0000E5AEC13F0000E5AEC13F0000E78
:104188005AEC13F0000E5AEC13F0000E5AEC13F030
:10419800000E5AEC13F0000E5AEC13F0000E5AEC15
:1041A80013F0000E5AEC13F0000E5AEC13F0000E48
:1041B8005AEC13F0000E5AEC13F0000E5AEC13F000
:1041C800000E5AEC13F0000E5AEC13F0000E5AECE5
:1041D80013F0000E5AEC13F0000E5AEC13F0000E18
:1041E8005AEC13F0000E5AEC13F0000E5AEC13F0D0
:1041F800000E5AEC13F0000E5AEC13F0000E5AECB5
:1042080013F0000E5AEC13F0000E5AEC13F0000EE7
:104218005AEC13F0000E5AEC13F0000E5AEC13F09F
:10422800F00E54EC13F0750E5AEC13F02A0E5AECFB
:1042380013F0700E5AEC13F0700E5AEC13F0700E67
:104248005AEC13F0580E5AEC13F02F0E5AEC13F0E8
:104258001C0E5AEC13F01C0E5AEC13F08A0E5AEC92
:1042680013F08A0E5AEC13F0100E5AEC13F0100EDD
:104278005AEC13F0750E5AEC13F02A0E5AEC13F0A0
:10428800700E5AEC13F0700E5AEC13F0700E5AECD4
:1042980013F0580E5AEC13F0250E5AEC13F01C0EBE
:1042A8005AEC13F01C0E5AEC13F08A0E5AEC13F069
:1042B8008A0E5AEC13F0100E5AEC13F0100E5AEC4A
:1042C80013F0F10E54EC13F0110E5AEC13F06E0EBD
:1042D8005AEC13F0490E5AEC13F0D00E5AEC13F0C6
:1042E800950E5AEC13F0150E5AEC13F0A50E5AEC75
:1042F80013F0550E5AEC13F00E0E5AEC13F0100E84
:104308005AEC13F0C60E5AEC13F0F20E54EC13F0FC
:10431800750E5AEC13F02A0E5AEC13F0080E5AECEC
:1043280013F0700E5AEC13F0700E5AEC13F0580E8E
:104338005AEC13F02F0E5AEC13F0030E5AEC13F04C
:104348001A0E5AEC13F08A0E5AEC13F08A0E5AEC35
:1043580013F0100E5AEC13F00B0E5AEC13F0F30E88
:1043680054EC13F0110E5AEC13F0600E5AEC13F0E3
:10437800410E5AEC13F0100E5AEC13F0950E5AEC4D
:1043880013F0150E5AEC13F0A50E5AEC13F0550E57
:104398005AEC13F00E0E5AEC13F0100E5AEC13F000
:1043A800F40E54EC13F00B0E5AEC13F0000E5AEC0A
:1043B80013F0000E5AEC13F0750E5AEC13F02A0E97
:1043C8005AEC13F0780E5AEC13F0F00E5AEC13F086
:1043D800F00E5AEC13F0410E5AEC13F0330E5AEC6F
:1043E80013F0100E5AEC13F0950E5AEC13F0150E4C
:1043F8005AEC13F0A50E5AEC13F0550E5AEC13F0C4
:10440800100E5AEC13F00E0E5AEC13F00E0E5AEC76
:1044180013F0F50E54EC13F03F0E5AEC13F0530E54
:104428005AEC13F0010E5AEC13F0110E5AEC13F07B
:10443800190E5AEC13F00A0E5AEC13F0290E5AEC26
:1044480013F0010E5AEC13F0030E5AEC13F0050E9C
:104458005AEC13F0070E5AEC13F0090E5AEC13F04D
:104468000B0E5AEC13F00D0E5AEC13F00F0E5AEC1B
:1044780013F0110E5AEC13F0000E5AEC13F0010E63
:104488005AEC13F0010E5AEC13F03F0E5AEC13F0ED
:10449800530E5AEC13F0310E5AEC13F0110E5AEC7D
:1044A80013F0190E5AEC13F00A0E5AEC13F0290EF9
:1044B8005AEC13F0010E5AEC13F0030E5AEC13F0F9
:1044C800050E5AEC13F0070E5AEC13F0090E5AECCD
:1044D80013F00B0E5AEC13F00D0E5AEC13F00F0EEE
:1044E8005AEC13F0110E5AEC13F0010E5AEC13F0BB
:1044F800100E5AEC13F0100E5AEC13F0F60E54ECA2
:1045080013F0000E5AEC13F0000E5AEC13F0000EE4
:104518005AEC13F0000E5AEC13F0010E5AEC13F09B
:10452800010E5AEC13F0020E5AEC13F0020E5AEC7C
:1045380013F0020E5AEC13F0030E5AEC13F0040EAB
:104548005AEC13F0040E5AEC13F0070E5AEC13F061
:10455800070E5AEC13F0080E5AEC13F0080E5AEC3A
:1045680013F0080E5AEC13F0020E5AEC13F0020E78
:104578005AEC13F0040E5AEC13F0040E5AEC13F034
:104588000B0E5AEC13F00B0E5AEC13F00B0E5AEC00
:1045980013F00B0E5AEC13F04B0E5AEC13F04B0EB3
:1045A8005AEC13F00B0E5AEC13F00C0E5AEC13F0F5
:1045B8000C0E5AEC13F00D0E5AEC13F00E0E5AECCA
:1045C80013F0100E5AEC13F0030E5AEC13F0040E0D
:1045D8005AEC13F0420E5AEC13F0020E5AEC13F098
:1045E800110E5AEC13F0000E5AEC13F0F70E54ECBF
:1045F80013F0550E5AEC13F0550E5AEC13F0550EF5
:104608005AEC13F0550E5AEC13F0440E5AEC13F012
:10461800340E5AEC13F0230E5AEC13F0220E5AEC17
:1046280013F0410E5AEC13F0340E5AEC13F0130E3B
:104638005AEC13F0110E5AEC13F0110E5AEC13F059
:10464800110E5AEC13F0000E5AEC13F0000E5AEC4F
:1046580013F0050E5AEC13F0000E5AEC13F0000E8E
:104668005AEC13F0020E5AEC13F0000E5AEC13F049
:10467800040E5AEC13F0010E5AEC13F0020E5AEC29
:1046880013F0F80E54EC13F0550E5AEC13F0550EC7
:104698005AEC13F0550E5AEC13F0550E5AEC13F071
:1046A800440E5AEC13F0340E5AEC13F0230E5AEC65
:1046B80013F0220E5AEC13F0410E5AEC13F0340E9C
:1046C8005AEC13F0130E5AEC13F0110E5AEC13F0C7
:1046D800110E5AEC13F0110E5AEC13F0000E5AECAE
:1046E80013F0000E5AEC13F0050E5AEC13F0000EFE
:1046F8005AEC13F0000E5AEC13F0000E5AEC13F0BB
:10470800000E5AEC13F0000E5AEC13F0000E5AEC9F
:1047180013F0000E5AEC13F0FE0E54EC13F0000EDA
:104728005AEC13F0010E5AEC13F0020E5AEC13F087
:10473800030E5AEC13F08E0E54EC13F0000E5AECE4
:1047480013F0000E5AEC13F0000E5AEC13F0000EA2
:104758005AEC13F0000E5AEC13F0000E5AEC13F05A
:10476800000E5AEC13F0000E5AEC13F0000E5AEC3F
:1047780013F0000E5AEC13F0000E5AEC13F0000E72
:104788005AEC13F0000E5AEC13F0000E5AEC13F02A
:10479800000E5AEC13F0000E5AEC13F0000E5AEC0F
:1047A80013F0000E5AEC13F0000E5AEC13F0000E42
:1047B8005AEC13F08F0E54EC13F0000E5AEC13F071
:1047C800000E5AEC13F0000E5AEC13F0000E5AECDF
:1047D80013F0000E5AEC13F0000E5AEC13F0000E12
:1047E8005AEC13F0000E5AEC13F0000E5AEC13F0CA
:1047F800000E5AEC13F0000E5AEC13F0000E5AECAF
:1048080013F0000E5AEC13F0000E5AEC13F0000EE1
:104818005AEC13F0000E5AEC13F0000E5AEC13F099
:10482800000E5AEC13F0000E5AEC13F0000E5AEC7E
:1048380013F0000E5AEC13F0000E5AEC13F0000EB1
:104848005AEC13F0000E5AEC13F0000E5AEC13F069
:10485800000E5AEC13F0000E5AEC13F0000E5AEC4E
:1048680013F0000E5AEC13F0000E5AEC13F0000E81
:104878005AEC13F0000E5AEC13F0000E5AEC13F039
:10488800900E54EC13F0000E5AEC13F0000E5AEC94
:1048980013F0000E5AEC13F0000E5AEC13F0000E51
:1048A8005AEC13F0000E5AEC13F0910E54EC13F07E
:1048B800000E5AEC13F0000E5AEC13F0000E5AECEE
:1048C80013F0000E5AEC13F0000E5AEC13F0000E21
:1048D8005AEC13F0000E5AEC13F0000E5AEC13F0D9
:1048E800000E5AEC13F0000E5AEC13F0000E5AECBE
:1048F80013F0000E5AEC13F0000E5AEC13F0000EF1
:104908005AEC13F0000E5AEC13F0000E5AEC13F0A8
:10491800000E5AEC13F0000E5AEC13F0000E5AEC8D
:1049280013F0000E5AEC13F0920E54EC13F0000E34
:104938005AEC13F0000E5AEC13F0000E5AEC13F078
:10494800000E5AEC13F0000E5AEC13F0000E5AEC5D
:1049580013F0000E5AEC13F0000E5AEC13F0000E90
:104968005AEC13F0000E5AEC13F0000E5AEC13F048
:10497800000E5AEC13F0000E5AEC13F0000E5AEC2D
:1049880013F0000E5AEC13F0000E5AEC13F0000E60
:104998005AEC13F0000E5AEC13F0000E5AEC13F018
:1049A800000E5AEC13F0930E54EC13F0000E5AEC70
:1049B80013F0000E5AEC13F0000E5AEC13F0000E30
:1049C8005AEC13F0000E5AEC13F0000E5AEC13F0E8
:1049D800000E5AEC13F0000E5AEC13F0000E5AECCD
:1049E80013F0000E5AEC13F0000E5AEC13F0000E00
:1049F8005AEC13F0000E5AEC13F0000E5AEC13F0B8
:104A0800000E5AEC13F0000E5AEC13F0000E5AEC9C
:104A180013F0000E5AEC13F0000E5AEC13F0000ECF
:104A28005AEC13F0940E54EC13F0000E5AEC13F0F9
:104A3800000E5AEC13F0000E5AEC13F0000E5AEC6C
:104A480013F0000E5AEC13F0000E5AEC13F0000E9F
:104A58005AEC13F0000E5AEC13F0000E5AEC13F057
:104A6800000E5AEC13F0000E5AEC13F0000E5AEC3C
:104A780013F0000E5AEC13F0000E5AEC13F0000E6F
:104A88005AEC13F0000E5AEC13F0000E5AEC13F027
:104A9800000E5AEC13F0000E5AEC13F0000E5AEC0C
:104AA80013F0950E54EC13F0000E5AEC13F0000EB0
:104AB8005AEC13F0000E5AEC13F0000E5AEC13F0F7
:104AC800000E5AEC13F0000E5AEC13F0000E5AECDC
:104AD80013F0000E5AEC13F0000E5AEC13F0000E0F
:104AE8005AEC13F0000E5AEC13F0000E5AEC13F0C7
:104AF800000E5AEC13F0000E5AEC13F0000E5AECAC
:104B080013F0000E5AEC13F0000E5AEC13F0960E48
:104B180054EC13F0000E5AEC13F0000E5AEC13F09C
:104B2800000E5AEC13F0000E5AEC13F0000E5AEC7B
:104B380013F0000E5AEC13F0000E5AEC13F0000EAE
:104B48005AEC13F0000E5AEC13F0000E5AEC13F066
:104B5800000E5AEC13F0000E5AEC13F0000E5AEC4B
:104B680013F0000E5AEC13F0000E5AEC13F0000E7E
:104B78005AEC13F0000E5AEC13F0970E54EC13F0A5
:104B8800000E5AEC13F0000E5AEC13F0000E5AEC1B
:104B980013F0000E5AEC13F0000E5AEC13F0000E4E
:104BA8005AEC13F0000E5AEC13F0000E5AEC13F006
:104BB800000E5AEC13F0000E5AEC13F0000E5AECEB
:104BC80013F0000E5AEC13F0000E5AEC13F0000E1E
:104BD8005AEC13F0000E5AEC13F0000E5AEC13F0D6
:104BE800000E5AEC13F0980E54EC13F0000E5AEC29
:104BF80013F0000E5AEC13F0000E5AEC13F0000EEE
:104C08005AEC13F0000E5AEC13F0000E5AEC13F0A5
:104C1800000E5AEC13F0000E5AEC13F0000E5AEC8A
:104C280013F0000E5AEC13F0000E5AEC13F0000EBD
:104C38005AEC13F0000E5AEC13F0000E5AEC13F075
:104C4800000E5AEC13F0000E5AEC13F0000E5AEC5A
:104C580013F0990E54EC13F0000E5AEC13F0000EFA
:104C68005AEC13F0000E5AEC13F0000E5AEC13F045
:104C7800000E5AEC13F0000E5AEC13F0000E5AEC2A
:104C880013F0000E5AEC13F0000E5AEC13F0000E5D
:104C98005AEC13F0000E5AEC13F0000E5AEC13F015
:104CA800000E5AEC13F0000E5AEC13F0000E5AECFA
:104CB80013F0000E5AEC13F0000E5AEC13F09A0E93
:104CC80054EC13F0000E5AEC13F0000E5AEC13F0EB
:104CD800000E5AEC13F0000E5AEC13F0000E5AECCA
:104CE80013F0000E5AEC13F0000E5AEC13F0000EFD
:104CF8005AEC13F0000E5AEC13F0000E5AEC13F0B5
:104D0800000E5AEC13F0000E5AEC13F0000E5AEC99
:104D180013F0000E5AEC13F0000E5AEC13F0000ECC
:104D28005AEC13F0000E5AEC13F09C0E54EC13F0EE
:104D3800000E5AEC13F0000E5AEC13F0000E5AEC69
:104D480013F0000E5AEC13F0000E5AEC13F0000E9C
:104D58005AEC13F0000E5AEC13F0000E5AEC13F054
:104D6800000E5AEC13F0000E5AEC13F0000E5AEC39
:104D780013F0000E5AEC13F0000E5AEC13F0000E6C
:104D88005AEC13F0000E5AEC13F0000E5AEC13F024
:104D9800000E5AEC13F0000E5AEC13F0000E5AEC09
:104DA80013F0000E5AEC13F0000E5AEC13F0000E3C
:104DB8005AEC13F0000E5AEC13F0000E5AEC13F0F4
:104DC800000E5AEC13F0000E5AEC13F0000E5AECD9
:104DD80013F0000E5AEC13F0000E5AEC13F0000E0C
:104DE8005AEC13F0000E5AEC13F0000E5AEC13F0C4
:104DF800000E5AEC13F0000E5AEC13F0000E5AECA9
:104E080013F0000E5AEC13F0000E5AEC13F0000EDB
:104E18005AEC13F0000E5AEC13F0000E5AEC13F093
:104E2800000E5AEC13F0000E5AEC13F0000E5AEC78
:104E380013F0000E5AEC13F0000E5AEC13F0000EAB
:104E48005AEC13F0000E5AEC13F0000E5AEC13F063
:104E5800000E5AEC13F0000E5AEC13F0000E5AEC48
:104E680013F0000E5AEC13F0000E5AEC13F0000E7B
:104E78005AEC13F0000E5AEC13F0000E5AEC13F033
:104E8800000E5AEC13F0000E5AEC13F0000E5AEC18
:104E980013F0000E5AEC13F0000E5AEC13F0000E4B
:104EA8005AEC13F0000E5AEC13F0000E5AEC13F003
:104EB800000E5AEC13F0000E5AEC13F0000E5AECE8
:104EC80013F0000E5AEC13F0000E5AEC13F0000E1B
:104ED8005AEC13F0000E5AEC13F0000E5AEC13F0D3
:104EE800000E5AEC13F0000E5AEC13F0000E5AECB8
:104EF80013F0000E5AEC13F0000E5AEC13F0000EEB
:104F08005AEC13F0000E5AEC13F0000E5AEC13F0A2
:104F1800000E5AEC13F0000E5AEC13F0000E5AEC87
:104F280013F0000E5AEC13F0000E5AEC13F0000EBA
:104F38005AEC13F0000E5AEC13F0000E5AEC13F072
:104F4800000E5AEC13F0000E5AEC13F0000E5AEC57
:104F580013F0000E5AEC13F0000E5AEC13F0000E8A
:104F68005AEC13F0000E5AEC13F0000E5AEC13F042
:104F78009D0E54EC13F0000E5AEC13F0000E5AEC90
:104F880013F0000E5AEC13F0000E5AEC13F0000E5A
:104F98005AEC13F0000E5AEC13F0000E5AEC13F012
:104FA800000E5AEC13F0000E5AEC13F0000E5AECF7
:104FB80013F0000E5AEC13F0000E5AEC13F0000E2A
:104FC8005AEC13F0000E5AEC13F0000E5AEC13F0E2
:104FD800000E5AEC13F0000E5AEC13F0000E5AECC7
:104FE80013F0000E5AEC13F0000E5AEC13F0000EFA
:104FF8005AEC13F0000E5AEC13F0000E5AEC13F0B2
:10500800000E5AEC13F0000E5AEC13F0000E5AEC96
:1050180013F0000E5AEC13F0000E5AEC13F0000EC9
:105028005AEC13F0000E5AEC13F0000E5AEC13F081
:10503800000E5AEC13F0000E5AEC13F0000E5AEC66
:1050480013F0000E5AEC13F0000E5AEC13F0000E99
:105058005AEC13F0000E5AEC13F0000E5AEC13F051
:10506800000E5AEC13F0000E5AEC13F0000E5AEC36
:1050780013F0000E5AEC13F0000E5AEC13F0000E69
:105088005AEC13F0000E5AEC13F0000E5AEC13F021
:10509800000E5AEC13F0000E5AEC13F0000E5AEC06
:1050A80013F0000E5AEC13F0000E5AEC13F0000E39
:1050B8005AEC13F0000E5AEC13F0000E5AEC13F0F1
:1050C800000E5AEC13F0000E5AEC13F0000E5AECD6
:1050D80013F0000E5AEC13F0000E5AEC13F0000E09
:1050E8005AEC13F0000E5AEC13F0000E5AEC13F0C1
:1050F800000E5AEC13F0000E5AEC13F0000E5AECA6
:1051080013F0000E5AEC13F0000E5AEC13F0000ED8
:105118005AEC13F0000E5AEC13F0000E5AEC13F090
:10512800000E5AEC13F0000E5AEC13F0000E5AEC75
:1051380013F0000E5AEC13F0000E5AEC13F0000EA8
:105148005AEC13F0000E5AEC13F0000E5AEC13F060
:10515800000E5AEC13F0000E5AEC13F0000E5AEC45
:1051680013F0000E5AEC13F0000E5AEC13F0000E78
:105178005AEC13F0000E5AEC13F0000E5AEC13F030
:10518800000E5AEC13F0000E5AEC13F0000E5AEC15
:1051980013F0000E5AEC13F0000E5AEC13F0000E48
:1051A8005AEC13F0000E5AEC13F0000E5AEC13F000
:1051B800000E5AEC13F0000E5AEC13F0000E5AECE5
:1051C80013F0000E5AEC13F0000E5AEC13F0000E18
:1051D8005AEC13F0000E5AEC13F0000E5AEC13F0D0
:1051E800000E5AEC13F0000E5AEC13F0000E5AECB5
:1051F80013F0000E5AEC13F0000E5AEC13F0000EE8
:105208005AEC13F0000E5AEC13F0000E5AEC13F09F
:10521800000E5AEC13F0000E5AEC13F0000E5AEC84
:1052280013F0000E5AEC13F0000E5AEC13F0000EB7
:105238005AEC13F0000E5AEC13F0000E5AEC13F06F
:10524800000E5AEC13F0000E5AEC13F0000E5AEC54
:1052580013F0000E5AEC13F0000E5AEC13F0000E87
:105268005AEC13F0000E5AEC13F0000E5AEC13F03F
:10527800000E5AEC13F0B60E54EC13F0000E5AEC74
:1052880013F0020E5AEC13F0020E5AEC13F0020E51
:105298005AEC13F0020E5AEC13F0020E5AEC13F00B
:1052A800020E5AEC13F0000E5AEC13F00F0E5AECE3
:1052B80013F00F0E5AEC13F00F0E5AEC13F00F0EFA
:1052C8005AEC13F00F0E5AEC13F00F0E5AEC13F0C1
:1052D800B90E54EC13F0000E5AEC13F0000E5AEC11
:1052E80013F0000E5AEC13F0000E5AEC13F0000EF7
:1052F8005AEC13F0000E5AEC13F0000E5AEC13F0AF
:10530800000E5AEC13F0000E5AEC13F0000E5AEC93
:1053180013F0000E5AEC13F0000E5AEC13F0000EC6
:105328005AEC13F0000E5AEC13F0000E5AEC13F07E
:10533800000E5AEC13F0000E5AEC13F0000E5AEC63
:1053480013F0000E5AEC13F0000E5AEC13F0000E96
:105358005AEC13F0000E5AEC13F0000E5AEC13F04E
:10536800000E5AEC13F0000E5AEC13F0000E5AEC33
:1053780013F0000E5AEC13F0000E5AEC13F0000E66
:105388005AEC13F0000E5AEC13F0000E5AEC13F01E
:10539800000E5AEC13F0000E5AEC13F0000E5AEC03
:1053A80013F0000E5AEC13F0000E5AEC13F0000E36
:1053B8005AEC13F0000E5AEC13F0000E5AEC13F0EE
:1053C800000E5AEC13F0000E5AEC13F0000E5AECD3
:1053D80013F0000E5AEC13F0000E5AEC13F0000E06
:1053E8005AEC13F0000E5AEC13F0000E5AEC13F0BE
:1053F800000E5AEC13F0000E5AEC13F0000E5AECA3
:1054080013F0000E5AEC13F0000E5AEC13F0000ED5
:105418005AEC13F0000E5AEC13F0000E5AEC13F08D
:10542800000E5AEC13F0000E5AEC13F0000E5AEC72
:1054380013F0000E5AEC13F0000E5AEC13F0000EA5
:105448005AEC13F0000E5AEC13F0000E5AEC13F05D
:10545800000E5AEC13F0000E5AEC13F0000E5AEC42
:1054680013F0000E5AEC13F0000E5AEC13F0000E75
:105478005AEC13F0000E5AEC13F0000E5AEC13F02D
:10548800000E5AEC13F0000E5AEC13F0000E5AEC12
:1054980013F0000E5AEC13F0000E5AEC13F0000E45
:1054A8005AEC13F0000E5AEC13F0000E5AEC13F0FD
:1054B800000E5AEC13F0000E5AEC13F0000E5AECE2
:1054C80013F0000E5AEC13F0000E5AEC13F0000E15
:1054D8005AEC13F0000E5AEC13F0000E5AEC13F0CD
:1054E800000E5AEC13F0000E5AEC13F0000E5AECB2
:1054F80013F0000E5AEC13F0000E5AEC13F0000EE5
:105508005AEC13F0000E5AEC13F0000E5AEC13F09C
:10551800000E5AEC13F0000E5AEC13F0BC0E54ECCB
:1055280013F0000E5AEC13F0010E5AEC13F0230E90
:105538005AEC13F0450E5AEC13F0670E5AEC13F0C0
:10554800010E5AEC13F0230E5AEC13F0450E5AECE8
:1055580013F0670E5AEC13F0000E5AEC13F0000E1D
:105568005AEC13F0000E5AEC13F0000E5AEC13F03C
:10557800000E5AEC13F0000E5AEC13F0000E5AEC21
:1055880013F0BF0E54EC13F0000E5AEC13F0000E9B
:105598005AEC13F0000E5AEC13F0000E5AEC13F00C
:1055A800000E5AEC13F0000E5AEC13F0000E5AECF1
:1055B80013F0000E5AEC13F0000E5AEC13F0000E24
:1055C8005AEC13F0000E5AEC13F0000E5AEC13F0DC
:1055D800000E5AEC13F0000E5AEC13F0000E5AECC1
:1055E80013F0000E5AEC13F0000E5AEC13F0000EF4
:1055F8005AEC13F0000E5AEC13F0000E5AEC13F0AC
:10560800000E5AEC13F0000E5AEC13F0000E5AEC90
:1056180013F0000E5AEC13F0000E5AEC13F0000EC3
:105628005AEC13F0000E5AEC13F0000E5AEC13F07B
:10563800000E5AEC13F0000E5AEC13F0C80E54EC9E
:1056480013F0000E5AEC13F0000E5AEC13F0000E93
:105658005AEC13F0CF0E54EC13F0010E5AEC13F081
:10566800DD0E54EC13F0000E5AEC13F0000E5AEC59
:1056780013F0000E5AEC13F0000E5AEC13F0000E63
:105688005AEC13F0000E5AEC13F0000E5AEC13F01B
:10569800000E5AEC13F0E50E54EC13F0000E5AEC21
:1056A80013F0000E5AEC13F0000E5AEC13F0000E33
:1056B8005AEC13F0000E5AEC13F0000E5AEC13F0EB
:1056C800E60E54EC13F08C0E5AEC13F0000E5AEC64
:1056D80013F0000E5AEC13F0E80E54EC13F0000E21
:1056E8005AEC13F0EF0E54EC13F0000E5AEC13F0D2
:1056F800110E5AEC13F0320E5AEC13F0FF0E5AEC5E
:1057080013F0010E5AEC13F0320E5AEC13F0FF0EA0
:105718005AEC13F0010E5AEC13F0FB0E54EC13F094
:10572800100E5AEC13F0050E5AEC13F0010E5AEC59
:1057380013F0000E5AEC13F0050E5AEC13F0000E9D
:105748005AEC13F0FC0E54EC13F0000E5AEC13F064
:10575800000E5AEC13F0000E5AEC13F00001120080
:10576800486F410A74E0030A78E0010A7DE0070AFD
:10577800D8B481D0010AD8B485D0030AD8B489D066
:10578800010AD8B48DD00F0AD8B491D0010AD8B480
:1057980096D0030AD8B49BD0010AD8B4A0D0070A7F
:1057A800D8B4A5D0010AD8B4AAD0030AD8B4AFD0C7
:1057B800010AD8B4B4D01F0AD8B4B9D0010AD8B4F1
:1057C800BED0030AD8B4C3D0010AD8B4C8D0070AD7
:1057D800D8B4CDD0010AD8B4D2D0030AD8B4D7D01F
:1057E800010AD8B4DCD00F0AD8B4E1D0010AD8B481
:1057F800E6D0030AD8B4EBD0770AD8B4F0D00D0AB3
:10580800D8B4F5D0100AD8B4FAD0010AD8B4FFD069
:10581800030AD8B404D1010AD8B409D1070AD8B404
:105828000ED1010AD8B413D1030AD8B418D1010A89
:10583800D8B41DD10F0AD8B422D1010AD8B427D1BF
:10584800170AD8B42CD1140AD8B431D137D10001F1
:10585800846B856B140E866F31D12E0E0001846F18
:10586800856B100E866F2AD1530E0001846F856BED
:10587800140E866F23D1810E0001846F856B140E80
:10588800866F1CD1AF0E0001846F856B100E866F7A
:1058980015D1D40E0001846F856B100E866F0ED162
:1058A800F90E0001846F856B140E866F07D1270EE1
:1058B8000001846F010E856F100E866FFFD04C0EAD
:1058C8000001846F010E856F080E866FF7D05F0E9A
:1058D8000001846F010E856F100E866FEFD0840E65
:1058E8000001846F010E856F140E866FE7D0B20E2B
:1058F8000001846F010E856F100E866FDFD0D70E02
:105908000001846F010E856F140E866FD7D0050EC7
:105918000001846F020E856F100E866FCFD02A0E9D
:105928000001846F020E856F140E866FC7D0580E63
:105938000001846F020E856F100E866FBFD07D0E3A
:105948000001846F020E856F140E866FB7D0B00EFB
:105958000001846F020E856F100E866FAFD0D50ED2
:105968000001846F020E856F100E866FA7D0FA0EA5
:105978000001846F020E856F100E866F9FD01F0E78
:105988000001846F030E856F100E866F97D0440E4A
:105998000001846F030E856F140E866F8FD0720E10
:1059A8000001846F030E856F200E866F87D0BB0EB3
:1059B8000001846F030E856F140E866F7FD0E90E89
:1059C8000001846F030E856F140E866F77D0170E53
:1059D8000001846F040E856F100E866F6FD03C0E29
:1059E8000001846F040E856F080E866F67D0D50E90
:1059F8000001846F100E856F080E866F5FD04F0E02
:105A08000001846F040E856F100E866F57D0740ED8
:105A18000001846F040E856F100E866F4FD0990EAB
:105A28000001846F040E856F100E866F47D0BE0E7E
:105A38000001846F040E856F100E866F3FD0E30E51
:105A48000001846F040E856F100E866F37D0080E24
:105A58000001846F050E856F100E866F2FD02D0EF6
:105A68000001846F050E856F100E866F27D0520EC9
:105A78000001846F050E856F100E866F1FD0770E9C
:105A88000001846F050E856F100E866F17D09C0E6F
:105A98000001846F050E856F100E866F0FD0C10E42
:105AA8000001846F050E856F080E866F07D0D40E2F
:105AB8000001846F050E856F080E866F02011200C3
:105AC800486F300A13E0010A19E0030A1FE0010ACF
:105AD80025E0070A2BE0010A31E0030A37E0010A52
:105AE8003DE00F0A43E0010A49E04FD0E70E00010C
:105AF800846F050E856F280E866F47D0BA0E000199
:105B0800846F060E856F280E866F3FD08D0E0001BC
:105B1800846F070E856F280E866F37D0600E0001E0
:105B2800846F080E856F280E866F2FD0330E000104
:105B3800846F090E856F280E866F27D0060E000128
:105B4800846F0A0E856F280E866F1FD0D90E00014C
:105B5800846F0A0E856F280E866F17D0AC0E000171
:105B6800846F0B0E856F280E866F0FD07F0E000195
:105B7800846F0C0E856F280E866F07D0520E0001B9
:105B8800846F0D0E856F280E866F02011200436B1D
:105B9800446B456B466B466B3E5146611DD047A131
:105BA8000AD046513C25486F000E3D21496FDBEC79
:105BB8005BF086DF09D046513C25486F000E3D2139
:105BC800496FDBEC5BF0CCDD000186510201432715
:105BD800040E4327462BE0D7040E435F790E43613A
:105BE800120043517808446FD8904433030E44158B
:105BF800456F455301E04427466B3E51466151D0FD
:105C080047A124D046513C25486F000E3D21496FDD
:105C1800DBEC5BF055DF44C248F2496B3BC24AF209
:105C28004B6B86C04CF24D6B2A0E4E6F4F6B84C087
:105C380050F285C051F23FC252F240C253F241C203
:105C480054F242C255F2BDEC13F023D046513C2524
:105C5800486F000E3D21496FDBEC5BF081DD44C2EB
:105C680048F2496B3BC24AF24B6B86C04CF24D6B13
:105C7800120E4E6F4F6B84C050F285C051F23FC276
:105C880052F240C253F241C254F242C255F2BDEC44
:105C980013F00001865102014427040E4427462BC5
:105CA800ACD712000201296F1C0E2A6F0001BC51EB
:105CB80003E0010A1BE032D02AC248F20201496B14
:105CC80029C24AF24B6B400E4C6F4D6B200E4E6F43
:105CD8004F6B250E506F130E516FE00E526F070E6B
:105CE800536F546B556BBDEC13F018D02AC248F2B1
:105CF8000201496B29C24AF24B6B400E4C6F4D6B47
:105D0800200E4E6F4F6B260E506F140E516FE00E23
:105D1800526F5369546B556BBDEC13F002011200BE
:105D28002AC23BF22BC23CF23C0E57EC0AF03BC2B3
:105D38002CF22AC23BF22BC23CF23C0E99EC0AF040
:105D48002D6F2CC23BF23C6B0A0E57EC0AF03BC29B
:105D58002EF22CC23BF23C6B0A0E99EC0AF02F6F24
:105D68002DC23BF23C6B0A0E57EC0AF03BC230F2F4
:105D78002DC23BF23C6B0A0E99EC0AF0316F300EE3
:105D88002E25326F300E2F25336F3A0E346F300EBA
:105D98003025356F300E3125366F29C23BF2320E71
:105DA8003C6F020E3D6F050E3E6F47913F6940699B
:105DB800416B426BECD6296F8FC03BF290C03CF22E
:105DC80091C03DF2E80E3E6F030E3F6F80EC0AF083
:105DD8003BC22AF23CC22BF28FC03BF290C03CF28D
:105DE80091C03DF2E80E3E6F030E3F6FABEC0AF038
:105DF80040C22CF241C22DF22AC23BF22BC23CF225
:105E0800640E57EC0AF03BC22EF22AC23BF22BC2B8
:105E18003CF2640E99EC0AF02F6F2FC23BF23C6BF8
:105E28000A0E57EC0AF03BC230F22FC23BF23C6B31
:105E38000A0E99EC0AF0316F2CC23BF22DC23CF2EB
:105E4800640E57EC0AF03BC232F22CC23BF22DC270
:105E58003CF2640E99EC0AF0336F33C23BF23C6BB0
:105E68000A0E57EC0AF03BC234F233C23BF23C6BE9
:105E78000A0E99EC0AF0356F300E3025366F300E69
:105E88003125376F300E3225386F300E3425396F93
:105E9800300E35253A6F29C23BF2360E3C6F020EA2
:105EA8003D6F050E3E6F47913F694069416B426BFC
:105EB8006ED62AC23BF23C6B0A0E57EC0AF03BC284
:105EC8002DF22AC23BF23C6B0A0E99EC0AF02E6FB7
:105ED8002DC23BF23C6B0A0E57EC0AF03BC22FF284
:105EE8002DC23BF23C6B0A0E99EC0AF0306F2F532F
:105EF80004E0300E2F25316F02D0300E316F300E96
:105F08003025326F2E0E336F300E2E25346F29C296
:105F18003BF2310E3C6F020E3D6F040E3E6F47910F
:105F28002BC23FF22CC240F2416B426B30D67FCF7E
:105F38003BF202013C6B0A0E57EC0AF03BC27FFFB2
:105F48007FCF3BF23C6B0A0E99EC0AF07F6E7FCF55
:105F58003BF23C6B0A0E57EC0AF03BC27FFF7FCF47
:105F68003BF23C6B0A0E99EC0AF07F6E300E7F24F0
:105F78007F6E300E7F247F6E300E7F247F6E7FCF42
:105F88003BF27F0E3C6F0F0E3D6F030E3E6F479145
:105F98007FCF3FF27FCF40F2416B426BF8D51A0EAC
:105FA8002C25306F2D51010A13E0030A32E0020A52
:105FB80050E0030A6FE0060AD8B48DD0030AD8B4BB
:105FC800ABD0020AD8B4C9D0030AD8B4E7D006D1F6
:105FD8002CC23BF2040E3C6F800E3D6F040E3E6FE8
:105FE80047912EC23FF22FC240F2416B426BCFDD88
:105FF80030C23BF28A0E3C6F800E3D6F040E3E6F3E
:1060080047912EC23FF22FC240F2416B426BBFDD77
:10601800E5D02CC23BF23C6B800E3D6F030E3E6F09
:1060280047912EC23FF22FC240F2416B426BAFDD67
:1060380030C23BF2040E3C6F800E3D6F040E3E6F83
:1060480047912EC23FF22FC240F2416B426B9FDD57
:10605800C5D02CC23BF2090E3C6F800E3D6F030E7B
:106068003E6F47912EC23FF22FC240F2416B426B06
:106078008EDD30C23BF26A0E3C6F800E3D6F040E1F
:106088003E6F47912EC23FF22FC240F2416B426BE6
:106098007EDDA4D02CC23BF20D0E3C6F800E3D6F0E
:1060A800040E3E6F47912EC23FF22FC240F2416B61
:1060B800426B6DDD30C23BF26A0E3C6F800E3D6F65
:1060C800040E3E6F47912EC23FF22FC240F2416B41
:1060D800426B5DDD83D02CC23BF28A0E3C6F800E92
:1060E8003D6F040E3E6F47912EC23FF22FC240F221
:1060F800416B426B4CDD30C23BF2120E3C6F800E9E
:106108003D6F040E3E6F47912EC23FF22FC240F200
:10611800416B426B3CDD62D02CC23BF2490E3C6FB6
:10612800800E3D6F050E3E6F47912EC23FF22FC283
:1061380040F2416B426B2BDD30C23BF26A0E3C6F82
:10614800800E3D6F040E3E6F47912EC23FF22FC264
:1061580040F2416B426B1BDD41D02CC23BF2170E63
:106168003C6F800E3D6F040E3E6F47912EC23FF28A
:106178002FC240F2416B426B0ADD30C23BF28A0EFD
:106188003C6F800E3D6F040E3E6F47912EC23FF26A
:106198002FC240F2416B426BFADC20D02CC23BF29A
:1061A8009A0E3C6F800E3D6F030E3E6F47912EC2D4
:1061B8003FF22FC240F2416B426BE9DC30C23BF246
:1061C8001C0E3C6F800E3D6F040E3E6F47912EC231
:1061D8003FF22FC240F2416B426BD9DC12002B6FA9
:1061E800080E2C6F2CC22DF22E6B29C22FF2306BA9
:1061F800680E316F326B190E336F346B356B366B3B
:106208007BEC13F02A510BE0010A21E0030A38E085
:10621800010A4EE0070A65E0010A7CE093D02CC22F
:1062280048F2496B29C24AF24B6B680E4C6F4D6BB2
:106238002BC24EF24F6BD00E506F170E516F526B30
:10624800F80E536F546B556BBDEC13F07BD02CC21A
:1062580048F2496B29C24AF24B6B680E4C6F4D6B82
:106268002BC24EF24F6B410E506F1A0E516F200E1B
:10627800526FFD0E536F546B556BBDEC13F062D02B
:106288002CC248F2496B29C24AF24B6B680E4C6F1C
:106298004D6B2BC24EF24F6BB20E506F1C0E516FEE
:1062A800E00E526F5369546B556BBDEC13F04AD036
:1062B8002CC248F2496B29C24AF24B6B680E4C6FEC
:1062C8004D6B2BC24EF24F6B230E506F1F0E516F4A
:1062D800E00E526F070E536F546B556BBDEC13F005
:1062E80031D02CC248F2496B29C24AF24B6B680E76
:1062F8004C6F4D6B2BC24EF24F6B940E506F210EAC
:10630800516FE00E526F070E536F546B556BBDEC17
:1063180013F018D02CC248F2496B29C24AF24B6BD1
:10632800680E4C6F4D6B2BC24EF24F6B050E506FC3
:10633800240E516FE00E526F070E536F546B556B5E
:10634800BDEC13F01200286B285107E0010AD8B4FD
:1063580092D0030AD8B48FD08ED0380E54EC13F0F4
:106368002D6B2E6B2F6B306B780E316F326BF00EFE
:10637800336F346B356B366B7BEC13F000016CAB11
:106388003CD01C0E0201486F496B2F0E4A6F4B6BB5
:10639800400E4C6F4D6B550E4E6F4F6B270E506F66
:1063A800150E516F290E526FA50E536F546B556B16
:1063B800BDEC13F0950E3B6F210E3C6F800E3D6FC8
:1063C800040E3E6F4791290E3F6FA50E406F416B3B
:1063D800426BCBEC2DF0AF0E3B6FF20E3C6F800E94
:1063E8003D6F020E3E6F4791290E3F6FA50E406F1D
:1063F800416B426BCBEC2DF03BD00C0E0201486F89
:10640800496B2E0E4A6F4B6B600E4C6F4D6B570EDF
:106418004E6F4F6B100E506F0F0E516F290E526F4B
:10642800A50E536F546B556BBDEC13F0950E3B6F77
:106438002B0E3C6F800E3D6F030E3E6F4791290E69
:106448003F6FA50E406F416B426BCBEC2DF0AF0E4A
:106458003B6FF20E3C6F800E3D6F020E3E6F479110
:10646800290E3F6FA50E406F416B426BCBEC2DF0B0
:10647800390E54EC13F012000A0E02017803F3CF20
:1064880028F2795128272D6B2E6B2F6B306B780EE5
:10649800316F326BF00E336F346B356B366B7BECD0
:1064A80013F00001BC6B0B0E56EC2EF08B532EE054
:1064B8003D0E3B6FAC0E3C6F800E3D6F040E3E6F81
:1064C8004791290E3F6FA50E406F416B426BCBEC95
:1064D8002DF0590E296F9AC22AF29BC22BF220DCAA
:1064E8007A0E2C6F77C22DF2290E2E6FA50E2F6F04
:1064F80056DD774D07D0AE0E296F28C22AF22B69D8
:106508002C69D7DCB9EC3FF0020156D0895329E059
:106518003D0E3B6F5B0E3C6F800E3D6F050E3E6F70
:106528004791290E3F6FA50E406F416B426BCBEC34
:106538002DF0590E40DC7A0E2C6F77C22DF2290E01
:106548002E6FA50E2F6F2BDD774D07D0AE0E296F5E
:1065580028C22AF22B692C69ACDCB9EC3FF00201A5
:106568002BD0080E486F496B3D0E4A6F4B6B680E77
:106578004C6F4D6B120E4E6F4F6B250E506F0E0EFB
:10658800516F52695369546B556BBDEC13F0620E31
:106598002C6F77C22DF2290E2E6FA50E2F6FFFDC00
:1065A800774D07D09C0E296F28C22AF22B692C69D7
:1065B80080DCB9EC3FF00201120002012D6B2E6B5A
:1065C8002F6B306B780E316F326BF00E336F346B8C
:1065D800356B366B7BEC13F0080E3B6F260E3C6F69
:1065E800800E3D6F040E3E6F4791290E3F6FA50E3A
:1065F800406F416B426BCBEC2DF0080E486F496B36
:10660800200E4A6F4B6B680E4C6F4D6B040E4E6F2D
:106618004F6B760E506F260E516F290E526FA50ED6
:10662800536F546B556BBDEF13F02D6B2E6B2F6BA7
:10663800306B780E316F326BF00E336F346B356B15
:10664800366B7BEC13F0080E2D6FD1C02EF2290E9D
:106658002F6FA50E306FAED8080E486F496B3A0EF3
:106668004A6F4B6B680E4C6F4D6B040E4E6F4F6B41
:10667800760E506F260E516F290E526FA50E536F6E
:10668800546B556BBDEF13F02D6B2E6B2F6B306B6E
:10669800780E316F326BF00E336F346B356B366BAF
:1066A8007BEC13F00C0E486F496B2E0E4A6F4B6B48
:1066B800600E4C6F4D6B570E4E6F4F6B100E506F38
:1066C8000F0E516F290E526FA50E536F546B556BF9
:1066D800BDEC13F0950E3B6F2B0E3C6F800E3D6F9B
:1066E800030E3E6F4791290E3F6FA50E406F416B19
:1066F800426BCBEC2DF0AF0E3B6FEE0E3C6F800E75
:106708003D6F030E3E6F4791290E3F6FA50E406FF8
:10671800416B426BCBEF2DF002012D6F2E6B2D518B
:1067280007E0010A08E0030A09E0010A0AE00BD0C1
:10673800300E2E6F08D0620E2E6F05D0940E2E6F7D
:1067480002D0C60E2E6F2E5112003A6F3B6B3A5193
:106758000BE0010A0CE0030A0DE0010A0EE0070A4B
:106768000FE0010A10E011D0480E3B6F0ED0620E08
:106778003B6F0BD07C0E3B6F08D0960E3B6F05D05D
:10678800B00E3B6F02D0CA0E3B6F3B5112002D6F0B
:106798002E6B2D5105E0010A06E0030A07E008D038
:1067A800480E2E6F05D07A0E2E6F02D0AC0E2E6FCB
:1067B8002E511200180E2D25316F2E513FE0010A7F
:1067C80060E0030AD8B480D0010AD8B4A0D0070A80
:1067D800D8B4C0D0010AD8B4E0D0030AD8B400D1E4
:1067E800010AD8B420D10F0AD8B440D1010AD8B4CC
:1067F80060D1030AD8B480D1010AD8B4A0D1070A5D
:10680800D8B4C0D1010AD8B4E0D1030AD8B400D2B0
:10681800010AD8B420D21F0AD8B440D2010AD8B489
:1068280060D2030AD8B480D2010AD8B4A0D2070A29
:10683800D8B4C0D2010AD8B4E0D201D32DC23BF2F9
:106848002F0E3C6F800E3D6F040E3E6F47912FC296
:106858003FF230C240F2416B426BCBEC2DF031C2BB
:106868003BF26A0E3C6F800E3D6F040E3E6F4791FF
:106878002FC23FF230C240F2416B426BCBEC2DF09D
:10688800DED22DC23BF2340E3C6F800E3D6F050EFA
:106898003E6F47912FC23FF230C240F2416B426BCC
:1068A800CBEC2DF031C23BF29A0E3C6F800E3D6F5F
:1068B800030E3E6F47912FC23FF230C240F2416B48
:1068C800426BCBEC2DF0BBD22DC23BF2100E3C6FCD
:1068D800810E3D6F030E3E6F47912FC23FF230C2CB
:1068E80040F2416B426BCBEC2DF031C23BF23A0ED9
:1068F8003C6F800E3D6F050E3E6F47912FC23FF2F1
:1069080030C240F2416B426BCBEC2DF098D22DC2D5
:106918003BF2100E3C6F810E3D6F030E3E6F4791A8
:106928002FC23FF230C240F2416B426BCBEC2DF0EC
:1069380031C23BF2400E3C6F800E3D6F040E3E6F3D
:1069480047912FC23FF230C240F2416B426BCBEC11
:106958002DF075D22DC23BF2450E3C6F800E3D6F77
:10696800030E3E6F47912FC23FF230C240F2416B97
:10697800426BCBEC2DF031C23BF2100E3C6F810E16
:106988003D6F030E3E6F47912FC23FF230C240F277
:10699800416B426BCBEC2DF052D22DC23BF2490E2B
:1069A8003C6F800E3D6F050E3E6F47912FC23FF240
:1069B80030C240F2416B426BCBEC2DF031C23BF25E
:1069C8004F0E3C6F800E3D6F050E3E6F47912FC2F4
:1069D8003FF230C240F2416B426BCBEC2DF02FD22C
:1069E8002DC23BF25B0E3C6F800E3D6F050E3E6F75
:1069F80047912FC23FF230C240F2416B426BCBEC61
:106A08002DF031C23BF2550E3C6F800E3D6F050EE6
:106A18003E6F47912FC23FF230C240F2416B426B4A
:106A2800CBEC2DF00CD22DC23BF25B0E3C6F800EEE
:106A38003D6F050E3E6F47912FC23FF230C240F2C4
:106A4800416B426BCBEC2DF031C23BF2610E3C6FD7
:106A5800800E3D6F040E3E6F47912FC23FF230C249
:106A680040F2416B426BCBEC2DF0E9D12DC23BF2E9
:106A7800660E3C6F800E3D6F030E3E6F47912FC22E
:106A88003FF230C240F2416B426BCBEC2DF031C289
:106A98003BF26A0E3C6F800E3D6F040E3E6F4791CD
:106AA8002FC23FF230C240F2416B426BCBEC2DF06B
:106AB800C6D12DC23BF26F0E3C6F800E3D6F040EA7
:106AC8003E6F47912FC23FF230C240F2416B426B9A
:106AD800CBEC2DF031C23BF2740E3C6F800E3D6F53
:106AE800030E3E6F47912FC23FF230C240F2416B16
:106AF800426BCBEC2DF0A3D12DC23BF2780E3C6F4C
:106B0800800E3D6F050E3E6F47912FC23FF230C297
:106B180040F2416B426BCBEC2DF031C23BF27E0E62
:106B28003C6F800E3D6F030E3E6F47912FC23FF2C0
:106B380030C240F2416B426BCBEC2DF080D12DC2BC
:106B48003BF2820E3C6F800E3D6F040E3E6F479104
:106B58002FC23FF230C240F2416B426BCBEC2DF0BA
:106B680031C23BF2870E3C6F800E3D6F020E3E6FC6
:106B780047912FC23FF230C240F2416B426BCBECDF
:106B88002DF05DD12DC23BF28A0E3C6F800E3D6F19
:106B9800040E3E6F47912FC23FF230C240F2416B64
:106BA800426BCBEC2DF031C23BF2940E3C6F800E61
:106BB8003D6F050E3E6F47912FC23FF230C240F243
:106BC800416B426BCBEC2DF03AD12DC23BF28F0ECC
:106BD8003C6F800E3D6F040E3E6F47912FC23FF20F
:106BE80030C240F2416B426BCBEC2DF031C23BF22C
:106BF800940E3C6F800E3D6F050E3E6F47912FC27D
:106C08003FF230C240F2416B426BCBEC2DF017D112
:106C18002DC23BF29E0E3C6F800E3D6F040E3E6F00
:106C280047912FC23FF230C240F2416B426BCBEC2E
:106C38002DF031C23BF29A0E3C6F800E3D6F030E71
:106C48003E6F47912FC23FF230C240F2416B426B18
:106C5800CBEC2DF0F4D02DC23BF29E0E3C6F800E93
:106C68003D6F040E3E6F47912FC23FF230C240F293
:106C7800416B426BCBEC2DF031C23BF2A80E3C6F5E
:106C8800800E3D6F030E3E6F47912FC23FF230C218
:106C980040F2416B426BCBEC2DF0D1D02DC23BF2D0
:106CA800A30E3C6F800E3D6F040E3E6F47912FC2BE
:106CB8003FF230C240F2416B426BCBEC2DF031C257
:106CC8003BF2B10E3C6F800E3D6F030E3E6F479155
:106CD8002FC23FF230C240F2416B426BCBEC2DF039
:106CE800AED02DC23BF2AC0E3C6F800E3D6F040E51
:106CF8003E6F47912FC23FF230C240F2416B426B68
:106D0800CBEC2DF031C23BF2A80E3C6F800E3D6FEC
:106D1800030E3E6F47912FC23FF230C240F2416BE3
:106D2800426BCBEC2DF08BD02DC23BF2AC0E3C6FFE
:106D3800800E3D6F040E3E6F47912FC23FF230C266
:106D480040F2416B426BCBEC2DF031C23BF2B10EFD
:106D58003C6F800E3D6F030E3E6F47912FC23FF28E
:106D680030C240F2416B426BCBEC2DF068D02DC2A3
:106D78003BF2B50E3C6F800E3D6F040E3E6F47919F
:106D88002FC23FF230C240F2416B426BCBEC2DF088
:106D980031C23BF2BA0E3C6F800E3D6F030E3E6F60
:106DA80047912FC23FF230C240F2416B426BCBECAD
:106DB8002DF045D02DC23BF2BE0E3C6F800E3D6FCC
:106DC800030E3E6F47912FC23FF230C240F2416B33
:106DD800426BCBEC2DF031C23BF2C20E3C6F800E01
:106DE8003D6F050E3E6F47912FC23FF230C240F211
:106DF800416B426BCBEC2DF022D02DC23BF2C80E7A
:106E08003C6F800E3D6F030E3E6F47912FC23FF2DD
:106E180030C240F2416B426BCBEC2DF031C23BF2F9
:106E2800CC0E3C6F800E3D6F050E3E6F47912FC212
:106E38003FF230C240F2416B426BCBEC2DF01200B6
:106E48002D6B2E6B300E2F6F306B780E316F326BCF
:106E5800C00E336F346B356B366B7BEC13F02B6BDA
:106E6800040E2B612BD0290E296FA50E2A6F2B67D4
:106E780005D02CA103D02969070E2A6F150E2861A9
:106E880010D02B5149DC2D6F28C22EF229C22FF2C7
:106E98002AC230F28FDC28511DEC43F00201286F22
:106EA8000BD02B5139DC2D6F28C22EF229C22FF2BC
:106EB8002AC230F27FDC02D02B2BD2D7000112007D
:106EC800E1EC32F0D5C028F22C91BADFD65124DC9F
:106ED8002D6FD1C02EF22F69070E306F6BD4286F3B
:106EE80028C23BF23C6B030E99EC0AF0296F290E7D
:106EF8002A6FA50E2B6F296718D02A69070E2B6FEA
:106F0800000E45DC2C6F2D6B2E6B2CC22FF2306BD4
:106F1800780E316F326B2C51F008336F000E346BE2
:106F28003457356B366B7BEC13F0285107E0010AB8
:106F380005E0030A03E0010A22E02CD0000E27DC5A
:106F48002C6F2D6B2AC22EF22BC22FF2D3EC2FF00E
:106F5800010E1DDC2C6F010E2D6F290E2E6FA50E54
:106F68002F6FD3EC2FF0020E12DC2C6F020E2D6F58
:106F7800290E2E6FA50E2F6FD3EC2FF00BD0000E1D
:106F880006DC2C6F030E2D6F2AC22EF22BC22FF2B5
:106F9800D3EC2FF0295317E02905CBEC33F02C6FF5
:106FA80028052D6F290E2E6FA50E2F6FD3EC2FF00D
:106FB8002951CBEC33F02C6F28C22DF22E69070E25
:106FC8002F6FD3EF2FF012007F5007E0010A17E070
:106FD800030A26E0010A36E046D07FCF3BF2EE0EE8
:106FE8003C6F800E3D6F030E3E6F47917FCF3FF29F
:106FF8007FCF40F2416B426BCBEC2DF034D07FCF8A
:107008003BF23C69800E3D6F030E3E6F47917FCF88
:107018003FF27FCF40F2416B426BCBEC2DF023D097
:107028007FCF3BF2030E3C6F810E3D6F030E3E6F28
:1070380047917FCF3FF27FCF40F2416B426BCBEC61
:107048002DF011D07FCF3BF2070E3C6F810E3D6FC4
:10705800040E3E6F47917FCF3FF27FCF40F2416BE6
:10706800426BCBEC2DF012007F6E030E7F147F6E07
:10707800290E7F6EA50E7F6E7F50020119E17F6891
:10708800070E7F6E000EA9EC33F07F6E2D6B2E6B12
:107098007FCF2FF2306B780E316F326B7F50F00854
:1070A800336F000E346B3457356B366B7BEC13F053
:1070B800000EA9EC33F07F6E7F6A7FCF7FFF7FCF12
:1070C8007FFF82DF010EA9EC33F07F6E010E7F6E29
:1070D800290E7F6EA50E7F6E77DF020EA9EC33F0C6
:1070E8007F6E020E7F6E290E7F6EA50E7F6E6CDF9F
:1070F800030EA9EC33F07F6E030E7F6E290E7F6EB0
:10710800A50E7F6E61DF7F5015E07F04A9EC33F098
:107118007F6E7F047F6E290E7F6EA50E7F6E54DF13
:107128007F50A9EC33F07F6E7FCF7FFF7F68070E1B
:107138007F6E4AD712007F5005E0010A15E0030A66
:1071480024E034D07FCF3BF2EE0E3C6F800E3D6FD3
:10715800030E3E6F47917FCF3FF27FCF40F2416BE6
:10716800426BCBEC2DF022D07FCF3BF23C69800EF6
:107178003D6F030E3E6F47917FCF3FF27FCF40F2C6
:10718800416B426BCBEC2DF011D07FCF3BF2070E59
:107198003C6F810E3D6F040E3E6F47917FCF3FF2EB
:1071A8007FCF40F2416B426BCBEC2DF012007F6E2B
:1071B8007FCF3BF202013C6B030E99EC0AF07F6E25
:1071C800290E7F6EA50E7F6E7F5019E17F68070E2E
:1071D8007F6E000EA9EC33F07F6E2D6B2E6B7FCF88
:1071E8002FF2306B780E316F326B7F50F008336FAF
:1071F800000E346B3457356B366B7BEC13F0000E96
:10720800A9EC33F07F6E7F6A7FCF7FFF7FCF7FFF50
:1072180092DF010EA9EC33F07F6E010E7F6E290E0E
:107228007F6EA50E7F6E87DF020EA9EC33F07F6EAE
:10723800020E7F6E290E7F6EA50E7F6E7CDF7F505B
:1072480015E07F04A9EC33F07F6E7F047F6E290E72
:107258007F6EA50E7F6E6FDF7F50A9EC33F07F6ED7
:107268007FCF7FFF7F68070E7F6E65D712007F5044
:1072780003E0010A12E022D07FCF3BF23C69800E86
:107288003D6F030E3E6F47917FCF3FF27FCF40F2B5
:10729800416B426BCBEC2DF011D07FCF3BF2EE0E61
:1072A8003C6F800E3D6F030E3E6F47917FCF3FF2DC
:1072B8007FCF40F2416B426BCBEC2DF012007F6E1A
:1072C800010E7F147F6E290E7F6EA50E7F6E7F5094
:1072D800020119E17F68070E7F6E000EA9EC33F0FA
:1072E8007F6E2D6B2E6B7FCF2FF2306B780E316F48
:1072F800326B7F50F008336F000E346B3457356BA8
:10730800366B7BEC13F0000EA9EC33F07F6E7F6ACE
:107318007FCF7FFF7FCF7FFFAADF010EA9EC33F07D
:107328007F6E010E7F6E290E7F6EA50E7F6E9FDF2A
:107338007F5015E07F04A9EC33F07F6E7F047F6EE9
:10734800290E7F6EA50E7F6E92DF7F50A9EC33F079
:107358007F6E7FCF7FFF7F68070E7F6E88D7120012
:107368007F5003E0010A12E022D07FCF3BF23C6954
:10737800800E3D6F030E3E6F47917FCF3FF27FCF68
:1073880040F2416B426BCBEC2DF011D07FCF3BF23A
:10739800070E3C6F810E3D6F040E3E6F47917FCF05
:1073A8003FF27FCF40F2416B426BCBEC2DF01200E5
:1073B8007F6E010E7F147F6E290E7F6EA50E7F6E85
:1073C8007F50020119E17F68070E7F6E000EA9EC5D
:1073D80033F07F6E2D6B2E6B7FCF2FF2306B780ED4
:1073E800316F326B7F50F008336F000E346B3457B7
:1073F800356B366B7BEC13F0000EA9EC33F07F6E27
:107408007F6A7FCF7FFF7FCF7FFFAADF010EA9ECC6
:1074180033F07F6E010E7F6E290E7F6EA50E7F6E94
:107428009FDF7F5015E07F04A9EC33F07F6E7F0467
:107438007F6E290E7F6EA50E7F6E92DF7F50A9ECBE
:1074480033F07F6E7FCF7FFF7F68070E7F6E88D710
:1074580012002E5105E0010A15E0030A25E035D097
:107468002DC23BF2D20E3C6F800E3D6F050E3E6F73
:1074780047912FC23FF230C240F2416B426BCBECD6
:107488002DF023D02DC23BF2D80E3C6F800E3D6FFD
:10749800050E3E6F47912FC23FF230C240F2416B5A
:1074A800426BCBEC2DF011D02DC23BF2DE0E3C6FBF
:1074B800800E3D6F050E3E6F47912FC23FF230C2DE
:1074C80040F2416B426BCBEC2DF01200296F290E74
:1074D8002A6FA50E2B6F2C6B2851640A05E00A0A47
:1074E8000FE0010A26E04CD02C6B000EA9EC33F01B
:1074F8002D6F2E6B2AC22FF22BC230F2AADF40D09A
:10750800010E29152C6F000EA9EC33F02D6F2E6B90
:107518002AC22FF22BC230F29CDF010EA9EC33F005
:107528002D6F010E2E6F290E2F6FA50E306F91DF74
:1075380027D029C23BF23C6B030E99EC0AF02C6F62
:10754800000EA9EC33F02D6F2E6B2AC22FF22BC23E
:1075580030F27FDF010EA9EC33F02D6F010E2E6F94
:10756800290E2F6FA50E306F74DF020EA9EC33F0D1
:107578002D6F020E2E6F290E2F6FA50E306F69DF4B
:107588002C5316E02C05A9EC33F02D6F29052E6F2E
:10759800290E2F6FA50E306F5CDF2C51A9EC33F04C
:1075A8002D6F29C22EF22F69070E306F52DF0AD0D5
:1075B8002C51A9EC33F02D6F29C22EF22F69070E3A
:1075C800306F47D712007F5003E0010A13E023D041
:1075D8007FCF3BF2E40E3C6F800E3D6F030E3E6F93
:1075E80047917FCF3FF27FCF40F2416B426BCBECAC
:1075F8002DF011D07FCF3BF2E80E3C6F800E3D6F2F
:10760800050E3E6F47917FCF3FF27FCF40F2416B2F
:10761800426BCBEC2DF012007F6E010E7F147F6E53
:10762800290E7F6EA50E7F6E7F50020119E17F68DB
:10763800070E7F6E000EA9EC33F07F6E2D6B2E6B5C
:107648007FCF2FF2306B780E316F326B7F50F0089E
:10765800336F000E346B3457356B366B7BEC13F09D
:10766800000EA9EC33F07F6E7F6A7FCF7FFF7FCF5C
:107678007FFFA9DF010EA9EC33F07F6E010E7F6E4C
:10768800290E7F6EA50E7F6E9EDF7F5015E07F046A
:10769800A9EC33F07F6E7F047F6E290E7F6EA50EF6
:1076A8007F6E91DF7F50A9EC33F07F6E7FCF7FFF35
:1076B8007F68070E7F6E87D712002D5103E0010AFD
:1076C80013E023D02CC23BF2EE0E3C6F800E3D6FD0
:1076D800030E3E6F47912EC23FF22FC240F2416B1C
:1076E800426BCBEC2DF011D02CC23BF2F20E3C6F6A
:1076F800800E3D6F020E3E6F47912EC23FF22FC2A1
:1077080040F2416B426BCBEC2DF01200286F010E5A
:107718002815296F290E2A6FA50E2B6F296719D0F6
:107728002A69070E2B6F000EA9EC33F02C6F2D6B16
:107738002E6B2CC22FF2306B780E316F326B2C51BE
:10774800F008336F000E346B3457356B366B7BECB7
:1077580013F0000EA9EC33F02C6F2D6B2AC22EF219
:107768002BC22FF2AADF010EA9EC33F02C6F010E09
:107778002D6F290E2E6FA50E2F6F9FDF295315E051
:107788002905A9EC33F02C6F28052D6F290E2E6FD3
:10779800A50E2F6F92DF2951A9EC33F02C6F28C268
:1077A8002DF22E69070E2F6F88D712002D5103E096
:1077B800010A13E023D02CC23BF2F50E3C6F800E79
:1077C8003D6F040E3E6F47912EC23FF22FC240F22A
:1077D800416B426BCBEC2DF011D02CC23BF2FA0E70
:1077E8003C6F800E3D6F040E3E6F47912EC23FF2F4
:1077F8002FC240F2416B426BCBEC2DF01200286F88
:10780800010E2815296F290E2A6FA50E2B6F2967DF
:1078180019D02A69070E2B6F000EA9EC33F02C6FD4
:107828002D6B2E6B2CC22FF2306B780E316F326BB2
:107838002C51F008336F000E346B3457356B366BB0
:107848007BEC13F0000EA9EC33F02C6F2D6B2AC2E1
:107858002EF22BC22FF2AADF010EA9EC33F02C6F07
:10786800010E2D6F290E2E6FA50E2F6F9FDF295346
:1078780015E02905A9EC33F02C6F28052D6F290E8A
:107888002E6FA50E2F6F92DF2951A9EC33F02C6FC4
:1078980028C22DF22E69070E2F6F88D7120029C231
:1078A8003BF23C6B0A0E57EC0AF03BC22CF229C2A1
:1078B8003BF23C6B0A0E99EC0AF02D6F300E2C252A
:1078C8002E6F300E2D252F6F28C23BF22E0E3C6FE7
:1078D800020E3D6F3E6F47812AC23FF22BC240F233
:1078E800416B426BCBEF2DF028C23BF229C23CF230
:1078F8002AC23DF2E80E3E6F030E3F6F80EC0AF09D
:107908003BC22DF23CC22EF228C23BF229C23CF205
:107918002AC23DF2E80E3E6F030E3F6FABEC0AF051
:1079280040C22FF241C230F22DC23BF22EC23CF2CD
:10793800640E57EC0AF03BC231F22DC23BF22EC264
:107948003CF2640E99EC0AF0326F32C23BF23C6BA7
:107958000A0E57EC0AF03BC233F232C23BF23C6BE0
:107968000A0E99EC0AF0346F2FC23BF230C23CF297
:10797800640E57EC0AF03BC235F22FC23BF230C21C
:107988003CF2640E99EC0AF0366F36C23BF23C6B5F
:107998000A0E57EC0AF03BC237F236C23BF23C6B98
:1079A8000A0E99EC0AF0386F300E3125396F000E47
:1079B800A9EC33F03B6F390E3C6F020E3D6F010EA0
:1079C8003E6F47912BC23FF22CC240F2416B426B93
:1079D800CBEC2DF0300E3325396F010EA9EC33F0C6
:1079E8003B6F390E3C6F020E3D6F010E3E6F4791A3
:1079F8002BC23FF22CC240F2416B426BCBEC2DF014
:107A0800300E3425396F020EA9EC33F03B6F390E76
:107A18003C6F020E3D6F010E3E6F47912BC23FF245
:107A28002CC240F2416B426BCBEC2DF0300E352569
:107A3800396F030EA9EC33F03B6F390E3C6F020E21
:107A48003D6F010E3E6F47912BC23FF22CC240F2B0
:107A5800416B426BCBEC2DF0300E3725396F040E9D
:107A6800A9EC33F03B6F390E3C6F020E3D6F010EEF
:107A78003E6F47912BC23FF22CC240F2416B426BE2
:107A8800CBEC2DF0300E3825396F050EA9EC33F00C
:107A98003B6F390E3C6F020E3D6F010E3E6F4791F2
:107AA8002BC23FF22CC240F2416B426BCBEF2DF060
:107AB800D1513FE0010A42E0030AD8B40AD1010AD1
:107AC800D8B423D1070AD8B43CD1010AD8B455D1C7
:107AD800030AD8B45DD1010AD8B465D10F0AD8B465
:107AE8006DD1010AD8B46ED1030AD8B46FD1010A96
:107AF800D8B473D1070AD8B48CD1010AD8B48DD1BF
:107B0800030AD8B4A6D1010AD8B4BFD11F0AD8B481
:107B1800DAD1010AD8B4DBD1030AD8B4F4D1010A06
:107B2800D8B4F5D1070AD8B405D2010AD8B40FD20F
:107B380011D20201775173EC37F00CD2700E0201AA
:107B4800286F7BC229F26B0E2A6FCE0E2B6FA7DE31
:107B5800AA0E3B6F140E3C6F810E3D6F020E3E6FF6
:107B680047916B0E3F6FCE0E406F416B426BCBEC73
:107B78002DF07B51100A0AE0010A29E0030A47E0C8
:107B8800060A65E0020AD8B483D0E4D1C20E3B6F7E
:107B98000C0E3C6F810E3D6F030E3E6F47913F6B9D
:107BA800406B416B426BCBEC2DF0C20E3B6F1B0E52
:107BB8003C6F810E3D6F030E3E6F47916B0E3F6F1A
:107BC800CE0E406F416B426BCBEC2DF0C3D1C20E91
:107BD8003B6F1B0E3C6F810E3D6F030E3E6F47914E
:107BE8003F6B406B416B426BCBEC2DF0C20E3B6F91
:107BF8003C69800E3D6F030E3E6F47916B0E3F6FE1
:107C0800CE0E406F416B426BCBEC2DF0A3D1C20E70
:107C18003B6F3C69800E3D6F030E3E6F47913F6B93
:107C2800406B416B426BCBEC2DF0C20E3B6F030EE9
:107C38003C6F810E3D6F030E3E6F47916B0E3F6F99
:107C4800CE0E406F416B426BCBEC2DF083D1C20E50
:107C58003B6F030E3C6F810E3D6F030E3E6F4791E5
:107C68003F6B406B416B426BCBEC2DF0C20E3B6F10
:107C7800070E3C6F810E3D6F040E3E6F47916B0EF1
:107C88003F6FCE0E406F416B426BCBEC2DF062D153
:107C9800C20E3B6F070E3C6F810E3D6F040E3E6FA8
:107CA80047913F6B406B416B426BCBEC2DF0C20EA2
:107CB8003B6F0C0E3C6F810E3D6F030E3E6F47917C
:107CC8006B0E3F6FCE0E406F416B426BCBEC2DF0CD
:107CD80041D1700E0201286F78C229F26B0E2A6F0B
:107CE800CE0E2B6FDCDDAA0E3B6F100E3C6F810EA3
:107CF8003D6F030E3E6F47916B0E3F6FCE0E406F88
:107D0800416B426BCBEC2DF025D1700E0201286F30
:107D180079C229F26B0E2A6FCE0E2B6FC0DDAA0E28
:107D28003B6F100E3C6F810E3D6F030E3E6F479107
:107D38006B0E3F6FCE0E406F416B426BCBEC2DF05C
:107D480009D1700E0201286F7AC229F26B0E2A6FD0
:107D5800CE0E2B6FA4DDAA0E3B6F100E3C6F810E6A
:107D68003D6F030E3E6F47916B0E3F6FCE0E406F17
:107D7800416B426BCBEC2DF0EDD0800E0201286FE9
:107D88008EC229F26B0E2A6FCE0E2B6F88DDE2D0E1
:107D9800800E0201286F8FC229F26B0E2A6FCE0E59
:107DA8002B6F7DDDD7D0800E0201286F90C229F29B
:107DB8006B0E2A6FCE0E2B6F72DDCCD002018C5168
:107DC800A5DCC8D002017C51A1DCC4D091C228F244
:107DD800020181516AEC3AF0BDD0700E0201286FA1
:107DE80083C229F26B0E2A6FCE0E2B6F58DDAA0EB6
:107DF8003B6F140E3C6F810E3D6F020E3E6F479134
:107E08006B0E3F6FCE0E406F416B426BCBEC2DF08B
:107E1800A1D0020185517ADC9DD0700E0201286F35
:107E280086C229F26B0E2A6FCE0E2B6F38DDAA0E92
:107E38003B6F140E3C6F810E3D6F020E3E6F4791F3
:107E48006B0E3F6FCE0E406F416B426BCBEC2DF04B
:107E580081D0700E0201286F87C229F26B0E2A6F3B
:107E6800CE0E2B6F1CDDAA0E3B6F140E3C6F810EDD
:107E78003D6F020E3E6F47916B0E3F6FCE0E406F07
:107E8800416B426BCBEC2DF065D0700E0201286F70
:107E9800140E8803F3CF29F26B0E2A6FCE0E2B6FC8
:107EA800FEDCAA0E3B6F170E3C6F810E3D6F030E72
:107EB8003E6F47916B0E3F6FCE0E406F416B426B2A
:107EC800CBEC2DF047D00201895120DC43D0700E55
:107ED8000201286F8AC229F26B0E2A6FCE0E2B6F11
:107EE800DEDCAA0E3B6F1B0E3C6F810E3D6F030E4E
:107EF8003E6F47916B0E3F6FCE0E406F416B426BEA
:107F0800CBEC2DF027D002018B5100DC23D0800E62
:107F180002013B6F1F0E3C6F810E3D6F040E3E6FDA
:107F280047916B0E3F6FCE0E406F416B426BCBECAF
:107F38002DF010D09CC228F29DC229F29EC22AF2CE
:107F48006B0E02012B6FCE0E2C6FCEDC03D002011C
:107F5800A85155DC0201120040EC32F00001120079
:107F68000B0E56EC2EF00001120002018B6702D0B6
:107F7800895308E0D50E296F65C02AF2190EF3EC73
:107F880030F007D0BE0E296F65C02AF2300EF3EC30
:107F980030F0000112008B5308E0590E296F9AC285
:107FA8002AF29BC22BF294EF2EF01200895305E0BF
:107FB8008B6703D0590EDFEF2EF012000A0E7803FC
:107FC800F3CF73F2795173279C0E746F8B6702D0CD
:107FD800895302E0AE0E746F000189518A110BE0DB
:107FE80074C229F289C02AF202012B69070E2C6F8C
:107FF8005DEC2FF00BD00201774D08D074C229F246
:1080080073C22AF22B692C695DEF2FF01200D66734
:108018000CD0D1C028F202012C8124EC37F0D1C059
:10802800D2F0D1C0D5F0020118D0D75190EC33F07E
:108038002D6FD2C02EF2290E2F6FA50E306FDEECF9
:1080480033F00001D65190EC33F02D6FD1C02EF2F1
:108058002F69070E306FDEEC33F00001120081A3A8
:1080680002D07ADF819381A902D07ADF819981A534
:1080780002D07BDF819581AB04D002019FDF000134
:10808800819B81AD04D0020186DF0001819D81AF13
:1080980004D002018BDF0001819F82A102D0B7DFEB
:1080A80082911200956B966B976B986B1200952BCB
:1080B800000E9623D00E955D070E965907E3956B33
:1080C800966B970E0201296FC2EF0AF01200100E8C
:1080D80097630BD00E0E986308D086EC10F0360E1E
:1080E8006AEC10F000017CEC10F0110E975D0E0E9A
:1080F800985902E36CA146D012008B5303E00001AB
:108108006CB302D0000112009D2B000E9E23D00EEE
:108118009D5D070E9E590BE39D6B9E6B02019A5164
:108128009B1105E09A07000E9B5B0001818D000101
:1081380012008B67120000018F51926306D0905194
:10814800936303D09151941907E08FC092F090C0C7
:1081580093F091C094F0818F1200996B9A6B9B6B8E
:108168009C6B1200992B000E9A23D00E995D070E76
:108178009A5907E3996B9A6B9B0E0201296FC2EF1C
:108188000AF01200AFA304D0010153EC0DF0000176
:108198000101FEEC0DF0380E000154EC13F076EC02
:1081A8000BF00001FFD780A40CD0A46BA56BA00E28
:1081B8000201296FC2EC0AF0A0C0A2F0A1C0A3F08E
:1081C80007D0A06BA16BA40E0201296FC2EF0AF0C1
:1081D8001200A85105E0010A0EE0030A19E038D0A0
:1081E800140EA06335D0A16733D05CDFB6DFA96B6E
:1081F800010EA86F2DD0500EA4632AD0A56728D0F1
:10820800A92B020EA96301D09F8D020EA86F20D062
:10821800140EA06305D0A16703D0010EA86F120049
:10822800E90EA45D030EA55913E3A92D0FD0090E7D
:10823800AC630CD0D10EAD5D070EAE5907E3AFB3FA
:1082480005D002018B5302E000016C830001A86B8A
:1082580012009FBF15D0AFB313D0C15103E14F0E29
:10826800C0650ED0010EAC650BD0080EAC6108D00D
:108278009F8F7EEC0BF086EC10F0BD6B080EAC6F98
:10828800AFA30CD0C15103E14F0EC06507D0090E52
:10829800AC6304D07EEC0BF086EC10F0AC5123E01C
:1082A800010A55E0030A65E0010AD8B49CD0070A20
:1082B800D8B4A2D0010AD8B4A4D0030AD8B4AFD095
:1082C800010AD8B4B1D00F0AD8B4BBD0010AD8B4C7
:1082D800C2D0030AD8B4E6D0010AD8B4F9D0070A44
:1082E800D8B4FED006D10201CAEC0FF0000114EC9C
:1082F80010F024EC14F002018C670BD0A7EC31F0DD
:10830800370E6AEC10F0420E6AEC10F000017CECBB
:1083180010F000016CAB13D06C9B4E0E6AEC10F0A1
:10832800310E6AEC10F0420E6AEC10F0360E6AEC70
:1083380010F000017CEC10F00C0EAC6F1200AFA333
:1083480003D0020EAC6F1200010EAC6FD2D06CB12C
:10835800D0D040EC32F08C5306E000019F8FBD6B0B
:10836800080EAC6F12000001AD6BAE6B020EAC6F65
:10837800C0D0AD2B000EAE23D00EAD5D070EAE59AA
:10838800D8A0B7D0A55103E14F0EA465B2D06CB107
:10839800B0D0AFA318D0D16BD66BE1EC32F00001AE
:1083A80036DE380E6AEC10F02A0E6AEC10F0260E53
:1083B8006AEC10F000014BEC11F07CEC10F06C97BB
:1083C800090EAC6F96D00201A35309E0550E6AEC72
:1083D80010F000017CEC10F0030EAC6F8AD0080E90
:1083E8000001AC6F86D016EC11F07CEC10F0AD6B90
:1083F800AE6B040EAC6F7DD06CB17BD0050EAC6F4C
:1084080078D0180E6AEC10F07751D6EC11F0000114
:108418007CEC10F0AD6BAE6B060EAC6F6AD06CB135
:1084280068D0070EAC6F65D080B606D0470E6AECF0
:1084380010F000017CEC10F0AD6BAE6B080EAC6F69
:1084480058D06CB156D09F9D6C952CDEAD6BAE6B41
:10845800090EAC6F4ED0AD0E0201296FC2EC0AF0C6
:108468006CA706D0D00EAD5D070EAE59D8B06C978C
:108478009FAD05D0AFB303D00A0EAC6F1200D00E7B
:10848800A05D070EA15935E36CB133D0020148EC69
:1084980033F0360E6AEC10F000017CEC10F00C0E94
:1084A800AC6F27D0020E0201826307D009C182F2A5
:1084B8000001BC6BBA6B54DD08D0020E826F010E4E
:1084C8000001BC6F020EBA6F4BDD0B0EAC6F11D002
:1084D8006CB10FD09F9DAD6BAE6B090EAC6F09D020
:1084E8006C856C89020E0101006F00016CB101D02E
:1084F80049DE1200B55103E0010A09E034D084B026
:1085080002D0AF8501D0AF95010EB56F2CD0828017
:10851800140E020105EC0BF0289184B0288182909A
:1085280028B111D00001B86BB96BB60E0201296FE2
:10853800C2EC0AF09FA116D0B75103E1310EB6651F
:1085480011D09F910FD00001B66BB76BB80E020126
:10855800296FC2EC0AF09FB105D0B95102E11E0E95
:10856800B8619F81B56B1200BA5107E0010A18E0A3
:10857800030A20E0010A22E037D00201286B020E2C
:10858800296FF40E2A6F010E2B6FF40E2C6F010E5B
:108598002D6FAFEC0BF09FA127D0010EBA6F24D03E
:1085A8000101006B0001B75103E1010EB6651CD053
:1085B800BA6B1AD0010E0101006F16D0010E02012C
:1085C800286F020E296FF40E2A6F010E2B6FF40E1E
:1085D8002C6F010E2D6FAFEC0BF0B75103E1220E9B
:1085E800B66502D09F91BA6B020112000001AFA3D9
:1085F80005D0030E0201A36F010EA56F0201120040
:1086080083B80FD0C46BC56BC00E0201296FC2ECD2
:108618000AF0A051A1110CE0C0C0C2F0C1C0C3F063
:1086280007D0C06BC16BC40E0201296FC2EF0AF0FC
:10863800120002012D6F7751060A03E0010A0EE0CD
:1086480014D0150E2D6108D0050E2D6303D0080E29
:108658002D6F17D02D2B15D02D6B13D0150E2D6126
:1086680002D02D2B0ED02D6B0CD0150E2D6108D0FD
:10867800040E2D6303D0080E2D6F03D02D2B01D0CF
:108688002D6B2D51000112002A6F286102D0282B72
:1086980002D029C228F228511200D15139E0010A2A
:1086A80042E0030A5CE0010A63E0070A69E0010AA4
:1086B80070E0030A77E0010A7EE00F0AD8B484D09C
:1086C800010AD8B489D0030AD8B48ED0010AD8B424
:1086D800A9D0070AD8B4AFD0010AD8B4B4D0030AD5
:1086E800D8B4B9D0010AD8B4BED01F0AD8B4C4D0FF
:1086F800010AD8B4C9D0030AD8B4CFD0010AD8B473
:10870800DBD0070AD8B4D8D0010AD8B4CED0D4D098
:1087180077C228F20201296B030EB6DF776F2B812F
:10872800C0EC0EF0C9D002017B51100A09E0010A21
:108738000AE0030A0BE0060A0CE0020A0DE0BCD0CE
:10874800110E7B6FB9D0120E7B6FB6D0140E7B6FF3
:10875800B3D0160E7B6FB0D0100E7B6FADD078C241
:1087680028F2040E0201296F0F0E8EDF786FA4D055
:1087780079C228F20201296B090E86DF796F9CD035
:108788007AC228F2060E0201296F0F0E7DDF7A6F7A
:1087980093D08EC228F2020E0201296F040E74DFF4
:1087A8008E6F8AD08FC228F2010E0201296F050E42
:1087B8006BDF8F6F81D090C228F2020E0201296F01
:1087C8000A0E62DF906F78D08CC228F20201296B02
:1087D800010E5ADF8C6F70D07CC228F20201296B1F
:1087E800010E52DF7C6F68D002019151640A05E0E6
:1087F8000A0A0AE0010A0FE05FD081C228F2296B59
:10880800000E42DF816F58D081C228F2296B010E19
:108818003BDF816F51D081C228F2296B020E34DF11
:10882800816F4AD083C228F2010E0201296F190E06
:108838002BDF836F41D085C228F20201296B010E1C
:1088480023DF856F39D086C228F20201296B190E01
:108858001BDF866F31D087C228F20201296B190EFF
:1088680013DF876F29D088C228F2010E0201296F11
:10887800040E0ADF886F20D089C228F20201296B12
:10888800010E02DF896F18D08AC228F2010E020198
:10889800296F3C0EF9DE8A6F0FD08BC228F20201D5
:1088A800296B010EF1DE8B6F07D0A8C228F20201F6
:1088B800296B010EE9DEA86F02011200D1512FE0E9
:1088C800010A32E0030A38E0010A3EE0070A46E0FE
:1088D800010A4CE0030A4FE0010A52E00F0A55E092
:1088E800010A58E0030A5BE0010A5EE0070A64E057
:1088F800010A67E0030A6DE0010A73E01F0A7BE0E2
:10890800010A7EE0030AD8B483D0010AD8B485D01E
:10891800070AD8B493D0010AD8B48CD08FD00201FA
:108928007751D6EC11F08AD002017B5197EC12F006
:10893800280E6AEC10F082D00201785197EC12F000
:10894800040E6AEC10F07AD0350E6AEC10F079510A
:1089580097EC12F0040E6AEC10F070D002017A5114
:1089680097EC12F0040E6AEC10F068D002018E51F8
:1089780097EC12F063D002018F5197EC12F05ED0A1
:108988000201905197EC12F059D002018C51BFECC2
:1089980012F054D002017C51BFEC12F04FD002010A
:1089A8008151F4EC12F04AD00201835197EC12F095
:1089B800280E6AEC10F042D002018551BFEC12F08B
:1089C8003DD00201865197EC12F0280E6AEC10F0A7
:1089D80035D00201875197EC12F0280E6AEC10F09E
:1089E8002DD0140E02018803F35097EC12F0390EC3
:1089F8006AEC10F023D002018951BFEC12F01ED0AE
:108A080002018A5197EC12F0290E6AEC10F016D088
:108A180002018B51BFEC12F011D0320E6AEC10F04B
:108A2800350E6AEC10F04C0E6AEC10F03C0E6AEC55
:108A380010F004D00201A8511EEC13F0000112003E
:108A4800DA510FE0010A1AE0030A3CE0010A58E093
:108A5800070A70E0010AD8B48ED0030AD8B49ED0B1
:108A6800BBD0C55103E14F0EC465B6D0A55103E193
:108A78004F0EA465B1D0010EDA6FAED06CB108D03C
:108A8800C15103E1130EC06503D0020EDA6F120064
:108A98006CB108D0A15103E1130EA06503D0030EF9
:108AA800DA6F12006CB198D0DBA196D0E80EC45DE5
:108AB800030EC559D8A090D0DB914BEC11F07CEC9B
:108AC80010F08AD06CB188D0C55103E14F0EC4654F
:108AD80083D0D6C0D7F0030ED66105D0150ED1616C
:108AE80002D0D62B02D0D66BD76BD1C0D2F0D151E1
:108AF800A0DDD16FDB810BEC40F0010EDA6F6CD09A
:108B08006CB16AD06CB968D0A55103E14F0EA46569
:108B180063D00101006B3B0E6AEC10F019EC33F0E6
:108B280000015CEC3DF00001C9DE7CEC10F0040EA5
:108B3800DA6F52D06CB108D0C15103E1130EC06591
:108B480003D0050EDA6F12006CB108D0A15103E111
:108B5800130EA06503D0060EDA6F12006CB13CD07C
:108B6800DBA33AD0E80EC45D030EC55935E3DB93A9
:108B78007CEC10F031D06CB12FD0C55103E14F0E11
:108B8800C4652AD086EC10F088DD00015CEC3DF06D
:108B9800000194DEDB83040EDA6F1ED06CB11CD0AA
:108BA8006CB91AD0A55103E14F0EA46515D0010187
:108BB800006B020164EC37F0260E6AEC10F0420EEE
:108BC8006AEC10F000017CEC10F00201A84D53ECA7
:108BD8000EF0010E0001DA6F1200FF0EC65DFF0EE7
:108BE800C7590CE2C62B000EC723C651C85DC75132
:108BF800C95904E2C6C0C8F0C7C0C9F097059811A2
:108C080006E19551961103E1CA6B8D698E69050ECF
:108C180097630BD0986709D09551961106E1090E14
:108C2800AC6303D0896B8A6B818BBD5105E0010A67
:108C38001FE0020A27E02FD0C051C1112CE06CB50B
:108C48002AD0AF87C6C0C8F0C7C0C9F0C66BC76B0B
:108C5800CA3DCA2B9B0EC45D020EC55904E302012E
:108C680095519427000156EC40F0010EBD6F13D0CA
:108C7800C55105E1020194510001C45D0CE3AF89BF
:108C8800BD6B09D0010EAC6506D0C55103E1C70E16
:108C9800C46501D0BD6B12000001AFA704D0AF9727
:108CA800010ECB6FAF8B12000001AFA704D0AF97B6
:108CB800010ECB6FAF9B1200AFA704D0AF97010E88
:108CC800CB6FAF9BAFA904D0AF99010ECB6FAF9B11
:108CD80012000201286F0001AFA704D0AF9728C285
:108CE800CBF0AF9B1200020ECA6102D0D5DF08D0CC
:108CF800BD2D04D0010ECB6FAF9B02D0AF97CB6BCD
:108D08001200A60EC85D010EC95903E2020EE1DF8A
:108D180001D0CA6B1200040ECA61F3D7C5DFA60ED4
:108D2800C85D010EC95902E3010ECA6F1200CA518B
:108D380002018F5D03E3B0DF02010FD00001C851CB
:108D48000201985D0001C9510201995904E38E514D
:108D5800C0DF020102D0A0DF020112007751010A30
:108D68000FE0030A10E0020A11E0030A13E0060A02
:108D780014E0030A16E0020A18E0030A1AE01BD0FE
:108D88008BDF020118D090DF020115D00001C3DF8C
:108D9800020111D089DF02010ED000018DDF02012E
:108DA8000AD08E5196DF020106D000019CDF020135
:108DB80002D00001BCDF120097510201976304D072
:108DC80000019853D8B49F8700011200876B886B05
:108DD800D10E8D5D070E8E5914E2200E02012E6F02
:108DE8004E0E2F6F8DC030F28EC031F26AEC0AF051
:108DF8002EC287F02FC288F087C089F088C08AF019
:108E0800000112009705981107E19551961104E1A8
:108E1800090EAC6301D0818B12009FB307D0AFAFAE
:108E280005D0B75102E1180EB6619F831200010EFA
:108E3800286F852D07D000019FA304D0320E0201B0
:108E4800286F11D00201A05106E1A00E9F6103D046
:108E5800010E286F08D0010E866503D086C228F25D
:108E680002D0010E286F28511200CC0E296FC2ECD7
:108E78000AF0D3DFCE5107E0010A19E0030A48E0FF
:108E8800010A7BE0CAD0CF2B000ED023D00ECF63CF
:108E980004D0070ED06301D09F996CB5BED0CB53D8
:108EA800D8B4BBD0AFBBCB07010ECE6FB6D0020192
:108EB800BEDF936F00019FB10CD0B9510AE1B851E0
:108EC8000201935D06E30001BA51020A02E0AFA570
:108ED80004D0020E0001CE6F1200B75103E1630EF9
:108EE800B6659BD0A3C228F2030E0201A36F0D0E34
:108EF8006AEC10F000017CEC10F06CB1FED728C2CF
:108F0800A3F2CB6BCF6BD06BAF9F9F93CE6B85D00B
:108F180002019F510001CC5D0201A0510001CD5911
:108F28007CE3808A9F8956EC40F0CCC08DF0CDC0A0
:108F38008EF0CC6BCD6B4ADF0201A05106E1A00E8A
:108F48009F6103D0200E926F03D0D8907B35926F2B
:108F580000016CAD05D06C9D320E02019227000114
:108F68009FA705D09F970201965192270001AF9DB8
:108F7800AF9F9F93030ECE6F50D0AFBD23D0CD517E
:108F880005E1020192510001CC5D1CE3809AAFAB70
:108F9800CB073F0E02019C5D420E9D590F0E9E5954
:108FA80004E29C2B000E9D239E239F0E00018F5DE3
:108FB800860E9059010E915904E28F2B000E9023D2
:108FC8009123AF8DAFBF07D002018251020A000181
:108FD80001E0AFB5AF8FAFBF0AD0CD5103E1310E7D
:108FE800CC6505D0B75102E1020EB661AF8FAFBFB5
:108FF8000CD00201A1510001CC5D0201A251000177
:10900800CD5903E3030EBA6FAF8FAFAD06D0AFAF44
:1090180004D09F91CF6BD06BCE6B12000EEEBFF0D9
:10902800ED6AEA50FDE1E950FBE1EF6A1CEC0BF058
:109038000F0143EC0BF002012B91C0EC0EF073EC26
:109048000BF00101006B00519DEC0BF082906B69F5
:109058006C856C876C8D83AA09D083B807D0010E04
:109068000201A36F0101006F0001AF8383BA02D030
:1090780083A86C8BF28A12005BEC40F06BEC40F03A
:10908800D7EC40F0EDEC40F02DEC41F004EC43F06F
:10909800010100519DEC0BF0AFA302D0D1DC16D03A
:1090A8006CB514D06CB112D07EEC42F0B8EC42F042
:1090B80081EC40F002019DEC40F00001B6EC40F07C
:1090C8007BDE8BDD02014ADED0DE9CD61200000179
:1090D800A5DF81518211FDE06CB1FBD76CB7F9D7E0
:1090E8009FB9F7D79F8B33EC40F09F9BF2D767511E
:1090F8000A0FF66E910E6821F76EF86A0800F550AF
:10910800120000F0001F0001F8001F8003F8003B68
:10911800C0079C0071E00F0E00F0F01E0701FFF879
:109128003FFF83FFFC3803C7801C7001EF000F006E
:10913800FFF0FFF8FFFCE01EE00EE00EE01EFFFC73
:10914800FFFCFFFCE01EE01EE00EE01EE01CFFFC42
:10915800FFF8FFE00003F800FFE01FFF83C07C7802
:1091680001EF000EE0000E0000E0000E0000E0003D
:109178000E0000F000F7801E3C07C1FFF80FFF004B
:109188003FC0007FF007FFC07FFF0700F870078728
:10919800003C7001C7001C7001C7001C7001C700AB
:1091A8001C7003C70078700F87FFF07FFC07FF0073
:1091B800007FFE7FFE7FFE70007000700070007000
:1091C800007FF87FF87FF870007000700070007FF3
:1091D800FE7FFE7FFE007FFE7FFE7FFE7000700038
:1091E8007000700070007FF87FF87FF870007000E2
:1091F800700070007000700070000003F800FFE05D
:109208001FFF83C07C7801EF000EE0000E0000E035
:109218007FFE07FFE07FFE000FF000E7801E3C079F
:10922800C1FFF80FFF003FC000E007E007E007E0DC
:1092380007E007E007E007E007FFFFFFFFFFFFE0A9
:1092480007E007E007E007E007E007E00700383835
:109258003838383838383838383838383838383886
:1092680000000E000E000E000E000E000E000E0094
:109278000E000E000EE00EE00EE00E701E781C3F91
:10928800FC1FF80FE000700F8701F0703E0707C061
:1092980070F8071F0073E0077C007F8007FC007FE1
:1092A800E007CF0078780707C0703E0701F0700F1D
:1092B80007007C0070007000700070007000700083
:1092C8007000700070007000700070007000700016
:1092D80070007FFC7FFC7FFC00F000FF800FF8012E
:1092E800FFC01FFC03FFE03FEE07FEF077E70F7EAD
:1092F80078E7E39E7E3DC7E1FC7E1F87E0F87E0F9E
:1093080007E0007E000700E007F007F807F807FC11
:1093180007FE07EF07E787E787E3C7E1E7E0F7E03E
:109328007FE07FE03FE01FE00FE0070003F800FF69
:10933800F01FFF83C07C7801EF000EE000FE0007FD
:10934800E0007E0007E000FE000FF000E7801E3C12
:1093580007C1FFF80FFF003F8000FFF0FFF8FFFC98
:10936800E01EE00EE00EE01EFFFCFFF8FFF0E0005C
:10937800E000E000E000E000E000E000E0000003C2
:10938800F800FFF01FFF83C07C7801EF000EE000BB
:10939800FE0007E0007E0007E018FE03CFF03CE780
:1093A80081FE3C0FC1FFF80FFF803FBC0001C000E9
:1093B8001800FFF0FFF8FFFCE01EE00EE00EE01ED4
:1093C800FFFCFFF8FFF0E3C0E1E0E0E0E0F0E07868
:1093D800E03CE03EE01F0007F03FFE7FFF780CF026
:1093E80000F000F0007F003FF81FFC01FE001E00A7
:1093F8000F400F701EFFFE7FFC0FF000FFFFFFFF06
:10940800FFFF03C003C003C003C003C003C003C001
:1094180003C003C003C003C003C003C003C003C02C
:1094280000E007E007E007E007E007E007E007E003
:1094380007E007E007E007E007E00FF00E781E7F7F
:10944800FC3FF80FE000F001E7001C7803C7803804
:10945800380783C0781C0701E0F00E0E00F1E00722
:109468001C0073C007B8003B8003F8001F0001F020
:10947800000E00007803801C7807C03C3807C0380D
:109488003C07C0381C0FE0781C0EE0701E0EF07010
:109498000E1E70F00E1C70E00F1C79E0073C39E0DE
:1094A800073839C007B83FC003F81F8003F01F8092
:1094B80001F01F8001E00F0001E00F0000F803E752
:1094C800C0783C0781E0F00F1E007BC007B8003F62
:1094D8008001F0001F0003F8007BC00F1C00F1E0C2
:1094E8001E0F03C0787803CF003E00F001E7803CF0
:1094F8003C0781C0781E0F00F1E0079C007BC00389
:10950800F8001F0000E0000E0000E0000E0000E080
:10951800000E0000E0000E0000FFFEFFFEFFFC0052
:109528007C007800F001E003C007C007800F001E30
:10953800003C007C007800FFFEFFFEFFFE000000FC
:1095480000000000007E7E7E000000000000000099
:109558000003C00FF01FFC3C3E781E700FF007F0B0
:1095680007E007E007F007F007700F780E3C1E3F92
:10957800FC1FF807E00000E003E00FE00FE00DE05B
:1095880001E001E001E001E001E001E001E001E0CB
:1095980001E001E001E001E00000000FC03FE07FD2
:1095A800F07078203800380038007800F001F003B7
:1095B800E007800F001E007FFC7FFC7FFC0000009E
:1095C80007803FF07FF87878103C001C003C00785A
:1095D8000FF80FF00FFC003C001C001C003C7FFC47
:1095E8003FF80FC00001E003C0038007800F000EA2
:1095F800F01EF01CF03CF078F078F0FFFEFFFEFF64
:10960800FE00F000F000F00000001FF81FF83FF81F
:109618003C003C003C003FC03FF01FF8083C001CE9
:10962800001C201C783C7FF83FF00FC000000000B1
:10963800F001E003C003C007800F000FC01FF83F10
:10964800FC3C3E781E700E700E781E3C1C3FFC1FC2
:10965800F807E0007FFC7FFC7FFC0038007800F012
:1096680000E001E001C003C00380078007000F008D
:109678001E001E003C0000000007C01FF03FF878E5
:109688003C701C701C701C783C3FF83FF87FFCF065
:109698001EE01EE01EF01C7FFC3FF80FE00007E014
:1096A8001FF83FFC783C701E701E701E783C3FFC13
:1096B8001FF80FF000F001E003C003C007800F009F
:1096C8000000000000000000000000000000000092
:1096D800001C3C3C1C000000001C3C3C1C00000022
:1096E80000001C3C3C1C0000000001FF00000003BF
:1096F800FFC000001FFFF800003FFFFC0000FFFF55
:10970800FF0001FFFFFF8003FFFFFFC007FF81FF8E
:10971800E007FE007FF00FF8001FF01FF0000FF8C1
:109728001FF00007F83FE00007FC3FC00003FC3FC4
:10973800C00003FC3FC00001FE7F800001FE7F8067
:109748000001FE7F800001FE7F800001FE7F800017
:1097580001FE7F800001FE7F800001FE7F80000106
:10976800FE7F800001FE7F800001FE3F800001FE39
:109778003FC00003FC3FC00003FC3FE00007FC1FA4
:10978800E00007F81FF0000FF80FF8001FF00FFCBB
:10979800003FF007FF007FE003FFFFFFC001FFFF6E
:1097A800FF8000FFFFFF00007FFFFE00003FFFFC7F
:1097B80000000FFFF0000000FF8000000000000024
:1097C80000000000F000000007F00000001FF0009B
:1097D8000000FFF0000003FFF000000FFFF00000A2
:1097E8000FFFF000000FFFF000000FFFF000000F68
:1097F800FFF000000F8FF000000C0FF00000000FCA
:10980800F00000000FF00000000FF00000000FF063
:109818000000000FF00000000FF00000000FF00043
:1098280000000FF00000000FF00000000FF0000033
:10983800000FF00000000FF00000000FF000000023
:109848000FF00000000FF00000000FF00000000F04
:10985800F00000000FF00000000FF00000000FF013
:109868000000000FF00000000FF00000000FF000F3
:1098780000000FF00000000FF00000000FF00000E3
:10988800000FF00000000FF00000000000000000D2
:1098980001FF0000000FFFE000003FFFF800007F1D
:1098A800FFFC0000FFFFFE0001FFFFFF0003FFFFBA
:1098B800FF8007FE00FF8007FC007FC001F8003F23
:1098C800C000F0003FC00060001FE00000001FE083
:1098D8000000001FE00000001FE00000003FE00063
:1098E80000003FC00000007FC0000000FFC0000073
:1098F80001FF80000003FF80000007FF0000000F49
:10990800FE0000001FFC0000003FF80000007FF090
:10991800000000FFE0000001FFC0000003FF80001E
:109928000007FF0000000FFE0000001FFC00000001
:109938003FF8000000FFF0000001FFFFFFE003FF19
:10994800FFFFE007FFFFFFE003FFFFFFE003FFFF6C
:10995800FFE003FFFFFFE003FFFFFFE00000000060
:1099680000000003FF0000000FFFC000003FFFF8E9
:109978000000FFFFFC0003FFFFFF0007FFFFFF8061
:109988000FFFFFFFC007FE01FFC003F8007FE000E4
:10999800E0003FE00040001FE00000001FE0000082
:1099A800000FE00000001FE00000001FE0000000C2
:1099B8003FE00000007FC0000FFFFFC0000FFFFF67
:1099C80080000FFFFF00000FFFFE00000FFFFF00E9
:1099D800000FFFFF80000FFFFFC0000000FFE00046
:1099E80000003FF00000001FF00000000FF0000032
:1099F8000007F000000007F000000007F0008000FA
:109A08000FF001C0000FF003F0001FF007FC007F0B
:109A1800E00FFFFFFFE00FFFFFFFC007FFFFFF8022
:109A280001FFFFFF0000FFFFFC00001FFFF0000028
:109A380003FF80000000001FF00000003FE000006E
:109A4800003FC00000007FC0000000FF8000000051
:109A5800FF80000001FF00000001FE00000003FE7F
:109A680000000003FC00000007FC0000000FF800E5
:109A780000000FF00000001FF3FC00001FE3FC00D3
:109A8800003FE3FC00007FC3FC00007FC3FC000034
:109A9800FF83FC0000FF03FC0001FF03FC0003FE42
:109AA80003FC0003FE03FC0007FC03FC0007F803AB
:109AB800FC000FF803FC001FFFFFFFF81FFFFFFF6C
:109AC800F81FFFFFFFF81FFFFFFFF81FFFFFFFF85A
:109AD8001FFFFFFFF81FFFFFFFF8000003FC000057
:109AE8000003FC00000003FC00000003FC00000071
:109AF80003FC00000003FC00000003FC000000035E
:109B0800FC00000000000000007FFFFFC0007FFF96
:109B1800FFC000FFFFFFC000FFFFFFC000FFFFFF07
:109B2800C000FFFFFFC000FFFFFFC000FF000000F4
:109B380000FF00000000FF00000000FF0000000020
:109B4800FF00000000FF00000000FF00000000FF11
:109B5800F0000000FFFFC00000FFFFF80000FFFF5B
:109B6800FE0000FFFFFF0000FFFFFF80007FFFFFF8
:109B7800C0003F01FFE0001C003FE00000001FF0B4
:109B88000000000FF00000000FF00000000FF000D0
:109B9800000007F000400007F000C0000FF001E0EF
:109BA800000FF003F0001FF007F8003FE00FFE0081
:109BB8007FE007FFFFFFC003FFFFFF8001FFFFFFFC
:109BC8008000FFFFFE00007FFFFC00000FFFF00099
:109BD8000001FF800000000000000000003FF000CE
:109BE80000003FE00000007FC0000000FF80000090
:109BF80000FF80000001FF00000003FE00000003DA
:109C0800FE00000007FC0000000FF80000000FF83D
:109C18000000001FF00000003FE00000003FF800D7
:109C280000007FFFE00000FFFFF80001FFFFFE00DB
:109C380001FFFFFF0003FFFFFF8007FFFFFFC007D3
:109C4800FF01FFC00FFC007FE00FF0001FE01FF0D6
:109C5800001FF01FE0000FF01FE0000FF01FE000F2
:109C68000FF01FE0000FF01FE0000FF01FE0000FE3
:109C7800F01FF0001FF00FF0001FE00FF8003FE0AA
:109C880007FE00FFC007FFFFFFC003FFFFFF8001C3
:109C9800FFFFFF0000FFFFFE00003FFFF800000F7E
:109CA800FFE0000001FF00000000000000000000CD
:109CB8000000000FFFFFFFE00FFFFFFFE00FFFFFB7
:109CC800FFE00FFFFFFFE00FFFFFFFE00FFFFFFFC9
:109CD800E00FFFFFFFC00000007FC0000000FF8012
:109CE800000000FF80000001FF00000001FE0000EE
:109CF8000003FE00000003FC00000007FC00000059
:109D080007F80000000FF80000001FF00000001F17
:109D1800E00000003FE00000003FC00000007FC0FE
:109D28000000007F80000000FF80000000FF0000AE
:109D38000001FF00000003FE00000003FC0000001B
:109D480007FC00000007F80000000FF80000000FF3
:109D5800F00000001FF00000001FE00000003FE0DE
:109D68000000007FC00000007F80000000FF80002E
:109D78000000FF00000001FF0000000000000000DC
:109D8800000003FF0000000FFFC000003FFFF800C5
:109D980000FFFFFE0001FFFFFF0003FFFFFF80073A
:109DA800FFFFFFC00FFE01FFC00FF8003FE00FF0FC
:109DB800001FE01FE0001FE01FE0000FE01FE000B1
:109DC8000FE01FE0000FE01FE0001FE00FF0003F72
:109DD800E00FFC007FE00FFFFFFFC007FFFFFF80E1
:109DE80003FFFFFF8001FFFFFE0003FFFFFF800767
:109DF800FFFFFFC00FFFFFFFE01FFE00FFE01FF0A7
:109E0800003FF03FE0000FF03FC0000FF83FC000F8
:109E180007F83FC00007F83FC00007F83FC0000739
:109E2800F83FE0000FF01FF0001FF01FFC007FF06C
:109E38000FFFFFFFE007FFFFFFC003FFFFFF8001E9
:109E4800FFFFFF0000FFFFFC00001FFFF000000302
:109E5800FF8000000001FF00000007FFE000001F76
:109E6800FFF800007FFFFE0000FFFFFF0001FFFF7B
:109E7800FF8003FFFFFFC007FF01FFE00FFC003F6B
:109E8800E00FF8001FF00FF0000FF01FE0000FF0D8
:109E98001FE0000FF01FE00007F01FE00007F01FB1
:109EA800E0000FF01FE0000FF00FF0000FF00FF8C8
:109EB800001FF00FFC003FE007FF01FFE007FFFF76
:109EC800FFC003FFFFFF8001FFFFFF0000FFFFFF50
:109ED80000003FFFFE00000FFFFC0000003FFC00F9
:109EE80000000FF80000001FF00000003FE0000035
:109EF800003FE00000007FC0000000FF800000017C
:109F0800FF80000001FF00000003FE00000007FCC6
:109F180000000007FC0000000FF80000001FF00020
:109F2800000000000000006000000C00006300005A
:109F380007FFFFFE7000000E0000E7C0003FFFFFB4
:109F4800FE7000000E0000E1E000FFFFFFFC700063
:109F5800000E0000E0F003F00000007000000E00AA
:109F680000E07C07C00000007000000E0000E01E4A
:109F78001F000000007000000E0000E00F3E00000F
:109F880000007000000E0000E0067C000000007079
:109F980000000E0000E001F001FFFFF87000000E65
:109FA8000000E003E001FFFFF87000000E0000E091
:109FB80007DC01FFFFF87000000E0000E01F3E0004
:109FC8000000007000000E0000E03E0F800000005E
:109FD8007800000F0001E07807E00000003E000074
:109FE800078003C0F001FC0000001FFFFFE3FFFF34
:109FF800C3E000FFFFFFFC07FFFFF1FFFF07800042
:10A008003FFFFFFE00FFFFF03FFC03000001FFFFE2
:10A01800FE0003FFFFFFC0000003FFFFFFC03FFF7C
:10A02800FFFFF800001FFFFFFFFE3FFFFFFFFE00DE
:10A03800003FFFFFFFFFFFFFFFFFFF0000FFFFFFE5
:10A04800FFFFFFFFFFFFFF8001FFFFFFFFFFFFFF95
:10A05800FFFFFFE007FFFFFFFFFFFFFFFF8000009C
:10A06800000001FFFFFFFFFFF80000000000001FD5
:10A07800FFFE7FFE00000000000000007FFE7FF86A
:10A0880000000000000000001FFE3FF0000000007C
:10A09800000000001FFC3FF000000000000000006E
:10A0A8001FF81FF800000000000000001FF81FF84C
:10A0B80000000000000000001FF00FF80000000082
:10A0C800000000003FE007F800000000000000006A
:10A0D8003FE007FC00000000000000003FC007FC54
:10A0E80000000000000000007FC003FC000000002A
:10A0F800000000007FC003FC00000000000000001A
:10A108007F8001FE0000000000000000FF0001FE4B
:10A118000000000000000000FF0000FE000000003A
:10A1280000000000FE0000FF000000000000000129
:10A13800FE00007F0000000000000001FC00007F1E
:10A148000000000000000003F800003F800000004D
:10A1580000000007F000001F80000000000000075A
:10A16800F000000F800000000000000FE000000F6A
:10A17800C00000000000000FC0000007E000000061
:10A188000000001FC0000007E00000000000003FC2
:10A1980080000007F00000000000003F00000003FE
:10A1A800F80000000000003E00000001F800000078
:10A1B8000000007C000000007C000000000000702F
:10A1C800000000000C000000000000C000000000BB
:10A1D8000200000000000100000000000000000074
:10A1E8000000000000000000000000000000000067
:10A1F8000000000000000000000000000000000057
:10A208000000000000000000000000000000000046
:10A218000000000000000000000000000000000036
:10A228000000000000000000000000000000000026
:10A238000000000000000000000000000000000016
:10A248000000000000000000000000000000000006
:10A2580000000000000000000000000000000000F6
:10A2680000000000000000000000000000080000DE
:10A2780000008000000000000018000000018000BD
:10A2880000000000001C00000001C00000000000E9
:10A29800001C00000003C00000000000001E0000B9
:10A2A8000007C00000000000001E00000007C000FA
:10A2B80000000000001E0000000F800000000000E9
:10A2C800001F0000000F800000000000001F800039
:10A2D800001F800000000000000FC000003F800049
:10A2E80000000000000FC000003F00000000000058
:10A2F800000FE000007F000000000000000FE000F9
:10A3080000FE0000000000000007F00001FC000053
:10A31800000000000007F80003FC00000000000037
:10A328000003FC0007F80000000000000003FE0026
:10A338000FF80000000000000001FF001FF00000FF
:10A34800000000000000FF003FE0000000000000E7
:10A358000000FF803FE000000000000000007FC018
:10A368003FE000000000000000003FE0FFC00000E8
:10A378000000000000003FF1FFC0000000000000E6
:10A3880000001FFFFF8000000000000000001FFF0A
:10A39800FF0000000000000000001FFFFF00000099
:10A3A8000000000000000FFFFE0000000000000099
:10A3B80000000FFFFC00000000000000000007FF85
:10A3C800F800000000000000000003FFF800000093
:10A3D80000000000000003FFF00000000000000083
:10A3E800000001FFE000000000000000000001FF85
:10A3F800E000000000000000000000FFC0000000B6
:10A40800000000000000007F800000000000000045
:10A418000000003F00000000000000000000001ED7
:10A4280000000000000000000000FFFE0000000027
:10A43800000FFFFFE0000000007FFFFFFC000000AE
:10A4480001FFFFFFFF00000007FFE00FFFC0000053
:10A458001FFE01E07FF000003FF00FFC1FFC000032
:10A46800FFC03FFE07FE0001FF007FFF01FF000362
:10A47800FE00FFFF807F8007F801FFFFC03FC00F8D
:10A48800F001FFFFC01FE01FE001FFFFE007F03F02
:10A49800C003FFFFE003F87F8003FFFFE003FCFF3A
:10A4A8000003FFFFE001FEFF0003FFFFE001FE7F66
:10A4B8008003FFFFE003FC3FC003FFFFE007F81F36
:10A4C800E001FFFFE00FF00FF001FFFFC01FE00702
:10A4D800F801FFFFC03FC003FE00FFFF807F80013F
:10A4E800FF007FFF01FF00007FC03FFE07FE000066
:10A4F8003FF00FF81FF800001FFE01C0FFF000003A
:10A5080007FFF00FFFC0000001FFFFFFFF00000082
:10A51800003FFFFFFC0000000007FFFFE000000015
:10A5280000007FFE00000000000000FFFE000000A9
:10A5380000000FFFFFE0000000007FFFFFFC0000AD
:10A548000001FFFFFFFF00000007FFE00FFFC00052
:10A55800001FFE00007FF000003FF000001FFC001D
:10A5680000FFC0000007FE0001FF00000001FF001F
:10A5780003FE00380E007F8007F8001C1C003FC057
:10A588000FF0000E1C001FE01FE0000E380007F05F
:10A598003FC00007700007F87F800003E00003FC5D
:10A5A800FF000001E00001FEFF000003E00001FEE3
:10A5B8007F800003F00003FC3FC00007700007F82D
:10A5C8001FE0000E38000FF00FF0001C1C001FE009
:10A5D80007F8003C0E003FC003FE00380E007F80E5
:10A5E80001FF00000001FF0000FFC0000007FE009F
:10A5F800003FF000001FF800001FFE0000FFF00001
:10A608000007FFF01FFFC0000001FFFFFFFF000071
:10A6180000003FFFFFFC000000000FFFFFE000000C
:10A628000000007FFE000000000000007FF800002E
:10A6380000000003FFFF00000000000FFFFFC00044
:10A648000000003FFFFFF0000000007FFFFFF80060
:10A65800000000FFFFFFFC00000001FFFFFFFE00FD
:10A66800000003FFFFFFFF00000007FFE01FFF805F
:10A6780000000FFF0003FFC000001FFE0001FFE005
:10A6880000001FF800007FE000003FF000003FF0EE
:10A6980000003FE000001FF000007FE000001FF80E
:10A6A80000007FC000000FF800007F80000007F85E
:10A6B8000000FF80000007FC0000FF80000007FC8E
:10A6C8000000FF00000003FC0000FF00000003FC86
:10A6D8000000FF00000003FC0000FF00000003FC76
:10A6E8000000FF00000003FC0000FF00000003FC66
:10A6F8000000FF00000003FC0000FF00000003FC56
:10A708000000FF00000003FC0000FF00000003FC45
:10A718000000FF00000003FC0000FF00000003FC35
:10A728000000FF00000003FC0000FF00000003FC25
:10A738000000FF00000003FC0000FF00000003FC15
:10A748000000FF00000003FC0000FF00000003FC05
:10A758000000FF00000003FC00FFFFFFFFFFFFFFFA
:10A76800FCFFFFFFFFFFFFFFFCFFFFFFFFFFFFFFF7
:10A77800FCFFFFFFFFFFFFFFFCFFFFFFFFFFFFFFE7
:10A78800FCFFFFFFFFFFFFFFFCFFFFFFFFFFFFFFD7
:10A79800FCFFFFFFFFFFFFFFFCFFFFFFFFFFFFFFC7
:10A7A800FCFFFFFFFFFFFFFFFCFFFFFFFFFFFFFFB7
:10A7B800FCFFFFFFFFFFFFFFFCFFFFFFFFFFFFFFA7
:10A7C800FCFFFFFFFFFFFFFFFCFFFFFFFFFFFFFF97
:10A7D800FCFFFFFFFFFFFFFFFCFFFFFFFFFFFFFF87
:10A7E800FCFFFFFFFFFFFFFFFCFFFFFFFFFFFFFF77
:10A7F800FCFFFFFFFFFFFFFFFCFFFFFFFFFFFFFF67
:10A80800FCFFFFFFFFFFFFFFFCFFFFFFFFFFFFFF56
:10A81800FCFFFFFFFFFFFFFFFCFFFFFFFFFFFFFF46
:10A82800FCFFFFFFFFFFFFFFFCFFFFFFFFFFFFFF36
:10A83800FCFFFFFFFFFFFFFFFCFFFFFFFFFFFFFF26
:10A84800FCFFFFFFFFFFFFFFFCFFFFFFFFFFFFFF16
:10A85800FCFFFFFFFFFFFFFFFCFFFFFFFFFFFFFF06
:10A86800FCFFFFFFFFFFFFFFFCFFFFFFFFFFFFFFF6
:10A87800FCFFFFFFFFFFFFFFFCFFFFFFFFFFFFFFE6
:10A88800FCFFFFFFFFFFFFFFFCFFFFFFFFFFFFFFD6
:10A89800FCFFFFFFFFFFFFFFFCFFFFFFFFFFFFFFC6
:10A8A800FCFFFFFFFFFFFFFFFCFFFFFFFFFFFFFFB6
:10A8B800FCFFFFFFFFFFFFFFFCFFFFFFFFFFFFFFA6
:10A8C800FCFFFFFFFFFFFFFFFCFFFFFFFFFFFFFF96
:10A8D800FC0001FFFFFFFFFFFFFFFFFFFFFFF0038B
:10A8E800FFFFFFFFFFFFFFFFFFFFFFFC07FFFFFF6B
:10A8F800FFFFFFFFFFFFFFFFFE0F0000000000004B
:10A9080000000000001E0E00000000000000000013
:10A9180000000F1E000000000000000000000007FB
:10A928001E0000000000000000000000071E0000DC
:10A93800000000000000000000071E0000000000EA
:10A94800000000000000071E0000000000000000DA
:10A95800000000071E0000000000000000000000CA
:10A96800071E0000000000000000000000071E0095
:10A9780000000000000000000000077E000000004A
:10A988000000000000000007FE00000000000000BA
:10A998000000000007FE00000000000000000000AA
:10A9A8000007E0000000000000000000000007E0D1
:10A9B800000000000000000000000007E0000000A8
:10A9C800000000000000000007E000000000000098
:10A9D800000000000007E000000000000000000088
:10A9E800000007E000000000000000000000000771
:10A9F800E0000000000000000000000007E0000088
:10AA080000000000000000000007E0000000000057
:10AA180000000000000007E0000000000000000047
:10AA280000000007E0000000000000000000000037
:10AA380007E0000000000000000000000007E00040
:10AA48000000000000000000000007E00000000017
:10AA58000000000000000007E00000000000000007
:10AA68000000000007E000000000000000000000F7
:10AA78000007FE000000000000000000000007FEC4
:10AA88000000000000000000000000077E00000039
:10AA98000000000000000000071E00000000000089
:10AAA8000000000000071E00000000000000000079
:10AAB8000000071E00000000000000000000000762
:10AAC8001E0000000000000000000000071E00003B
:10AAD800000000000000000000071E000000000049
:10AAE800000000000000071E000000000000000039
:10AAF800000000071E000000000000000000000029
:10AB0800070E00000000000000000000000F0F000A
:10AB1800000000000000000000001E07FFFFFFFF0C
:10AB2800FFFFFFFFFFFFFFFE03FFFFFFFFFFFFFF2A
:10AB3800FFFFFFFFFC01FFFFFFFFFFFFFFFFFFFF1E
:10AB4800FFF00001FFFFFFFFFFFFFFFFFFFFFFF028
:10AB580003FFFFFFFFFFFFFFFFFFFFFFFC07FFFFF4
:10AB6800FFFFFFFFFFFFFFFFFFFE0F0000000000D9
:10AB78000000000000001E0E0000000000000000A1
:10AB88000000000F1E000000000000000000000090
:10AB9800071E0000000000000000000000071E0063
:10ABA80000000000000000003FFF871E00000000BA
:10ABB80000000000003FFF871E00000000000000AA
:10ABC80000003FFF871E0000000000000000003F5B
:10ABD800FF871E0000000000000000003FFF871EE6
:10ABE8000000000000000000003FFF877E0000001A
:10ABF8000000000000003FFF87FE0000000000008A
:10AC08000000003FFF87FE00000000000000000079
:10AC18003FFF87E00000000000000000003FFF87C2
:10AC2800E00000000000000000003FFF87E0000097
:10AC3800000000000000003FFF87E0000000000067
:10AC4800000000003FFF87E0000000000000000057
:10AC5800003FFF87E00000000000000000003FFF09
:10AC680087E00000000000000000003FFF87E000D0
:10AC780000000000000000003FFF87E00000000027
:10AC880000000000003FFF87E00000000000000017
:10AC980000003FFF87E00000000000000000003FC8
:10ACA800FF87E00000000000000000003FFF87E091
:10ACB8000000000000000000003FFF87E0000000E7
:10ACC8000000000000003FFF87E0000000000000D7
:10ACD8000000003FFF87E0000000000000000000C7
:10ACE8003FFF87FE0000000000000000003FFF87D4
:10ACF800FE0000000000000000003FFF877E00000B
:10AD0800000000000000003FFF871E000000000058
:10AD1800000000003FFF871E000000000000000048
:10AD2800003FFF871E0000000000000000003FFFFA
:10AD3800871E0000000000000000003FFF871E0083
:10AD480000000000000000003FFF871E0000000018
:10AD580000000000003FFF871E0000000000000008
:10AD680000001FFF871E0000000000000000000018
:10AD780000070E00000000000000000000000F0F98
:10AD880000000000000000000000001E07FFFFFF99
:10AD9800FFFFFFFFFFFFFFFFFE03FFFFFFFFFFFFB8
:10ADA800FFFFFFFFFFFC01FFFFFFFFFFFFFFFFFFAC
:10ADB800FFFFF00001FFFFFFFFFFFFFFFFFFFFFFA7
:10ADC800F003FFFFFFFFFFFFFFFFFFFFFFFC07FF91
:10ADD800FFFFFFFFFFFFFFFFFFFFFE0F0000000068
:10ADE800000000000000001E0E000000000000002F
:10ADF800000000000F1E000000000000000000001E
:10AE080000071E0000000000000000000000071EF0
:10AE180000000000000000FFFE3FFF871E0000004A
:10AE280000000000FFFE3FFF871E0000000000003A
:10AE380000FFFE3FFF871E00000000000000FFFE2D
:10AE48003FFF871E00000000000000FFFE3FFF8755
:10AE58001E00000000000000FFFE3FFF877E00008C
:10AE68000000000000FFFE3FFF87FE00000000001A
:10AE78000000FFFE3FFF87FE00000000000000FF0B
:10AE8800FE3FFF87E000000000000000FFFE3FFFDC
:10AE980087E000000000000000FFFE3FFF87E000A1
:10AEA800000000000000FFFE3FFF87E000000000F8
:10AEB800000000FFFE3FFF87E000000000000000E8
:10AEC800FFFE3FFF87E000000000000000FFFE3F9C
:10AED800FF87E000000000000000FFFE3FFF87E062
:10AEE80000000000000000FFFE3FFF87E0000000B8
:10AEF80000000000FFFE3FFF87E0000000000000A8
:10AF080000FFFE3FFF87E000000000000000FFFE9A
:10AF18003FFF87E000000000000000FFFE3FFF87C2
:10AF2800E000000000000000FFFE3FFF87E0000097
:10AF38000000000000FFFE3FFF87E0000000000067
:10AF48000000FFFE3FFF87E000000000000000FF58
:10AF5800FE3FFF87FE00000000000000FFFE3FFFED
:10AF680087FE00000000000000FFFE3FFF877E0014
:10AF7800000000000000FFFE3FFF871E00000000E9
:10AF8800000000FFFE3FFF871E00000000000000D9
:10AF9800FFFE3FFF871E00000000000000FFFE3F8D
:10AFA800FF871E00000000000000FFFE3FFF871E15
:10AFB80000000000000000FFFE3FFF871E000000A9
:10AFC80000000000FFFE3FFF871E00000000000099
:10AFD800007FFE1FFF871E00000000000000000029
:10AFE8000000070E00000000000000000000000F35
:10AFF8000F00000000000000000000001E07FFFF17
:10B00800FFFFFFFFFFFFFFFFFFFE03FFFFFFFFFF45
:10B01800FFFFFFFFFFFFFC01FFFFFFFFFFFFFFFF39
:10B02800FFFFFFF00001FFFFFFFFFFFFFFFFFFFF34
:10B03800FFF003FFFFFFFFFFFFFFFFFFFFFFFC071E
:10B04800FFFFFFFFFFFFFFFFFFFFFFFE0F000000F6
:10B0580000000000000000001E0E000000000000BC
:10B0680000000000000F1E000000000000000000AB
:10B078000000071E0000000000000000000000079C
:10B088001E0000000003FFF8FFFE3FFF871E0000C0
:10B09800000003FFF8FFFE3FFF871E0000000003CB
:10B0A800FFF8FFFE3FFF871E0000000003FFF8FFC8
:10B0B800FE3FFF871E0000000003FFF8FFFE3FFF72
:10B0C800871E0000000003FFF8FFFE3FFF877E0099
:10B0D80000000003FFF8FFFE3FFF87FE00000000AE
:10B0E80003FFF8FFFE3FFF87FE0000000003FFF8A4
:10B0F800FFFE3FFF87E00000000003FFF8FFFE3F70
:10B10800FF87E00000000003FFF8FFFE3FFF87E035
:10B118000000000003FFF8FFFE3FFF87E00000008B
:10B128000003FFF8FFFE3FFF87E00000000003FF79
:10B13800F8FFFE3FFF87E00000000003FFF8FFFE76
:10B148003FFF87E00000000003FFF8FFFE3FFF8796
:10B15800E00000000003FFF8FFFE3FFF87E000006B
:10B16800000003FFF8FFFE3FFF87E0000000000338
:10B17800FFF8FFFE3FFF87E00000000003FFF8FF35
:10B18800FE3FFF87E00000000003FFF8FFFE3FFFDF
:10B1980087E00000000003FFF8FFFE3FFF87E000A4
:10B1A80000000003FFF8FFFE3FFF87E000000000FB
:10B1B80003FFF8FFFE3FFF87E00000000003FFF8F1
:10B1C800FFFE3FFF87FE0000000003FFF8FFFE3F81
:10B1D800FF87FE0000000003FFF8FFFE3FFF877EA9
:10B1E8000000000003FFF8FFFE3FFF871E0000007D
:10B1F8000003FFF8FFFE3FFF871E0000000003FF6B
:10B20800F8FFFE3FFF871E0000000003FFF8FFFE67
:10B218003FFF871E0000000003FFF8FFFE3FFF8787
:10B228001E0000000003FFF8FFFE3FFF871E00001E
:10B23800000003FFF8FFFE3FFF871E00000000012B
:10B24800FFF07FFE1FFF871E0000000000000000C7
:10B25800000000070E0000000000000000000000D1
:10B268000F0F00000000000000000000001E07FF94
:10B27800FFFFFFFFFFFFFFFFFFFFFE03FFFFFFFFD3
:10B28800FFFFFFFFFFFFFFFC01FFFFFFFFFFFFFFC7
:10B29800FFFFFFFFF00001FFFFFFFFFFFFFFFFFFC2
:10B2A800FFFFF003FFFFFFFFFFFFFFFFFFFFFFFCB4
:10B2B80007FFFFFFFFFFFFFFFFFFFFFFFE0F00007D
:10B2C8000000000000000000001E0E00000000004A
:10B2D8000000000000000F1E000000000000000039
:10B2E800000000071E000000000000000000000031
:10B2F800071E00000FFFE3FFF8FFFE3FFF871E0059
:10B30800000FFFE3FFF8FFFE3FFF871E00000FFF5F
:10B31800E3FFF8FFFE3FFF871E00000FFFE3FFF883
:10B32800FFFE3FFF871E00000FFFE3FFF8FFFE3F11
:10B33800FF871E00000FFFE3FFF8FFFE3FFF877E39
:10B3480000000FFFE3FFF8FFFE3FFF87FE00000F3E
:10B35800FFE3FFF8FFFE3FFF87FE00000FFFE3FF5C
:10B36800F8FFFE3FFF87E000000FFFE3FFF8FFFE56
:10B378003FFF87E000000FFFE3FFF8FFFE3FFF8776
:10B38800E000000FFFE3FFF8FFFE3FFF87E000004B
:10B398000FFFE3FFF8FFFE3FFF87E000000FFFE32A
:10B3A800FFF8FFFE3FFF87E000000FFFE3FFF8FF15
:10B3B800FE3FFF87E000000FFFE3FFF8FFFE3FFFBF
:10B3C80087E000000FFFE3FFF8FFFE3FFF87E00084
:10B3D800000FFFE3FFF8FFFE3FFF87E000000FFFCD
:10B3E800E3FFF8FFFE3FFF87E000000FFFE3FFF8F1
:10B3F800FFFE3FFF87E000000FFFE3FFF8FFFE3F7F
:10B40800FF87E000000FFFE3FFF8FFFE3FFF87E044
:10B4180000000FFFE3FFF8FFFE3FFF87E000000F8B
:10B42800FFE3FFF8FFFE3FFF87E000000FFFE3FFA9
:10B43800F8FFFE3FFF87FE00000FFFE3FFF8FFFE67
:10B448003FFF87FE00000FFFE3FFF8FFFE3FFF8787
:10B458007E00000FFFE3FFF8FFFE3FFF871E00009E
:10B468000FFFE3FFF8FFFE3FFF871E00000FFFE31B
:10B47800FFF8FFFE3FFF871E00000FFFE3FFF8FF06
:10B48800FE3FFF871E00000FFFE3FFF8FFFE3FFFB0
:10B49800871E00000FFFE3FFF8FFFE3FFF871E0037
:10B4A800000FFFE3FFF8FFFE3FFF871E00000FFFBE
:10B4B800C1FFF07FFE1FFF871E0000000000000094
:10B4C80000000000070E000000000000000000005F
:10B4D800000F0F00000000000000000000001E0721
:10B4E800FFFFFFFFFFFFFFFFFFFFFFFE03FFFFFF61
:10B4F800FFFFFFFFFFFFFFFFFC01FFFFFFFFFFFF55
:10B50800FFFFFFFFFFF00001FFFFFFFFFFFFFFFF4F
:10B51800FFFFFFF003FFFFFFFFFFFFFFFFFFFFFF3E
:10B52800FC07FFFFFFFFFFFFFFFFFFFFFFFE0F000E
:10B53800000000000000000000001E0E00000000D7
:10B54800000000000000000F1E00000000000000C6
:10B5580000000000071E00000000000000000000BE
:10B5680000071E3FFF8FFFE3FFF8FFFE3FFF871E28
:10B578003FFF8FFFE3FFF8FFFE3FFF871E3FFF8F70
:10B58800FFE3FFF8FFFE3FFF871E3FFF8FFFE3FF4C
:10B59800F8FFFE3FFF871E3FFF8FFFE3FFF8FFFE28
:10B5A8003FFF871E3FFF8FFFE3FFF8FFFE3FFF8748
:10B5B8007E3FFF8FFFE3FFF8FFFE3FFF87FE3FFF61
:10B5C8008FFFE3FFF8FFFE3FFF87FE3FFF8FFFE39C
:10B5D800FFF8FFFE3FFF87E03FFF8FFFE3FFF8FF25
:10B5E800FE3FFF87E03FFF8FFFE3FFF8FFFE3FFFCF
:10B5F80087E03FFF8FFFE3FFF8FFFE3FFF87E03F55
:10B60800FF8FFFE3FFF8FFFE3FFF87E03FFF8FFF5D
:10B61800E3FFF8FFFE3FFF87E03FFF8FFFE3FFF800
:10B62800FFFE3FFF87E03FFF8FFFE3FFF8FFFE3F8E
:10B63800FF87E03FFF8FFFE3FFF8FFFE3FFF87E054
:10B648003FFF8FFFE3FFF8FFFE3FFF87E03FFF8FDD
:10B65800FFE3FFF8FFFE3FFF87E03FFF8FFFE3FFB9
:10B66800F8FFFE3FFF87E03FFF8FFFE3FFF8FFFE95
:10B678003FFF87E03FFF8FFFE3FFF8FFFE3FFF87B5
:10B68800E03FFF8FFFE3FFF8FFFE3FFF87E03FFF4C
:10B698008FFFE3FFF8FFFE3FFF87E03FFF8FFFE3E9
:10B6A800FFF8FFFE3FFF87FE3FFF8FFFE3FFF8FF36
:10B6B800FE3FFF87FE3FFF8FFFE3FFF8FFFE3FFFE0
:10B6C800877E3FFF8FFFE3FFF8FFFE3FFF871E3FA8
:10B6D800FF8FFFE3FFF8FFFE3FFF871E3FFF8FFF4F
:10B6E800E3FFF8FFFE3FFF871E3FFF8FFFE3FFF8F2
:10B6F800FFFE3FFF871E3FFF8FFFE3FFF8FFFE3F80
:10B70800FF871E3FFF8FFFE3FFF8FFFE3FFF871E07
:10B718003FFF8FFFE3FFF8FFFE3FFF871E3FFF0F4E
:10B72800FFC1FFF07FFE1FFF871E00000000000022
:10B738000000000000070E000000000000000000EC
:10B7480000000F0F00000000000000000000001EB5
:10B7580007FFFFFFFFFFFFFFFFFFFFFFFE03FFFFE6
:10B76800FFFFFFFFFFFFFFFFFFFC01FFFFFFFFFFE2
:10B77800FFFFFFFFFFFFF000FFFFFFFFFFFFFFFFDF
:10B78800FFFFFFFFFFFFFFFFFFFFFFFFFFFFFFFFC1
:10B79800FFFFFFFFFFFFFFFFFFFFFFFFFFFFFFFFB1
:10B7A800FFFFFFFFFFFFFFFFFFFFFFFF000049BF95
:10B7B80006D04851E96E4951EA6EEF5012004851DF
:10B7C800DC0FF66EB70E4921800FF76EF86A080095
:10B7D800F55012004341500053454D49004E584C16
:10B7E800004943504C00524553500046554C4C00BC
:10B7F80052414D50004C4F434B004D454E55005063
:10B8080057520046495245004457454C4C004C4954
:10B818004D49540046494E45004259500042555240
:10B82800535400434F554E5400454E54455200530F
:10B83800484F545300535553540045434F004D4F00
:10B8480044450053504B5200564F4C00564F494305
:10B85800450053454C005452494700444200415565
:10B86800544F004C4F41440044454C415900414419
:10B878004A004653444F0053484F5400544D520019
:10B8880047414D4500544F4700534F4654005645D5
:10B8980052004F444F004D45544552004641430025
:10B8A8005245534554004445464C540042414E4B82
:10B8B800320042414E4B330056495300464F5243E3
:10B8C80045004F4646004F4E004558495400434FE7
:10B8D8004E46004C4F57004D4544004849474800E4
:10B8E8004D415800425053004D5300534543004DBD
:08B8F800494E00312E333700E8
:00000001FF
