:020000040000FA
:0414000094EF48F02D
:06140800000115D81100DF
:10141800D8CF1DF2E0CF1EF202011F6F00011BD8CA
:1014280002011F511EC2E0FF1DC2D8FF1000E9CF04
:1014380000F2EACF01F2F3CF02F2F4CF03F2A2EC0A
:1014480010F09E9203C2F4FF02C2F3FF00C2E9FF4C
:1014580001C2EAFF1200E9CF20F2EACF21F2F3CF6E
:1014680022F2F4CF23F2F6CF24F2F7CF25F2F8CF09
:1014780026F2F5CF27F2F40ED76E500ED66EF29400
:1014880069EC48F027C2F5FF24C2F6FF25C2F7FF32
:1014980026C2F8FF23C2F4FF22C2F3FF20C2E9FFED
:1014A80021C2EAFF12003D6F3E6B110E3F6F08D05C
:1014B8003E3740373D513E5D40B1D880D8B03E6F91
:1014C8003B373C373F2FF4D73B511200326B336B1D
:1014D800110E346F0BD0323733373051325D315102
:1014E800335904E3336F3051325FD8802E372F37AA
:1014F800342FF1D72E511200406B416B190E426FF9
:101508000DD04037413705E23E51405D3F514159CA
:1015180005E33E51405F3F51415BD8803B373C3744
:101528003D37422FEED73B5112003D6F3E6B100EF8
:101538003F6F3B373C373E3740373D513E5D40B10A
:10154800D880D8B03E6F3F2FF4D73E511200406B81
:10155800416B180E426F3B373C373D3740374137B8
:1015680005E23E51405D3F51415904E33E51405F21
:101578003F51415B422FEFD740511200284906D016
:1015880028C2E9FFEA6AEE2A000EEF2200011200E3
:1015980002011B511C6F0101120002011A511C6F3C
:1015A80001011200020119511C6F01011200136F91
:1015B800166F156B146B196B1251186F176B175147
:1015C8001427185115231951162311511427000EE9
:1015D800152316231451120002016F6F706B6F519F
:1015E80070610ED0716B726B210E715D020E7259B3
:1015F80005E20000712B000E7223F6D7702BEFD78F
:1016080012000201196FC68A9E9619C2C9FF9EA6CA
:10161800FED7C9CF1AF21A51120092809282928490
:101628009286809A929A93828194939481969396C3
:1016380081989398938A8280949082929492829EC1
:10164800949E8380959083829592838495948386D3
:1016580095969588958A838C959C838E959E848E85
:101668009680849496941200700ED36E400E9B6EF2
:10167800280EC26E3D0EC16E48691B0E496FC280AE
:10168800C69A400EC76EC66AC68A080ED56EF40E94
:10169800D76E500ED66EF194F29AF294D58EF28CE3
:1016A8005E0ECB6E380ECA6E9F829E929D92CA8441
:1016B800D08EF28E0E0E0E01D26FFF6B0C0EBA6E2C
:1016C800BA9ABA98BB6A12009292808212009282E9
:1016D8001200829012008280120084841200849486
:1016E8001200C29AC288C296C284C282C2B2FED70F
:1016F800C45012008386C28AC298C286C294C2822B
:10170800C2B2FED78396C45012008194818612001B
:101718008184819612008194819612000201286FBB
:10172800285105E0010A05E0030A05E006D0EDDFCF
:1017380005D0EEDF03D0EFDF01D0EDDF00011200AE
:101748000001605105E0010A0CE0030A1CE02CD0FE
:1017580028C200F12AC261F02BC262F0010E606F4C
:1017680023D06151621103E06107000E625B615191
:1017780062111AE129C200F12CC261F02DC262F097
:10178800020E606F11D06151621103E06107000E13
:10179800625B6151621108E128C200F12AC261F05E
:1017A8002BC262F0010E606F12007F6E0001635160
:1017B80005E0010A0FE0030A18E026D07F50AEDFEB
:1017C8007F5003E0080E646F02D0010E646F010EB3
:1017D800636F1AD0642F18D0020EA0DF7F5002E189
:1017E800070E646F020E636F0FD064676407646747
:1017F8000BD07F5093DF7F5003E0080E646F02D058
:10180800010E646F010E636F1200839E060EF9DEEF
:10181800838E839E980EF5DE838E00011200839ED0
:10182800050EEFDE000EEDDE366F838E1200839E0E
:10183800060EE7DE838E839ED80EE3DE2CC219F2F5
:101848002DC21AF22EC21BF2A3DE0001DADE2CC270
:1018580019F22DC21AF22EC21BF29FDE0001D1DE50
:101868002CC219F22DC21AF22EC21BF29BDE000105
:10187800C8DE838E0001D3DF0001E8B0FCD7120078
:10188800839E030EBEDE04C219F205C21AF206C216
:101898001BF27EDE0001B5DE04C219F205C21AF29F
:1018A80006C21BF27ADE0001ACDE04C219F205C2E0
:1018B8001AF206C21BF276DE0001A3DE000EA1DEDC
:1018C800076F838E00011200166F839E030E99DE48
:1018D80011C219F212C21AF213C21BF259DE000128
:1018E80090DE11C219F212C21AF213C21BF255DEAF
:1018F800000187DE11C219F212C21AF213C21BF2DA
:1019080051DE00017EDE186B165118610DD0000EF5
:1019180078DE176F18511425E96E000E1521EA6E4E
:1019280017C2EFFF182BF0D7838E1200356F839EF6
:10193800060E67DE838E839E020E63DE32C219F2C4
:1019480033C21AF234C21BF223DE00015ADE32C25D
:1019580019F233C21AF234C21BF21FDE000151DE43
:1019680032C219F233C21AF234C21BF21BDE000172
:1019780048DE355146DE838E52DFE8B0FDD71200CF
:10198800306F316B3051316113D02CC232F22DC21D
:1019980033F22EC234F2010EEA6E31512F25E96E70
:1019A800EF50C4DF2C2B000E2D232E23312BEAD72A
:1019B80012002C6B200E2C6107D001EE01F02C5187
:1019C800E926EF682C2BF6D70101016B120E026F86
:1019D800010E036F020E046F030E056F066B010EF6
:1019E800076F086B096B040E0A6F0B6B010E0C6F07
:1019F8000D0E0D6F140E0E6F030E0F6F106B0A0E87
:101A0800116F126B136B870E146F030E156F166F21
:101A1800050E176F186B196B1A6B02012C6B200ED1
:101A28002C6107D001EE21F02C51E926EF682C2B10
:101A3800F6D70A0E0101216F040E226F0A0E236FDA
:101A4800246F040E256F0A0E266F276F040E286F69
:101A58000A0E296F050E2A6F2B6F2C6F0A0E2D6F39
:101A6800040E2E6F0A0E2F6F306F040E316F0A0EA0
:101A7800326F336F040E346F0A0E356F366F040EF3
:101A8800376F0A0E386F120077C201F17BC202F17C
:101A98007CC203F17DC204F17EC205F17FC206F16A
:101AA80080C207F181C208F182C209F183C20AF13A
:101AB80084C20BF185C20CF186C20DF187C20EF10A
:101AC80088C20FF189C210F18AC211F18BC212F1DA
:101AD8008CC213F18DC214F18EC215F18FC216F1AA
:101AE80090C217F19CC219F29DC21AF29EC21BF253
:101AF80059DD186F9CC219F29DC21AF29EC21BF2E0
:101B08004CDD196F9CC219F29DC21AF29EC21BF2DB
:101B18003FDD1A6F91C220F1020177510FE0010AEF
:101B280014E0030A19E0010A1EE0070A23E0010A8B
:101B380028E0030A2DE0010A32E037D078C221F10B
:101B480079C222F17AC223F130D078C224F179C265
:101B580025F17AC226F129D078C227F179C228F175
:101B68007AC229F122D078C22AF179C22BF17AC23D
:101B78002CF11BD078C22DF179C22EF17AC22FF147
:101B880014D078C230F179C231F17AC232F10DD075
:101B980078C233F179C234F17AC235F106D078C20D
:101BA80036F179C237F17AC238F101011200000129
:101BB8002CDE02012C6B2D6B2E6B000138DE02012E
:101BC8002C6B2D6B2E6B010E2F6F200ED9DE200E85
:101BD8002C6F2D6B2E6B210E2F6F200ED1D69CC231
:101BE80019F29DC21AF29EC21BF2DCDC186F9CC26D
:101BF80019F29DC21AF29EC21BF2CFDC196F9CC269
:101C080019F29DC21AF29EC21BF2C2DC1A6FCFDF14
:101C180001011200010E776303D09F6BA06B17D0F0
:101C280078510A0DF3CF2CF2F4CF2DF279512C27ED
:101C3800000E2D23200E2E6F4E0E2F6F2CC230F269
:101C48002DC231F243DC2EC29FF22FC2A0F2120045
:101C58007A510A0DF3CF2CF2F4CF2DF279512C27BB
:101C6800000E2D23200E2E6F4E0E2F6F2CC230F239
:101C78002DC231F22BDC2EC2A1F22FC2A2F2040E29
:101C8800A15F000EA25B1200776B120E7B6F030E32
:101C98008E6F8F6F050E906F010E7C6F020E7D6F39
:101CA800030E7E6F7F6B010E806F816B826B040E5B
:101CB800836F846B010E856F0D0E866F140E876F10
:101CC800030E886F896B0A0E8A6F8B6B8C6B870E7D
:101CD8008D6F77510FE0010A14E0030A19E0010A39
:101CE8001EE0070A21E0010A26E0030A2BE0010AA8
:101CF80030E035D00A0E786F040E796F0A0E7A6FCD
:101D08002ED00A0E786F040E796F0A0E7A6F27D0DC
:101D18000A0E786F040E796F0A0E7A6F20D0050EBE
:101D2800786F796F7A6F1BD00A0E786F040E796F0F
:101D38000A0E7A6F14D00A0E786F040E796F0A0EA5
:101D48007A6F0DD00A0E786F040E796F0A0E7A6FCB
:101D580006D00A0E786F040E796F0A0E7A6FA86B98
:101D68001200116B126B136B010E146F156F200E9E
:101D7800ABDD200E116F126B136B210E146F010E69
:101D8800156F200EA1DD01012051640A08E02051E1
:101D98006E0A05E020516F0A02E0640E206F20C130
:101DA80091F21451870A020116E003DE91C220F174
:101DB800FEDE116B126B136B010E146F156F200E84
:101DC80083DD200E116F126B136B210E146F010E41
:101DD800156F200E79DD2BA101C177F202C17BF2CC
:101DE80015C18EF216C18FF217C190F203C17CF2B1
:101DF8007CC2A3F204C17DF205C17EF206C17FF266
:101E08007FC2A4F207C180F280C2A5F208C181F2A4
:101E180009C182F20AC183F20BC184F20CC185F2B6
:101E28000DC186F20EC187F20FC188F210C189F286
:101E380011C18AF212C18BF213C18CF214C18DF256
:101E480018C128F219C129F21AC12AF277510FE0F4
:101E5800010A14E0030A19E0010A1EE0070A23E058
:101E6800010A28E0030A2DE0010A32E037D021C137
:101E780078F222C179F223C17AF230D024C178F203
:101E880025C179F226C17AF229D027C178F228C172
:101E980079F229C17AF222D02AC178F22BC179F2DB
:101EA8002CC17AF21BD02DC178F22EC179F22FC144
:101EB8007AF214D030C178F231C179F232C17AF2B3
:101EC8000DD033C178F234C179F235C17AF206D037
:101ED80036C178F237C179F238C17AF29BDEB8DEC2
:101EE800D8908335946F050E8403F3CF95F2010ED5
:101EF800866503D086C293F202D0010E936FA0517B
:101F080005E1A00E9F6102D0010E936F00019F872B
:101F1800D89002018735966F140E8803F3CF97F295
:101F280028C211F229C212F22A51DBEC0AF014C2BB
:101F38009CF215C29DF216C29EF28A513C0DF3CF57
:101F48009AF2F4CF9BF20A0E9A27000E9B23D00E2A
:101F58003B6F070E3C6F905157EC0AF03BC298F26A
:101F68003CC299F28129A66F0A0E7E03F3CFA7F22D
:101F78008C4DA36B1200286B030E28610BD07EECEE
:101F88000BF02B6F02EE2DF02851E9262BC2EFFF44
:101F9800282BF2D7286B030E286134D028C22AF2E6
:101FA8002829296F030E296113D002EE2DF029513B
:101FB800E926EFCF2BF202EE2DF02A51E926EFCFDA
:101FC8002CF22C512B6102D029C22AF2292BEAD7F4
:101FD80002EE2DF02851E926EFCF2BF202EE2DF07C
:101FE8002A51E926EFCF2CF202EE2DF02851E926EE
:101FF8002CC2EFFF02EE2DF02A51E9262BC2EFFF8B
:10200800282BC9D72FC269F01200B50E696503D015
:10201800050E656F19D0B20E696503D0040E656FA1
:1020280013D0AF0E696503D0030E656F0DD0AC0EEB
:10203800696503D0020E656F07D0A90E696503D0E4
:10204800010E656F01D0656B1200056F060DF3CFA9
:1020580009F2F4CF0AF20451100DF3CF08F2076B1E
:10206800066B09510625116F0A510721126F000EE0
:102078000821136F0B0E146F020E156F060E24DC69
:102088000BC211F20CC212F20D51DBEC0AF014C2B1
:102098006EF015C26FF016C270F00EC211F20FC2C8
:1020A80012F21051DBEC0AF014C271F015C272F092
:1020B80016C273F0120002012C6FA353D8B4120099
:1020C800080E0001806107D0EA6A740E8025E96E67
:1020D8002CC2EFFF802B020112000201A36702D07D
:1020E80000011200000180676C819D8212000201CC
:1020F800046B04BF03D0080E046107D0EA6A740EAB
:102108000425E96EEF68042BF4D70001806B7F6B20
:102118006C917C6B9D921200056F0453D8B4056BCB
:1021280005A3BA9A05B3BA8A05A1BA9805B1BA88BF
:10213800D8900531BB6ED890BB3212007C510BE0B1
:10214800010A12E0030A1CE0010A27E0070A35E049
:10215800010A51E05BD06CA159D071EC0BF07D6B9A
:102168007E6B010E7C6F52D07D2B000E7E23210EDC
:102178007D5D030E7E594AE37F6B020E7C6F46D06D
:10218800A6C204F2EA6A740E7F25E96EEF500201D6
:102198005CDF030E00017C6F39D06EC004F26FC0A3
:1021A80005F270C006F244EC0CF06D6F6E2B000E59
:1021B8006F237023040E7C6F29D0A3C204F26D51E3
:1021C8000201AADF000171516E5D72516F5973519E
:1021D80070590EE26EC004F26FC005F270C006F2CC
:1021E80044EC0CF06D6F6E2B000E6F2370230ED035
:1021F800050E7C6F0BD080057F6104D07F2B020E0B
:102208007C6F04D073EC0BF072DF7C6B1200030E52
:1022180052DF00016551050A0BE0010A0FE0070AC9
:1022280013E0010A17E0030A1BE0010A1FE023D0AC
:10223800330E41DF340E3FDF00011DD0120E3BDFAD
:10224800340E39DF000117D0450E35DF340E33DF89
:10225800000111D01B0E2FDF340E2DDF00010BD033
:10226800510E29DF340E27DF000105D0490E23DF88
:10227800340E21DF00011200D1512BE0010A2DE0BC
:10228800030A2FE0010A31E0070A33E0010A35E0CA
:10229800030A37E0010A39E00E0A3BE0030A3DE091
:1022A800010A3FE0070A41E0010A45E0030A47E066
:1022B800010A49E01F0A4BE0010A4FE0030A51E016
:1022C8001A0A55E01B0A57E0070A59E0010A5BE0C1
:1022D8005DD0180EF0DE000159D00E0EECDE0001C4
:1022E80055D0060EE8DE000151D0050EE4DE0001EF
:1022F8004DD0090EE0DE000149D0080EDCDE0001F9
:1023080045D0400ED8DE000141D0410ED4DE000198
:102318003DD0480ED0DE000139D0540ECCDE00018D
:1023280035D04F0EC8DE000131D0200EC4DE240E99
:10233800C2DE00012BD0240EBEDE000127D01E0E07
:10234800BADE000123D01F0EB6DE00011FD03F0EFB
:10235800B2DE4D0EB0DE000119D0210EACDE000158
:1023680015D0210EA8DE4D0EA6DE00010FD00F0EEF
:10237800A2DE00010BD0460E9EDE000107D02F0E14
:102388009ADE000103D0150E96DE00011200286FB8
:1023980028510FE0010A10E0030A11E0010A12E0D7
:1023A800070A13E0010A14E0030A15E0010A16E01F
:1023B80017D02E0E80DE14D03A0E7DDE11D00A0E14
:1023C8007ADE0ED0230E77DE0BD0200E74DE08D016
:1023D800010E71DE05D0070E6EDE02D0000E6BDE38
:1023E80012002C6F2C5139E0010A3AE0030A3BE055
:1023F800010A3CE0070A3DE0010A3EE0030A3FE02B
:10240800010A40E00F0A41E0010A42E0030A43E002
:10241800010A44E0070A45E0010A46E0030A47E0EA
:10242800010A48E01F0A49E0010A4AE0030A4BE0B2
:10243800010A4CE0070A4DE00A0A4EE0360A4FE06E
:102448001A0A50E00E0A51E07A0A52E0160A53E0DE
:102458000A0A54E03E0A55E057D0560E2D6F56D062
:10246800320E2D6F53D0520E2D6F50D04C0E2D6F53
:102478004DD01C0E2D6F4AD0190E2D6F47D0430E2C
:102488002D6F44D03C0E2D6F41D0100E2D6F3ED0D5
:102498002B0E2D6F3BD0490E2D6F38D0130E2D6F9C
:1024A80035D0500E2D6F32D04A0E2D6F2FD01D0E05
:1024B8002D6F2CD0160E2D6F29D0440E2D6F26D0DF
:1024C8003D0E2D6F23D0110E2D6F20D02C0E2D6FA9
:1024D8001DD0510E2D6F1AD04B0E2D6F17D01B0E1D
:1024E8002D6F14D0170E2D6F11D0450E2D6F0ED0F5
:1024F8003E0E2D6F0BD0120E2D6F08D02D0E2D6FA6
:1025080005D0330E2D6F02D0420E2D6F2D511200C3
:10251800286F150E286105D0285163DF296FCBDDA0
:102528001ED028C23BF23C6B0A0E57EC0AF03BC2A5
:102538002AF20A0E2A03F3CF2AF22A5304E02A5178
:1025480050DF296FB8DD28C23BF23C6B0A0E99ECCC
:102558000AF02B6F2B5303E044DF296FACD5120030
:10256800286F285303E0310EA6DD02D0300EA3D524
:1025780012007F6E7F50000105E0010A07E0030AA0
:1025880008E007D0530E97DD000103D01A0E93DD43
:10259800000112007F6E7F50000107E0010A09E088
:1025A800030A0BE0010A0DE00FD0300E84DD0001B4
:1025B8000BD0250E80DD000107D0270E7CDD000141
:1025C80003D0220E78DD00011200286F285105E0A3
:1025D800010A06E0030A09E00CD00C0E6CDD09D0F4
:1025E800020E69DD520E67DD04D0020E64DD4C0E6A
:1025F80062DD12007F6E7F50000105E0010A07E0EE
:10260800030A09E00BD0300E56DD000107D0250E75
:1026180052DD000103D0220E4EDD00011200286FAA
:10262800285303E00B0E47DD02D0140E44D51200E8
:102638007F6E7F50000104E0300E3DDD000103D0C5
:10264800250E39DD000112007F6E7F50000104E085
:10265800220E31DD000103D0250E2DDD0001120010
:10266800706FC69A81888392716B080E71610BD066
:10267800819870AF02D0828E01D0829E8188D890D6
:102688007037712BF2D78382120002016F6F839427
:10269800E7DF8384120002016F6F8384E1DF8384A4
:1026A80012002A0EF2DF6851F6DF6751F4DF6A5133
:1026B800F2DF6951F0DF2B0EE8DF6C51ECDF6B5174
:1026C800EADF6E51E8DF6D51E6DF2C0EDEDF050E26
:1026D800F0EC0AF02C0ED9D731512D253B6F325131
:1026E8002E213C6F33512F253D6F345130213E6FE1
:1026F80036513F6F3551406F2DC267F22EC268F2D6
:102708003B05696F000E3C596A6F2FC26BF230C2ED
:102718006CF23D056D6F000E3E596E6FC2DF2FC221
:1027280039F230C23AF23D51395D3E513A5915E21B
:102738002DC237F22EC238F23B51375D3C51385921
:1027480008E23F51A8DF4051A6DF372B000E38239F
:10275800F3D7392B000E3A23E6D71200586B596B82
:102768005A6B4C5148255B6F4D5149215C6F4E5156
:102778004A255D6F4F514B215E6F4C514E03F3CF8D
:102788005FF2F4CF60F24D514E03F35060274C5185
:102798004F03F35060275351616F5251626F555187
:1027A800636F5451646F48C267F249C268F25B05AF
:1027B800696F000E5C596A6F4AC26BF24BC26CF2C9
:1027C8005D056D6F000E5E596E6F6BDF656B666B36
:1027D8005F51655D6051665927E258670CD05951C1
:1027E8005025676F5A515121686FA4EC48F0576F14
:1027F800592B000E5A23800E5715566FD89057370D
:10280800582B080E586301D0586B565305E0615198
:1028180042DF625140DF04D063513DDF64513BDF4A
:10282800652B000E6623D4D7120039D842D8110E72
:102838002CDF050EF0EC0AF03A0E27DF550E2BDFE1
:102848002A0E23DF000E27DF000E25DF000E23DF10
:10285800770E21DF2B0E19DF000E1DDF000E1BDFA8
:10286800000E19DFEF0E17DF440E0FDF000E13DF27
:10287800EF0E11DF350E09DF000E0DDF360E05DF16
:10288800000E09DF530E01DF200E05DF190EF0ECF4
:102898000AF0290EFADE390EF8DE000112008390E4
:1028A800010EF0EC0AF08380960EF0EC0AF00001BD
:1028B8001200C00EEADE5A0EEEDE5A0EECDEC10E33
:1028C800E4DE5A0EE8DE5A0EE6DED00EDEDE100E2C
:1028D800E2DEB10EDADEEA0EDEDEF00EDCDE000E3F
:1028E800DADE780ED8DE000ED6DE0C0ED4DE000E50
:1028F800D2DE080ED0DE000ECEDE1C0ECCDE000EC0
:10290800CADE1C0EC8DE000EC6DE0C0EC4DE000ECB
:10291800C2DE080EC0DE000EBEDE1C0EBCDE000EDF
:10292800BADE1C0EB8DE000EB6DE000EB4DE0C0EEB
:10293800B2DE000EB0DE5F0EAEDE000EACDE1C0EA8
:10294800AADE000EA8DE1C0EA6DE000EA4DE0C0E0B
:10295800A2DE000EA0DE5F0E9EDE000E9CDE1C0EC8
:102968009ADE000E98DE1C0E96DE000E94DE000E37
:1029780092DE200E90DE000E8EDE000E8CDE770ECC
:102988008ADE000E88DE000E86DE000E84DEEF0E84
:1029980082DE000E80DE000E7EDE000E7CDE100E73
:1029A8007ADEB20E72DE130E76DE130E74DE040EBD
:1029B80072DE040E70DE130E6EDE040E6CDE040E84
:1029C8006ADE130E68DE130E66DE040E64DE040E85
:1029D80062DE040E60DE040E5EDE0F0E5CDE000EAC
:1029E8005ADE000E58DE5E0E56DE000E54DEA60ECF
:1029F80052DE000E50DE5E0E4EDE000E4CDEA90EDC
:102A08004ADE000E48DE5E0E46DE000E44DE030E91
:102A180042DE000E40DE5E0E3EDE000E3CDE000EA4
:102A28003ADE000E38DE5E0E36DE000E34DEA60E0E
:102A380032DE000E30DE5E0E2EDE000E2CDEA90E1B
:102A48002ADE000E28DE5E0E26DE000E24DE030ED1
:102A580022DE000E20DE5E0E1EDE000E1CDE020EE2
:102A68001ADE1F0E18DE580E16DE750E14DE000E66
:102A780012DE010E10DE000E0EDE000E0CDE310E30
:102A88000ADE5A0E08DE1A0E06DED50E04DE3D0EEC
:102A980002DE600E00DE000EFEDD000EFCDD000E24
:102AA800FADD000EF8DD000EF6DD000EF4DD000E96
:102AB800F2DD000EF0DD000EEEDD000EECDD000EA6
:102AC800EADD000EE8DD000EE6DD000EE4DD000EB6
:102AD800E2DD000EE0DD000EDEDD000EDCDD000EC6
:102AE800DADD000ED8DD000ED6DD000ED4DD000ED6
:102AF800D2DD130ED0DD770ECEDDB30EC6DD000EAF
:102B0800CADD000EC8DD000EC6DD030EC4DD020EF0
:102B1800C2DD010EC0DD000EBEDD000EBCDD000E04
:102B2800BADD140EB8DD130EB6DD120EB4DD000EDC
:102B3800B2DD000EB0DD000EAEDD000EACDD060E1F
:102B4800AADD050EA8DD040EA6DD000EA4DD000E2C
:102B5800A2DD000EA0DD0F0E9EDD0E0E9CDD0D0E1B
:102B68009ADD000E98DD000E96DD000E94DD000E55
:102B780092DD000E90DD000E8EDD000E8CDDB40EB1
:102B880084DD200E88DD030E86DDC00E84DD000E98
:102B980082DD080E80DD030E7EDD030E7CDD030E74
:102BA8007ADD030E78DD030E76DD000E74DD0B0E84
:102BB80072DD0B0E70DD0B0E6EDD0B0E6CDD0B0E79
:102BC8006ADD0B0E68DD140E66DD410E64DD250E30
:102BD80062DD520E60DD360E5EDD630E5CDD410E99
:102BE8005ADD140E58DD520E56DD250E54DD630EE7
:102BF80052DD360E50DD140E4EDD410E4CDD250E35
:102C08004ADD520E48DD360E46DD630E44DD410EC8
:102C180042DD140E40DD520E3EDD250E3CDD630E16
:102C28003ADD360E38DD000E36DD000E34DD2A0EB4
:102C380032DD150E30DD2A0E2EDD150E2CDD150EBB
:102C48002ADD2A0E28DD150E26DD2A0E24DD000ECB
:102C580022DD000E20DD000E1EDD000E1CDD000E44
:102C68001ADD000E18DD000E16DDB50E0EDD000EA5
:102C780012DD000E10DD090E0EDD090E0CDD010E51
:102C88000ADD290E08DD100E06DD000E04DD010E3A
:102C980002DD320E00DD000EFEDC320EFCDC000E22
:102CA800FADC630EF8DC000EF6DCAD0EF4DC000E88
:102CB800F2DC630EF0DC000EEEDCAD0EECDC000E98
:102CC800EADC000EE8DC000EE6DC000EE4DC000EB8
:102CD800E2DC000EE0DC000EDEDC000EDCDC000EC8
:102CE800DADC000ED8DC000ED6DC000ED4DC000ED8
:102CF800D2DC000ED0DC000ECEDC000ECCDC000EE8
:102D0800CADC020EC8DC010EC6DC020EC4DC010EF1
:102D1800C2DC020EC0DC010EBEDC000EBCDC000E04
:102D2800BADC000EB8DC000EB6DC0B0EB4DC000E0C
:102D3800B2DC550EB0DC000EAEDC0B0EACDC000EC7
:102D4800AADC550EA8DC000EA6DC000EA4DC000EE2
:102D5800A2DC000EA0DC000E9EDC000E9CDC000E47
:102D68009ADC000E98DC000E96DC000E94DC000E57
:102D780092DC000E90DC000E8EDC000E8CDC000E67
:102D88008ADC010E88DC000E86DC010E84DC000E75
:102D980082DC000E80DC000E7EDC000E7CDC000E87
:102DA8007ADC000E78DC000E76DC000E74DC000E97
:102DB80072DCB80E6ADC000E6EDCE70E6CDC300EDE
:102DC8006ADC000E68DC110E66DC110E64DC110E84
:102DD80062DC110E60DC110E5EDC110E5CDC220E72
:102DE8005ADC220E58DC220E56DC000E54DC000E93
:102DF80052DC220E50DC220E4EDC220E4CDC000E81
:102E08004ADC000E48DC000E46DC000E44DC000EF6
:102E180042DC000E40DC000E3EDC000E3CDC000E06
:102E28003ADCBB0E32DC010E36DCC80E34DCC80ED0
:102E380032DCC80E30DC800E2EDC800E2CDC800EDE
:102E48002ADC4C0E28DC590E26DC660E24DCBD0E6E
:102E58001CDC010E20DC000E1EDC0A0E1CDC000E41
:102E68001ADC320E18DC000E16DC040E14DC010E1F
:102E780012DC050E10DC050E0EDC000E0CDC000E5C
:102E88000ADC000E08DC000E06DC000E04DC000E76
:102E980002DC000E00DC140E4FEC13F0010E4FECB8
:102EA80013F0000E4FEC13F0000E4FEC13F0000E71
:102EB8004FEC13F0100E4FEC13F0030E4FEC13F021
:102EC800030E4FEC13F0000E4FEC13F0BE0E49EC5E
:102ED80013F0000E4FEC13F0000E4FEC13F0040E3D
:102EE8004FEC13F0010E4FEC13F0040E4FEC13F0FF
:102EF800010E4FEC13F0040E4FEC13F0010E4FECE3
:102F080013F0040E4FEC13F0010E4FEC13F0040E07
:102F18004FEC13F0010E4FEC13F0040E4FEC13F0CE
:102F2800010E4FEC13F0040E4FEC13F0010E4FECB2
:102F380013F0040E4FEC13F0010E4FEC13F0040ED7
:102F48004FEC13F0010E4FEC13F0000E4FEC13F0A2
:102F5800000E4FEC13F0040E4FEC13F0010E4FEC83
:102F680013F0040E4FEC13F0010E4FEC13F0040EA7
:102F78004FEC13F0010E4FEC13F0040E4FEC13F06E
:102F8800010E4FEC13F0040E4FEC13F0010E4FEC52
:102F980013F0040E4FEC13F0010E4FEC13F0040E77
:102FA8004FEC13F0010E4FEC13F0040E4FEC13F03E
:102FB800010E4FEC13F0040E4FEC13F0010E4FEC22
:102FC80013F0000E4FEC13F0000E4FEC13F0040E4C
:102FD8004FEC13F0010E4FEC13F0040E4FEC13F00E
:102FE800010E4FEC13F0040E4FEC13F0010E4FECF2
:102FF80013F0040E4FEC13F0010E4FEC13F0040E17
:103008004FEC13F0010E4FEC13F0040E4FEC13F0DD
:10301800010E4FEC13F0040E4FEC13F0010E4FECC1
:1030280013F0040E4FEC13F0010E4FEC13F0040EE6
:103038004FEC13F0010E4FEC13F0020E4FEC13F0AF
:10304800020E4FEC13F0020E4FEC13F0020E4FEC91
:1030580013F0020E4FEC13F0020E4FEC13F0000EBB
:103068004FEC13F0000E4FEC13F0000E4FEC13F082
:10307800000E4FEC13F0000E4FEC13F0000E4FEC67
:1030880013F0000E4FEC13F0000E4FEC13F0FF0E90
:103098004FEC13F0000E4FEC13F0000E4FEC13F052
:1030A800000E4FEC13F0000E4FEC13F0000E4FEC37
:1030B80013F0000E4FEC13F0000E4FEC13F0000E5F
:1030C8004FEC13F0FF0E4FEC13F0000E4FEC13F023
:1030D800000E4FEC13F0000E4FEC13F0000E4FEC07
:1030E80013F0000E4FEC13F0000E4FEC13F0000E2F
:1030F8004FEC13F0000E4FEC13F0FF0E4FEC13F0F3
:10310800000E4FEC13F0000E4FEC13F0000E4FECD6
:1031180013F0000E4FEC13F0040E4FEC13F0040EF6
:103128004FEC13F0100E4FEC13F0000E4FEC13F0B1
:10313800000E4FEC13F0000E4FEC13F0320E4FEC74
:1031480013F0000E4FEC13F0000E4FEC13F0000ECE
:103158004FEC13F0000E4FEC13F0000E4FEC13F091
:10316800000E4FEC13F0000E4FEC13F0000E4FEC76
:1031780013F0000E4FEC13F0000E4FEC13F0000E9E
:103188004FEC13F0000E4FEC13F0000E4FEC13F061
:10319800000E4FEC13F0000E4FEC13F0000E4FEC46
:1031A80013F0000E4FEC13F0000E4FEC13F0000E6E
:1031B8004FEC13F0000E4FEC13F0000E4FEC13F031
:1031C800320E4FEC13F0000E4FEC13F0000E4FECE4
:1031D80013F0000E4FEC13F0000E4FEC13F0000E3E
:1031E8004FEC13F0000E4FEC13F0000E4FEC13F001
:1031F800000E4FEC13F0000E4FEC13F0000E4FECE6
:1032080013F0000E4FEC13F0000E4FEC13F0000E0D
:103218004FEC13F0000E4FEC13F0000E4FEC13F0D0
:10322800000E4FEC13F0000E4FEC13F0000E4FECB5
:1032380013F0000E4FEC13F0000E4FEC13F0000EDD
:103248004FEC13F0320E4FEC13F0000E4FEC13F06E
:10325800000E4FEC13F0000E4FEC13F0000E4FEC85
:1032680013F0000E4FEC13F0000E4FEC13F0000EAD
:103278004FEC13F0000E4FEC13F0000E4FEC13F070
:10328800000E4FEC13F0000E4FEC13F0000E4FEC55
:1032980013F0000E4FEC13F0000E4FEC13F0000E7D
:1032A8004FEC13F0000E4FEC13F0000E4FEC13F040
:1032B800000E4FEC13F0000E4FEC13F0000E4FEC25
:1032C80013F0000E4FEC13F0000E4FEC13F0000E4D
:1032D8004FEC13F0000E4FEC13F0C20E49EC13F054
:1032E800FC0E4FEC13F0C30E49EC13F0000E4FEC3C
:1032F80013F0000E4FEC13F0FF0E4FEC13F0070E17
:103308004FEC13F0000E4FEC13F0000E4FEC13F0DF
:10331800FF0E4FEC13F0070E4FEC13F0000E4FECBE
:1033280013F0000E4FEC13F0FF0E4FEC13F0040EE9
:103338004FEC13F0C50E49EC13F0800E4FEC13F070
:10334800050E4FEC13F0320E4FEC13F0050E4FEC58
:1033580013F03F0E4FEC13F0060E4FEC13F0510E26
:103368004FEC13F0050E4FEC13F0080E4FEC13F072
:10337800050E4FEC13F0080E4FEC13F0060E4FEC51
:1033880013F0210E4FEC13F0050E4FEC13F0DC0E8A
:103398004FEC13F0040E4FEC13F0CF0E4FEC13F07C
:1033A800050E4FEC13F0F10E4FEC13F0040E4FEC3A
:1033B80013F0B00E4FEC13F0040E4FEC13F0960E12
:1033C8004FEC13F0050E4FEC13F0C00E4FEC13F05A
:1033D800040E4FEC13F0830E4FEC13F0040E4FEC79
:1033E80013F05E0E4FEC13F0050E4FEC13F08E0E3B
:1033F8004FEC13F0040E4FEC13F0550E4FEC13F096
:10340800040E4FEC13F0250E4FEC13F0050E4FECA5
:1034180013F05B0E4FEC13F0040E4FEC13F0250E77
:103428004FEC13F0040E4FEC13F0EB0E4FEC13F0CF
:10343800040E4FEC13F0260E4FEC13F0040E4FEC75
:1034480013F0F40E4FEC13F0030E4FEC13F0AF0E25
:103458004FEC13F0040E4FEC13F0EF0E4FEC13F09B
:10346800030E4FEC13F0C00E4FEC13F0030E4FECAD
:1034780013F0700E4FEC13F0040E4FEC13F0B40E73
:103488004FEC13F0030E4FEC13F08A0E4FEC13F0D1
:10349800030E4FEC13F02E0E4FEC13F0040E4FEC0E
:1034A80013F0760E4FEC13F0030E4FEC13F0500EA2
:1034B8004FEC13F0030E4FEC13F0E80E4FEC13F043
:1034C800030E4FEC13F0340E4FEC13F0030E4FECD9
:1034D80013F0110E4FEC13F0030E4FEC13F09D0E8A
:1034E8004FEC13F0030E4FEC13F0EB0E4FEC13F010
:1034F800020E4FEC13F0CE0E4FEC13F0020E4FEC11
:1035080013F04A0E4FEC13F0030E4FEC13F0C50EF8
:103518004FEC13F0020E4FEC13F0AA0E4FEC13F021
:10352800020E4FEC13F01D0E4FEC13F0030E4FEC90
:1035380013F09B0E4FEC13F0020E4FEC13F0830EBA
:103548004FEC13F0020E4FEC13F0ED0E4FEC13F0AE
:10355800020E4FEC13F06C0E4FEC13F0020E4FEC12
:1035680013F0560E4FEC13F0020E4FEC13F0BB0E97
:103578004FEC13F0020E4FEC13F0510E4FEC13F01A
:10358800020E4FEC13F03D0E4FEC13F0020E4FEC11
:1035980013F0A00E4FEC13F0020E4FEC13F0350EA3
:1035A8004FEC13F0020E4FEC13F0230E4FEC13F018
:1035B800020E4FEC13F0840E4FEC13F0020E4FEC9A
:1035C80013F0160E4FEC13F0020E4FEC13F0060E2C
:1035D8004FEC13F0020E4FEC13F0660E4FEC13F0A5
:1035E800020E4FEC13F0F40E4FEC13F0010E4FECFB
:1035F80013F0E60E4FEC13F0010E4FEC13F0470EEC
:103608004FEC13F0020E4FEC13F0CD0E4FEC13F00D
:10361800010E4FEC13F0C20E4FEC13F0010E4FECFD
:1036280013F0250E4FEC13F0020E4FEC13F09C0E26
:103638004FEC13F0010E4FEC13F0980E4FEC13F013
:10364800010E4FEC13F0030E4FEC13F0020E4FEC8B
:1036580013F0560E4FEC13F0010E4FEC13F0640EFE
:103668004FEC13F0010E4FEC13F0DE0E4FEC13F09D
:10367800010E4FEC13F0100E4FEC13F0010E4FEC4F
:1036880013F0300E4FEC13F0010E4FEC13F0B90E9F
:103698004FEC13F0010E4FEC13F0CA0E4FEC13F081
:1036A800000E4FEC13F0FC0E4FEC13F0000E4FEC35
:1036B80013F0940E4FEC13F0010E4FEC13F0A70E1D
:1036C8004FEC13F0000E4FEC13F0E20E4FEC13F03A
:1036D800000E4FEC13F0820E4FEC13F0010E4FEC7E
:1036E80013F0000E4FEC13F0000E4FEC13F0000E29
:1036F8004FEC13F0000E4FEC13F0000E4FEC13F0EC
:10370800000E4FEC13F0C60E49EC13F0FD0E4FEC13
:1037180013F0050E4FEC13F0870E4FEC13F0050E67
:103728004FEC13F0C20E4FEC13F0060E4FEC13F0F3
:10373800B60E4FEC13F0050E4FEC13F0510E4FEC94
:1037480013F0050E4FEC13F0790E4FEC13F0060E44
:103758004FEC13F0750E4FEC13F0050E4FEC13F011
:103768001C0E4FEC13F0050E4FEC13F0330E4FEC1C
:1037780013F0060E4FEC13F0380E4FEC13F0050E55
:103788004FEC13F0E80E4FEC13F0040E4FEC13F06F
:10379800ED0E4FEC13F0050E4FEC13F0FC0E4FEC52
:1037A80013F0040E4FEC13F0B20E4FEC13F0040EAE
:1037B8004FEC13F0A60E4FEC13F0050E4FEC13F080
:1037C800C10E4FEC13F0040E4FEC13F07D0E4FECCE
:1037D80013F0040E4FEC13F0610E4FEC13F0050ECE
:1037E8004FEC13F0840E4FEC13F0040E4FEC13F073
:1037F800460E4FEC13F0040E4FEC13F01D0E4FEC79
:1038080013F0050E4FEC13F0470E4FEC13F0040EB7
:103818004FEC13F00F0E4FEC13F0040E4FEC13F0B7
:10382800D70E4FEC13F0040E4FEC13F00A0E4FECCA
:1038380013F0040E4FEC13F0D60E4FEC13F0030EFA
:103848004FEC13F0910E4FEC13F0040E4FEC13F005
:10385800C90E4FEC13F0030E4FEC13F09A0E4FEC19
:1038680013F0030E4FEC13F0480E4FEC13F0040E58
:103878004FEC13F0850E4FEC13F0030E4FEC13F0E2
:103888005B0E4FEC13F0030E4FEC13F0FB0E4FECF6
:1038980013F0030E4FEC13F03E0E4FEC13F0030E33
:1038A8004FEC13F0180E4FEC13F0030E4FEC13F01F
:1038B800AA0E4FEC13F0030E4FEC13F0F10E4FEC81
:1038C80013F0020E4FEC13F0D10E4FEC13F0020E72
:1038D8004FEC13F0520E4FEC13F0030E4FEC13F0B5
:1038E800CA0E4FEC13F0020E4FEC13F0AC0E4FEC77
:1038F80013F0020E4FEC13F0220E4FEC13F0030EF0
:103908004FEC13F09E0E4FEC13F0020E4FEC13F039
:10391800830E4FEC13F0020E4FEC13F0EF0E4FEC4A
:1039280013F0020E4FEC13F06E0E4FEC13F0020E74
:103938004FEC13F0560E4FEC13F0020E4FEC13F051
:10394800BA0E4FEC13F0020E4FEC13F0540E4FEC7E
:1039580013F0020E4FEC13F03D0E4FEC13F0020E75
:103968004FEC13F09E0E4FEC13F0020E4FEC13F0D9
:10397800370E4FEC13F0020E4FEC13F0220E4FEC03
:1039880013F0020E4FEC13F0800E4FEC13F0020E02
:103998004FEC13F0190E4FEC13F0020E4FEC13F02E
:1039A800060E4FEC13F0020E4FEC13F05F0E4FECC7
:1039B80013F0020E4FEC13F0F80E4FEC13F0010E5B
:1039C8004FEC13F0E70E4FEC13F0010E4FEC13F031
:1039D8003D0E4FEC13F0020E4FEC13F0D20E4FECED
:1039E80013F0010E4FEC13F0C30E4FEC13F0010E61
:1039F8004FEC13F0180E4FEC13F0020E4FEC13F0CF
:103A0800A60E4FEC13F0010E4FEC13F09C0E4FEC8A
:103A180013F0010E4FEC13F0F10E4FEC13F0010E02
:103A28004FEC13F06F0E4FEC13F0010E4FEC13F048
:103A38006A0E4FEC13F0010E4FEC13F0C50E4FEC6D
:103A480013F0010E4FEC13F0380E4FEC13F0010E8B
:103A58004FEC13F0380E4FEC13F0010E4FEC13F04F
:103A6800990E4FEC13F0010E4FEC13F0010E4FECD2
:103A780013F0010E4FEC13F0060E4FEC13F0010E8D
:103A88004FEC13F06D0E4FEC13F0010E4FEC13F0EA
:103A9800E60E4FEC13F0000E4FEC13F0ED0E4FEC6A
:103AA80013F0000E4FEC13F0570E4FEC13F0010E0D
:103AB8004FEC13F0000E4FEC13F0000E4FEC13F028
:103AC800000E4FEC13F0000E4FEC13F0000E4FEC0D
:103AD80013F0000E4FEC13F0D40E49EC13F0000E67
:103AE8004FEC13F0780E4FEC13F0000E4FEC13F080
:103AF800F00E4FEC13F0000E4FEC13F0080E4FECE5
:103B080013F0080E4FEC13F0140E4FEC13F0140ED4
:103B18004FEC13F0000E4FEC13F0000E4FEC13F0C7
:103B2800D50E49EC13F0010E4FEC13F0000E4FECDC
:103B380013F0370E4FEC13F0000E4FEC13F0010E9C
:103B48004FEC13F0000E4FEC13F0040E4FEC13F093
:103B5800000E4FEC13F0BF0E4FEC13F0000E4FECBD
:103B680013F0040E4FEC13F0000E4FEC13F0000EA0
:103B78004FEC13F0000E4FEC13F0000E4FEC13F067
:103B8800000E4FEC13F0000E4FEC13F0000E4FEC4C
:103B980013F0000E4FEC13F0000E4FEC13F0000E74
:103BA8004FEC13F0000E4FEC13F0000E4FEC13F037
:103BB800000E4FEC13F0040E4FEC13F0000E4FEC18
:103BC80013F0BF0E4FEC13F0000E4FEC13F0040E81
:103BD8004FEC13F0000E4FEC13F0010E4FEC13F006
:103BE800000E4FEC13F0370E4FEC13F0000E4FECB5
:103BF80013F0010E4FEC13F0000E4FEC13F0000E13
:103C08004FEC13F0000E4FEC13F0050E4FEC13F0D1
:103C1800000E4FEC13F0000E4FEC13F0000E4FECBB
:103C280013F0050E4FEC13F0000E4FEC13F0EC0EF2
:103C38004FEC13F0000E4FEC13F0050E4FEC13F0A1
:103C4800000E4FEC13F0000E4FEC13F0000E4FEC8B
:103C580013F0050E4FEC13F0000E4FEC13F0000EAE
:103C68004FEC13F0000E4FEC13F0D60E49EC13F0A6
:103C7800010E4FEC13F0000E4FEC13F0370E4FEC23
:103C880013F0000E4FEC13F0010E4FEC13F0000E82
:103C98004FEC13F0040E4FEC13F0000E4FEC13F042
:103CA800BF0E4FEC13F0000E4FEC13F0040E4FEC68
:103CB80013F0000E4FEC13F0000E4FEC13F0000E53
:103CC8004FEC13F0000E4FEC13F0000E4FEC13F016
:103CD800000E4FEC13F0000E4FEC13F0000E4FECFB
:103CE80013F0000E4FEC13F0000E4FEC13F0000E23
:103CF8004FEC13F0000E4FEC13F0000E4FEC13F0E6
:103D0800040E4FEC13F0000E4FEC13F0BF0E4FEC07
:103D180013F0000E4FEC13F0040E4FEC13F0000EEE
:103D28004FEC13F0010E4FEC13F0000E4FEC13F0B4
:103D3800370E4FEC13F0000E4FEC13F0010E4FEC62
:103D480013F0000E4FEC13F0000E4FEC13F0000EC2
:103D58004FEC13F0050E4FEC13F0000E4FEC13F080
:103D6800000E4FEC13F0000E4FEC13F0050E4FEC65
:103D780013F0000E4FEC13F0EC0E4FEC13F0000EA6
:103D88004FEC13F0050E4FEC13F0000E4FEC13F050
:103D9800000E4FEC13F0000E4FEC13F0050E4FEC35
:103DA80013F0000E4FEC13F0000E4FEC13F0000E62
:103DB8004FEC13F0D70E49EC13F0010E4FEC13F053
:103DC800000E4FEC13F0370E4FEC13F0000E4FECD3
:103DD80013F0010E4FEC13F0000E4FEC13F0040E2D
:103DE8004FEC13F0000E4FEC13F0BF0E4FEC13F036
:103DF800000E4FEC13F0040E4FEC13F0000E4FECD6
:103E080013F0000E4FEC13F0000E4FEC13F0000E01
:103E18004FEC13F0000E4FEC13F0000E4FEC13F0C4
:103E2800000E4FEC13F0000E4FEC13F0000E4FECA9
:103E380013F0000E4FEC13F0000E4FEC13F0000ED1
:103E48004FEC13F0000E4FEC13F0040E4FEC13F090
:103E5800000E4FEC13F0BF0E4FEC13F0000E4FECBA
:103E680013F0040E4FEC13F0000E4FEC13F0010E9C
:103E78004FEC13F0000E4FEC13F0370E4FEC13F02D
:103E8800000E4FEC13F0010E4FEC13F0000E4FEC48
:103E980013F0000E4FEC13F0000E4FEC13F0050E6C
:103EA8004FEC13F0000E4FEC13F0000E4FEC13F034
:103EB800000E4FEC13F0050E4FEC13F0000E4FEC14
:103EC80013F0EC0E4FEC13F0000E4FEC13F0050E50
:103ED8004FEC13F0000E4FEC13F0000E4FEC13F004
:103EE800000E4FEC13F0050E4FEC13F0000E4FECE4
:103EF80013F0000E4FEC13F0000E4FEC13F0D80E39
:103F080049EC13F0010E4FEC13F0000E4FEC13F0D8
:103F1800370E4FEC13F0000E4FEC13F0010E4FEC80
:103F280013F0000E4FEC13F0040E4FEC13F0000EDC
:103F38004FEC13F0BF0E4FEC13F0000E4FEC13F0E4
:103F4800040E4FEC13F0000E4FEC13F0000E4FEC84
:103F580013F0000E4FEC13F0000E4FEC13F0000EB0
:103F68004FEC13F0000E4FEC13F0000E4FEC13F073
:103F7800000E4FEC13F0000E4FEC13F0000E4FEC58
:103F880013F0000E4FEC13F0000E4FEC13F0000E80
:103F98004FEC13F0040E4FEC13F0000E4FEC13F03F
:103FA800BF0E4FEC13F0000E4FEC13F0040E4FEC65
:103FB80013F0000E4FEC13F0010E4FEC13F0000E4F
:103FC8004FEC13F0370E4FEC13F0000E4FEC13F0DC
:103FD800010E4FEC13F0000E4FEC13F0000E4FECF7
:103FE80013F0000E4FEC13F0050E4FEC13F0000E1B
:103FF8004FEC13F0000E4FEC13F0000E4FEC13F0E3
:10400800050E4FEC13F0000E4FEC13F0EC0E4FECD6
:1040180013F0000E4FEC13F0050E4FEC13F0000EEA
:104028004FEC13F0000E4FEC13F0000E4FEC13F0B2
:10403800050E4FEC13F0000E4FEC13F0000E4FEC92
:1040480013F0000E4FEC13F0DE0E49EC13F0000EE7
:104058004FEC13F0000E4FEC13F0000E4FEC13F082
:10406800DF0E49EC13F0FF0E4FEC13F0FF0E4FEC90
:1040780013F0FF0E4FEC13F0FF0E4FEC13F0FF0E92
:104088004FEC13F0FF0E4FEC13F0080E4FEC13F04B
:10409800080E4FEC13F0080E4FEC13F0080E4FEC1F
:1040A80013F0080E4FEC13F0080E4FEC13F0080E47
:1040B8004FEC13F0080E4FEC13F0080E4FEC13F012
:1040C800080E4FEC13F0000E4FEC13F0060E4FECF9
:1040D80013F0550E4FEC13F0500E4FEC13F0FF0E8B
:1040E8004FEC13F0FF0E4FEC13F0080E4FEC13F0EB
:1040F800080E4FEC13F0080E4FEC13F0EE0E49ECDF
:1041080013F0400E4FEC13F0000E4FEC13F0000EBE
:104118004FEC13F0000E4FEC13F0000E4FEC13F0C1
:10412800000E4FEC13F0000E4FEC13F0000E4FECA6
:1041380013F0010E4FEC13F0010E4FEC13F0000ECC
:104148004FEC13F0000E4FEC13F0000E4FEC13F091
:10415800000E4FEC13F0000E4FEC13F0000E4FEC76
:1041680013F0000E4FEC13F0000E4FEC13F0000E9E
:104178004FEC13F0000E4FEC13F0000E4FEC13F061
:10418800000E4FEC13F0000E4FEC13F0000E4FEC46
:1041980013F0000E4FEC13F0000E4FEC13F0000E6E
:1041A8004FEC13F0000E4FEC13F0000E4FEC13F031
:1041B800000E4FEC13F0000E4FEC13F0000E4FEC16
:1041C80013F0000E4FEC13F0000E4FEC13F0000E3E
:1041D8004FEC13F0000E4FEC13F0000E4FEC13F001
:1041E800000E4FEC13F0000E4FEC13F0000E4FECE6
:1041F80013F0000E4FEC13F0000E4FEC13F0000E0E
:104208004FEC13F0000E4FEC13F0F00E49EC13F0E6
:10421800750E4FEC13F02A0E4FEC13F0700E4FECA6
:1042280013F0700E4FEC13F0700E4FEC13F0580EA5
:104238004FEC13F02F0E4FEC13F01C0E4FEC13F055
:104248001C0E4FEC13F08A0E4FEC13F08A0E4FEC55
:1042580013F0100E4FEC13F0100E4FEC13F0750E18
:104268004FEC13F02A0E4FEC13F0700E4FEC13F0D6
:10427800700E4FEC13F0700E4FEC13F0580E4FEC1D
:1042880013F0250E4FEC13F01C0E4FEC13F01C0E20
:104298004FEC13F08A0E4FEC13F08A0E4FEC13F02C
:1042A800100E4FEC13F0100E4FEC13F0F10E49EC1A
:1042B80013F0110E4FEC13F06E0E4FEC13F0490E85
:1042C8004FEC13F0D00E4FEC13F0950E4FEC13F0AB
:1042D800150E4FEC13F0A50E4FEC13F0550E4FECE6
:1042E80013F00E0E4FEC13F0100E4FEC13F0C60E39
:1042F8004FEC13F0F20E49EC13F0750E4FEC13F07F
:104308002A0E4FEC13F0080E4FEC13F0700E4FEC22
:1043180013F0700E4FEC13F0580E4FEC13F02F0EF5
:104328004FEC13F0030E4FEC13F01A0E4FEC13F092
:104338008A0E4FEC13F08A0E4FEC13F0100E4FEC70
:1043480013F00B0E4FEC13F0F30E49EC13F0110EB3
:104358004FEC13F0600E4FEC13F0410E4FEC13F0DE
:10436800100E4FEC13F0950E4FEC13F0150E4FECAA
:1043780013F0A50E4FEC13F0550E4FEC13F00E0E84
:104388004FEC13F0100E4FEC13F0F40E49EC13F051
:104398000B0E4FEC13F0000E4FEC13F0000E4FEC29
:1043A80013F0750E4FEC13F02A0E4FEC13F0780E45
:1043B8004FEC13F0F00E4FEC13F0F00E4FEC13F03F
:1043C800410E4FEC13F0330E4FEC13F0100E4FEC80
:1043D80013F0950E4FEC13F0150E4FEC13F0A50EDD
:1043E8004FEC13F0550E4FEC13F0100E4FEC13F08A
:1043F8000E0E4FEC13F00E0E4FEC13F0F50E49ECC9
:1044080013F03F0E4FEC13F0530E4FEC13F0010E68
:104418004FEC13F0110E4FEC13F0190E4FEC13F094
:104428000A0E4FEC13F0290E4FEC13F0010E4FEC6F
:1044380013F0030E4FEC13F0050E4FEC13F0070EBC
:104448004FEC13F0090E4FEC13F00B0E4FEC13F07A
:104458000D0E4FEC13F00F0E4FEC13F0110E4FEC46
:1044680013F0000E4FEC13F0010E4FEC13F0010E99
:104478004FEC13F03F0E4FEC13F0530E4FEC13F0CC
:10448800310E4FEC13F0110E4FEC13F0190E4FECE8
:1044980013F00A0E4FEC13F0290E4FEC13F0010E37
:1044A8004FEC13F0030E4FEC13F0050E4FEC13F026
:1044B800070E4FEC13F0090E4FEC13F00B0E4FECF8
:1044C80013F00D0E4FEC13F00F0E4FEC13F0110E0E
:1044D8004FEC13F0010E4FEC13F0100E4FEC13F0ED
:1044E800100E4FEC13F0F60E49EC13F0000E4FECE3
:1044F80013F0000E4FEC13F0000E4FEC13F0000E0B
:104508004FEC13F0010E4FEC13F0010E4FEC13F0CB
:10451800020E4FEC13F0020E4FEC13F0020E4FECAC
:1045280013F0030E4FEC13F0040E4FEC13F0040ECF
:104538004FEC13F0070E4FEC13F0070E4FEC13F08F
:10454800080E4FEC13F0080E4FEC13F0080E4FEC6A
:1045580013F0020E4FEC13F0020E4FEC13F0040EA2
:104568004FEC13F0040E4FEC13F00B0E4FEC13F05E
:104578000B0E4FEC13F00B0E4FEC13F00B0E4FEC31
:1045880013F04B0E4FEC13F04B0E4FEC13F00B0ED9
:104598004FEC13F00C0E4FEC13F00C0E4FEC13F025
:1045A8000D0E4FEC13F00E0E4FEC13F0100E4FECF7
:1045B80013F0030E4FEC13F0040E4FEC13F0420E01
:1045C8004FEC13F0020E4FEC13F0110E4FEC13F0FA
:1045D800000E4FEC13F0F70E49EC13F0550E4FECAC
:1045E80013F0550E4FEC13F0550E4FEC13F0550E1B
:1045F8004FEC13F0440E4FEC13F0340E4FEC13F065
:10460800230E4FEC13F0220E4FEC13F0410E4FEC3B
:1046180013F0340E4FEC13F0130E4FEC13F0110E91
:104628004FEC13F0110E4FEC13F0110E4FEC13F08A
:10463800000E4FEC13F0000E4FEC13F0050E4FEC8C
:1046480013F0000E4FEC13F0000E4FEC13F0020EB7
:104658004FEC13F0000E4FEC13F0040E4FEC13F078
:10466800010E4FEC13F0020E4FEC13F0F80E49EC6C
:1046780013F0550E4FEC13F0550E4FEC13F0550E8A
:104688004FEC13F0550E4FEC13F0440E4FEC13F0B3
:10469800340E4FEC13F0230E4FEC13F0220E4FECB8
:1046A80013F0410E4FEC13F0340E4FEC13F0130ED1
:1046B8004FEC13F0110E4FEC13F0110E4FEC13F0FA
:1046C800110E4FEC13F0000E4FEC13F0000E4FECF0
:1046D80013F0050E4FEC13F0000E4FEC13F0000E24
:1046E8004FEC13F0000E4FEC13F0000E4FEC13F0EC
:1046F800000E4FEC13F0000E4FEC13F0000E4FECD1
:1047080013F0FE0E49EC13F0000E4FEC13F0010EFF
:104718004FEC13F0020E4FEC13F0030E4FEC13F0B6
:104728008E0E49EC13F0000E4FEC13F0000E4FEC18
:1047380013F0000E4FEC13F0000E4FEC13F0000EC8
:104748004FEC13F0000E4FEC13F0000E4FEC13F08B
:10475800000E4FEC13F0000E4FEC13F0000E4FEC70
:1047680013F0000E4FEC13F0000E4FEC13F0000E98
:104778004FEC13F0000E4FEC13F0000E4FEC13F05B
:10478800000E4FEC13F0000E4FEC13F0000E4FEC40
:1047980013F0000E4FEC13F0000E4FEC13F08F0ED9
:1047A80049EC13F0000E4FEC13F0000E4FEC13F031
:1047B800000E4FEC13F0000E4FEC13F0000E4FEC10
:1047C80013F0000E4FEC13F0000E4FEC13F0000E38
:1047D8004FEC13F0000E4FEC13F0000E4FEC13F0FB
:1047E800000E4FEC13F0000E4FEC13F0000E4FECE0
:1047F80013F0000E4FEC13F0000E4FEC13F0000E08
:104808004FEC13F0000E4FEC13F0000E4FEC13F0CA
:10481800000E4FEC13F0000E4FEC13F0000E4FECAF
:1048280013F0000E4FEC13F0000E4FEC13F0000ED7
:104838004FEC13F0000E4FEC13F0000E4FEC13F09A
:10484800000E4FEC13F0000E4FEC13F0000E4FEC7F
:1048580013F0000E4FEC13F0000E4FEC13F0000EA7
:104868004FEC13F0000E4FEC13F0900E49EC13F0E0
:10487800000E4FEC13F0000E4FEC13F0000E4FEC4F
:1048880013F0000E4FEC13F0000E4FEC13F0000E77
:104898004FEC13F0910E49EC13F0000E4FEC13F0AF
:1048A800000E4FEC13F0000E4FEC13F0000E4FEC1F
:1048B80013F0000E4FEC13F0000E4FEC13F0000E47
:1048C8004FEC13F0000E4FEC13F0000E4FEC13F00A
:1048D800000E4FEC13F0000E4FEC13F0000E4FECEF
:1048E80013F0000E4FEC13F0000E4FEC13F0000E17
:1048F8004FEC13F0000E4FEC13F0000E4FEC13F0DA
:10490800000E4FEC13F0000E4FEC13F0000E4FECBE
:1049180013F0920E49EC13F0000E4FEC13F0000E5A
:104928004FEC13F0000E4FEC13F0000E4FEC13F0A9
:10493800000E4FEC13F0000E4FEC13F0000E4FEC8E
:1049480013F0000E4FEC13F0000E4FEC13F0000EB6
:104958004FEC13F0000E4FEC13F0000E4FEC13F079
:10496800000E4FEC13F0000E4FEC13F0000E4FEC5E
:1049780013F0000E4FEC13F0000E4FEC13F0000E86
:104988004FEC13F0000E4FEC13F0000E4FEC13F049
:10499800930E49EC13F0000E4FEC13F0000E4FECA1
:1049A80013F0000E4FEC13F0000E4FEC13F0000E56
:1049B8004FEC13F0000E4FEC13F0000E4FEC13F019
:1049C800000E4FEC13F0000E4FEC13F0000E4FECFE
:1049D80013F0000E4FEC13F0000E4FEC13F0000E26
:1049E8004FEC13F0000E4FEC13F0000E4FEC13F0E9
:1049F800000E4FEC13F0000E4FEC13F0000E4FECCE
:104A080013F0000E4FEC13F0000E4FEC13F0940E61
:104A180049EC13F0000E4FEC13F0000E4FEC13F0BE
:104A2800000E4FEC13F0000E4FEC13F0000E4FEC9D
:104A380013F0000E4FEC13F0000E4FEC13F0000EC5
:104A48004FEC13F0000E4FEC13F0000E4FEC13F088
:104A5800000E4FEC13F0000E4FEC13F0000E4FEC6D
:104A680013F0000E4FEC13F0000E4FEC13F0000E95
:104A78004FEC13F0000E4FEC13F0000E4FEC13F058
:104A8800000E4FEC13F0000E4FEC13F0950E49ECAE
:104A980013F0000E4FEC13F0000E4FEC13F0000E65
:104AA8004FEC13F0000E4FEC13F0000E4FEC13F028
:104AB800000E4FEC13F0000E4FEC13F0000E4FEC0D
:104AC80013F0000E4FEC13F0000E4FEC13F0000E35
:104AD8004FEC13F0000E4FEC13F0000E4FEC13F0F8
:104AE800000E4FEC13F0000E4FEC13F0000E4FECDD
:104AF80013F0000E4FEC13F0960E49EC13F0000E75
:104B08004FEC13F0000E4FEC13F0000E4FEC13F0C7
:104B1800000E4FEC13F0000E4FEC13F0000E4FECAC
:104B280013F0000E4FEC13F0000E4FEC13F0000ED4
:104B38004FEC13F0000E4FEC13F0000E4FEC13F097
:104B4800000E4FEC13F0000E4FEC13F0000E4FEC7C
:104B580013F0000E4FEC13F0000E4FEC13F0000EA4
:104B68004FEC13F0970E49EC13F0000E4FEC13F0D6
:104B7800000E4FEC13F0000E4FEC13F0000E4FEC4C
:104B880013F0000E4FEC13F0000E4FEC13F0000E74
:104B98004FEC13F0000E4FEC13F0000E4FEC13F037
:104BA800000E4FEC13F0000E4FEC13F0000E4FEC1C
:104BB80013F0000E4FEC13F0000E4FEC13F0000E44
:104BC8004FEC13F0000E4FEC13F0000E4FEC13F007
:104BD800980E49EC13F0000E4FEC13F0000E4FEC5A
:104BE80013F0000E4FEC13F0000E4FEC13F0000E14
:104BF8004FEC13F0000E4FEC13F0000E4FEC13F0D7
:104C0800000E4FEC13F0000E4FEC13F0000E4FECBB
:104C180013F0000E4FEC13F0000E4FEC13F0000EE3
:104C28004FEC13F0000E4FEC13F0000E4FEC13F0A6
:104C3800000E4FEC13F0000E4FEC13F0990E49ECF8
:104C480013F0000E4FEC13F0000E4FEC13F0000EB3
:104C58004FEC13F0000E4FEC13F0000E4FEC13F076
:104C6800000E4FEC13F0000E4FEC13F0000E4FEC5B
:104C780013F0000E4FEC13F0000E4FEC13F0000E83
:104C88004FEC13F0000E4FEC13F0000E4FEC13F046
:104C9800000E4FEC13F0000E4FEC13F0000E4FEC2B
:104CA80013F0000E4FEC13F09A0E49EC13F0000EBF
:104CB8004FEC13F0000E4FEC13F0000E4FEC13F016
:104CC800000E4FEC13F0000E4FEC13F0000E4FECFB
:104CD80013F0000E4FEC13F0000E4FEC13F0000E23
:104CE8004FEC13F0000E4FEC13F0000E4FEC13F0E6
:104CF800000E4FEC13F0000E4FEC13F0000E4FECCB
:104D080013F0000E4FEC13F0000E4FEC13F0000EF2
:104D18004FEC13F09C0E49EC13F0000E4FEC13F01F
:104D2800000E4FEC13F0000E4FEC13F0000E4FEC9A
:104D380013F0000E4FEC13F0000E4FEC13F0000EC2
:104D48004FEC13F0000E4FEC13F0000E4FEC13F085
:104D5800000E4FEC13F0000E4FEC13F0000E4FEC6A
:104D680013F0000E4FEC13F0000E4FEC13F0000E92
:104D78004FEC13F0000E4FEC13F0000E4FEC13F055
:104D8800000E4FEC13F0000E4FEC13F0000E4FEC3A
:104D980013F0000E4FEC13F0000E4FEC13F0000E62
:104DA8004FEC13F0000E4FEC13F0000E4FEC13F025
:104DB800000E4FEC13F0000E4FEC13F0000E4FEC0A
:104DC80013F0000E4FEC13F0000E4FEC13F0000E32
:104DD8004FEC13F0000E4FEC13F0000E4FEC13F0F5
:104DE800000E4FEC13F0000E4FEC13F0000E4FECDA
:104DF80013F0000E4FEC13F0000E4FEC13F0000E02
:104E08004FEC13F0000E4FEC13F0000E4FEC13F0C4
:104E1800000E4FEC13F0000E4FEC13F0000E4FECA9
:104E280013F0000E4FEC13F0000E4FEC13F0000ED1
:104E38004FEC13F0000E4FEC13F0000E4FEC13F094
:104E4800000E4FEC13F0000E4FEC13F0000E4FEC79
:104E580013F0000E4FEC13F0000E4FEC13F0000EA1
:104E68004FEC13F0000E4FEC13F0000E4FEC13F064
:104E7800000E4FEC13F0000E4FEC13F0000E4FEC49
:104E880013F0000E4FEC13F0000E4FEC13F0000E71
:104E98004FEC13F0000E4FEC13F0000E4FEC13F034
:104EA800000E4FEC13F0000E4FEC13F0000E4FEC19
:104EB80013F0000E4FEC13F0000E4FEC13F0000E41
:104EC8004FEC13F0000E4FEC13F0000E4FEC13F004
:104ED800000E4FEC13F0000E4FEC13F0000E4FECE9
:104EE80013F0000E4FEC13F0000E4FEC13F0000E11
:104EF8004FEC13F0000E4FEC13F0000E4FEC13F0D4
:104F0800000E4FEC13F0000E4FEC13F0000E4FECB8
:104F180013F0000E4FEC13F0000E4FEC13F0000EE0
:104F28004FEC13F0000E4FEC13F0000E4FEC13F0A3
:104F3800000E4FEC13F0000E4FEC13F0000E4FEC88
:104F480013F0000E4FEC13F0000E4FEC13F0000EB0
:104F58004FEC13F0000E4FEC13F09D0E49EC13F0DC
:104F6800000E4FEC13F0000E4FEC13F0000E4FEC58
:104F780013F0000E4FEC13F0000E4FEC13F0000E80
:104F88004FEC13F0000E4FEC13F0000E4FEC13F043
:104F9800000E4FEC13F0000E4FEC13F0000E4FEC28
:104FA80013F0000E4FEC13F0000E4FEC13F0000E50
:104FB8004FEC13F0000E4FEC13F0000E4FEC13F013
:104FC800000E4FEC13F0000E4FEC13F0000E4FECF8
:104FD80013F0000E4FEC13F0000E4FEC13F0000E20
:104FE8004FEC13F0000E4FEC13F0000E4FEC13F0E3
:104FF800000E4FEC13F0000E4FEC13F0000E4FECC8
:1050080013F0000E4FEC13F0000E4FEC13F0000EEF
:105018004FEC13F0000E4FEC13F0000E4FEC13F0B2
:10502800000E4FEC13F0000E4FEC13F0000E4FEC97
:1050380013F0000E4FEC13F0000E4FEC13F0000EBF
:105048004FEC13F0000E4FEC13F0000E4FEC13F082
:10505800000E4FEC13F0000E4FEC13F0000E4FEC67
:1050680013F0000E4FEC13F0000E4FEC13F0000E8F
:105078004FEC13F0000E4FEC13F0000E4FEC13F052
:10508800000E4FEC13F0000E4FEC13F0000E4FEC37
:1050980013F0000E4FEC13F0000E4FEC13F0000E5F
:1050A8004FEC13F0000E4FEC13F0000E4FEC13F022
:1050B800000E4FEC13F0000E4FEC13F0000E4FEC07
:1050C80013F0000E4FEC13F0000E4FEC13F0000E2F
:1050D8004FEC13F0000E4FEC13F0000E4FEC13F0F2
:1050E800000E4FEC13F0000E4FEC13F0000E4FECD7
:1050F80013F0000E4FEC13F0000E4FEC13F0000EFF
:105108004FEC13F0000E4FEC13F0000E4FEC13F0C1
:10511800000E4FEC13F0000E4FEC13F0000E4FECA6
:1051280013F0000E4FEC13F0000E4FEC13F0000ECE
:105138004FEC13F0000E4FEC13F0000E4FEC13F091
:10514800000E4FEC13F0000E4FEC13F0000E4FEC76
:1051580013F0000E4FEC13F0000E4FEC13F0000E9E
:105168004FEC13F0000E4FEC13F0000E4FEC13F061
:10517800000E4FEC13F0000E4FEC13F0000E4FEC46
:1051880013F0000E4FEC13F0000E4FEC13F0000E6E
:105198004FEC13F0000E4FEC13F0000E4FEC13F031
:1051A800000E4FEC13F0000E4FEC13F0000E4FEC16
:1051B80013F0000E4FEC13F0000E4FEC13F0000E3E
:1051C8004FEC13F0000E4FEC13F0000E4FEC13F001
:1051D800000E4FEC13F0000E4FEC13F0000E4FECE6
:1051E80013F0000E4FEC13F0000E4FEC13F0000E0E
:1051F8004FEC13F0000E4FEC13F0000E4FEC13F0D1
:10520800000E4FEC13F0000E4FEC13F0000E4FECB5
:1052180013F0000E4FEC13F0000E4FEC13F0000EDD
:105228004FEC13F0000E4FEC13F0000E4FEC13F0A0
:10523800000E4FEC13F0000E4FEC13F0000E4FEC85
:1052480013F0000E4FEC13F0000E4FEC13F0000EAD
:105258004FEC13F0000E4FEC13F0000E4FEC13F070
:10526800B60E49EC13F0000E4FEC13F0020E4FECA3
:1052780013F0020E4FEC13F0020E4FEC13F0020E77
:105288004FEC13F0020E4FEC13F0020E4FEC13F03C
:10529800000E4FEC13F00F0E4FEC13F00F0E4FEC07
:1052A80013F00F0E4FEC13F00F0E4FEC13F00F0E20
:1052B8004FEC13F00F0E4FEC13F0B90E49EC13F04E
:1052C800000E4FEC13F0000E4FEC13F0000E4FECF5
:1052D80013F0000E4FEC13F0000E4FEC13F0000E1D
:1052E8004FEC13F0000E4FEC13F0000E4FEC13F0E0
:1052F800000E4FEC13F0000E4FEC13F0000E4FECC5
:1053080013F0000E4FEC13F0000E4FEC13F0000EEC
:105318004FEC13F0000E4FEC13F0000E4FEC13F0AF
:10532800000E4FEC13F0000E4FEC13F0000E4FEC94
:1053380013F0000E4FEC13F0000E4FEC13F0000EBC
:105348004FEC13F0000E4FEC13F0000E4FEC13F07F
:10535800000E4FEC13F0000E4FEC13F0000E4FEC64
:1053680013F0000E4FEC13F0000E4FEC13F0000E8C
:105378004FEC13F0000E4FEC13F0000E4FEC13F04F
:10538800000E4FEC13F0000E4FEC13F0000E4FEC34
:1053980013F0000E4FEC13F0000E4FEC13F0000E5C
:1053A8004FEC13F0000E4FEC13F0000E4FEC13F01F
:1053B800000E4FEC13F0000E4FEC13F0000E4FEC04
:1053C80013F0000E4FEC13F0000E4FEC13F0000E2C
:1053D8004FEC13F0000E4FEC13F0000E4FEC13F0EF
:1053E800000E4FEC13F0000E4FEC13F0000E4FECD4
:1053F80013F0000E4FEC13F0000E4FEC13F0000EFC
:105408004FEC13F0000E4FEC13F0000E4FEC13F0BE
:10541800000E4FEC13F0000E4FEC13F0000E4FECA3
:1054280013F0000E4FEC13F0000E4FEC13F0000ECB
:105438004FEC13F0000E4FEC13F0000E4FEC13F08E
:10544800000E4FEC13F0000E4FEC13F0000E4FEC73
:1054580013F0000E4FEC13F0000E4FEC13F0000E9B
:105468004FEC13F0000E4FEC13F0000E4FEC13F05E
:10547800000E4FEC13F0000E4FEC13F0000E4FEC43
:1054880013F0000E4FEC13F0000E4FEC13F0000E6B
:105498004FEC13F0000E4FEC13F0000E4FEC13F02E
:1054A800000E4FEC13F0000E4FEC13F0000E4FEC13
:1054B80013F0000E4FEC13F0000E4FEC13F0000E3B
:1054C8004FEC13F0000E4FEC13F0000E4FEC13F0FE
:1054D800000E4FEC13F0000E4FEC13F0000E4FECE3
:1054E80013F0000E4FEC13F0000E4FEC13F0000E0B
:1054F8004FEC13F0000E4FEC13F0000E4FEC13F0CE
:10550800000E4FEC13F0BC0E49EC13F0000E4FECFC
:1055180013F0010E4FEC13F0230E4FEC13F0450E71
:105528004FEC13F0670E4FEC13F0010E4FEC13F035
:10553800230E4FEC13F0450E4FEC13F0670E4FECB3
:1055480013F0000E4FEC13F0000E4FEC13F0000EAA
:105558004FEC13F0000E4FEC13F0000E4FEC13F06D
:10556800000E4FEC13F0000E4FEC13F0BF0E49EC99
:1055780013F0000E4FEC13F0000E4FEC13F0000E7A
:105588004FEC13F0000E4FEC13F0000E4FEC13F03D
:10559800000E4FEC13F0000E4FEC13F0000E4FEC22
:1055A80013F0000E4FEC13F0000E4FEC13F0000E4A
:1055B8004FEC13F0000E4FEC13F0000E4FEC13F00D
:1055C800000E4FEC13F0000E4FEC13F0000E4FECF2
:1055D80013F0000E4FEC13F0000E4FEC13F0000E1A
:1055E8004FEC13F0000E4FEC13F0000E4FEC13F0DD
:1055F800000E4FEC13F0000E4FEC13F0000E4FECC2
:1056080013F0000E4FEC13F0000E4FEC13F0000EE9
:105618004FEC13F0000E4FEC13F0000E4FEC13F0AC
:10562800000E4FEC13F0C80E49EC13F0000E4FECCF
:1056380013F0000E4FEC13F0000E4FEC13F0CF0EEA
:1056480049EC13F0010E4FEC13F0DD0E49EC13F0AA
:10565800000E4FEC13F0000E4FEC13F0000E4FEC61
:1056680013F0000E4FEC13F0000E4FEC13F0000E89
:105678004FEC13F0000E4FEC13F0000E4FEC13F04C
:10568800E50E49EC13F0000E4FEC13F0000E4FEC52
:1056980013F0000E4FEC13F0000E4FEC13F0000E59
:1056A8004FEC13F0000E4FEC13F0E60E49EC13F03C
:1056B8008C0E4FEC13F0000E4FEC13F0000E4FEC75
:1056C80013F0E80E49EC13F0000E4FEC13F0EF0E58
:1056D80049EC13F0000E4FEC13F0110E4FEC13F0E1
:1056E800320E4FEC13F0FF0E4FEC13F0010E4FEC9F
:1056F80013F0320E4FEC13F0FF0E4FEC13F0010EC7
:105708004FEC13F0FB0E49EC13F0100E4FEC13F0B6
:10571800050E4FEC13F0010E4FEC13F0000E4FEC9A
:1057280013F0050E4FEC13F0000E4FEC13F0FC0EC7
:1057380049EC13F0000E4FEC13F0000E4FEC13F091
:10574800000E4FEC13F000011200486F410A74E09C
:10575800030A78E0010A7DE0070AD8B481D0010A7B
:10576800D8B485D0030AD8B489D0010AD8B48DD06A
:105778000F0AD8B491D0010AD8B496D0030AD8B485
:105788009BD0010AD8B4A0D0070AD8B4A5D0010A82
:10579800D8B4AAD0030AD8B4AFD0010AD8B4B4D0C8
:1057A8001F0AD8B4B9D0010AD8B4BED0030AD8B4F5
:1057B800C3D0010AD8B4C8D0070AD8B4CDD0010ADA
:1057C800D8B4D2D0030AD8B4D7D0010AD8B4DCD020
:1057D8000F0AD8B4E1D0010AD8B4E6D0030AD8B485
:1057E800EBD0770AD8B4F0D00D0AD8B4F5D0100AA7
:1057F800D8B4FAD0010AD8B4FFD0030AD8B404D177
:10580800010AD8B409D1070AD8B40ED1010AD8B40C
:1058180013D1030AD8B418D1010AD8B41DD10F0A7C
:10582800D8B422D1010AD8B427D1170AD8B42CD1B8
:10583800140AD8B431D137D10001846B856B140EAA
:10584800866F31D12E0E0001846F856B100E866F26
:105858002AD1530E0001846F856B140E866F23D1F5
:10586800810E0001846F856B140E866F1CD1AF0EFC
:105878000001846F856B100E866F15D1D40E000160
:10588800846F856B100E866F0ED1F90E0001846F40
:10589800856B140E866F07D1270E0001846F010EE9
:1058A800856F100E866FFFD04C0E0001846F010EBD
:1058B800856F080E866FF7D05F0E0001846F010EAA
:1058C800856F100E866FEFD0840E0001846F010E75
:1058D800856F140E866FE7D0B20E0001846F010E3B
:1058E800856F100E866FDFD0D70E0001846F010E12
:1058F800856F140E866FD7D0050E0001846F020ED7
:10590800856F100E866FCFD02A0E0001846F020EAD
:10591800856F140E866FC7D0580E0001846F020E73
:10592800856F100E866FBFD07D0E0001846F020E4A
:10593800856F140E866FB7D0B00E0001846F020E0B
:10594800856F100E866FAFD0D50E0001846F020EE2
:10595800856F100E866FA7D0FA0E0001846F020EB5
:10596800856F100E866F9FD01F0E0001846F030E87
:10597800856F100E866F97D0440E0001846F030E5A
:10598800856F140E866F8FD0720E0001846F030E20
:10599800856F200E866F87D0BB0E0001846F030EC3
:1059A800856F140E866F7FD0E90E0001846F030E99
:1059B800856F140E866F77D0170E0001846F040E62
:1059C800856F100E866F6FD03C0E0001846F040E39
:1059D800856F080E866F67D0D50E0001846F100E94
:1059E800856F080E866F5FD04F0E0001846F040E1E
:1059F800856F100E866F57D0740E0001846F040EE9
:105A0800856F100E866F4FD0990E0001846F040EBB
:105A1800856F100E866F47D0BE0E0001846F040E8E
:105A2800856F100E866F3FD0E30E0001846F040E61
:105A3800856F100E866F37D0080E0001846F050E33
:105A4800856F100E866F2FD02D0E0001846F050E06
:105A5800856F100E866F27D0520E0001846F050ED9
:105A6800856F100E866F1FD0770E0001846F050EAC
:105A7800856F100E866F17D09C0E0001846F050E7F
:105A8800856F100E866F0FD0C10E0001846F050E52
:105A9800856F080E866F07D0D40E0001846F050E3F
:105AA800856F080E866F02011200486F300A13E0F6
:105AB800010A19E0030A1FE0010A25E0070A2BE0A2
:105AC800010A31E0030A37E0010A3DE00F0A43E02A
:105AD800010A49E04FD0E70E0001846F050E856F7B
:105AE800280E866F47D0BA0E0001846F060E856FA8
:105AF800280E866F3FD08D0E0001846F070E856FCC
:105B0800280E866F37D0600E0001846F080E856FEF
:105B1800280E866F2FD0330E0001846F090E856F13
:105B2800280E866F27D0060E0001846F0A0E856F37
:105B3800280E866F1FD0D90E0001846F0A0E856F5C
:105B4800280E866F17D0AC0E0001846F0B0E856F80
:105B5800280E866F0FD07F0E0001846F0C0E856FA4
:105B6800280E866F07D0520E0001846F0D0E856FC8
:105B7800280E866F02011200436B446B456B466B1F
:105B8800466B3E5146611DD047A10AD046513C257F
:105B9800486F000E3D21496F04EC5CF086DF09D0A8
:105BA80046513C25486F000E3D21496F04EC5CF0DE
:105BB800CCDD0001865102014327040E4327462B02
:105BC800E0D7040E435F790E436112004351780811
:105BD800446FD8904433030E4415456F455301E094
:105BE8004427466B3E51466151D047A124D04651C7
:105BF8003C25486F000E3D21496F04EC5CF055DFF1
:105C080044C248F2496B3BC24AF24B6B86C04CF225
:105C18004D6B2A0E4E6F4F6B84C050F285C051F207
:105C28003FC252F240C253F241C254F242C255F24C
:105C3800B2EC13F023D046513C25486F000E3D21AD
:105C4800496F04EC5CF081DD44C248F2496B3BC209
:105C58004AF24B6B86C04CF24D6B120E4E6F4F6B77
:105C680084C050F285C051F23FC252F240C253F292
:105C780041C254F242C255F2B2EC13F0000186510F
:105C880002014427040E4427462BACD71200020118
:105C9800296F1C0E2A6F0001BC5103E0010A1BE0AA
:105CA80032D02AC248F20201496B29C24AF24B6B30
:105CB800400E4C6F4D6B200E4E6F4F6B250E506F84
:105CC800130E516FE00E526F070E536F546B556BE6
:105CD800B2EC13F018D02AC248F20201496B29C26B
:105CE8004AF24B6B400E4C6F4D6B200E4E6F4F6B54
:105CF800260E506F140E516FE00E526F5369546B9D
:105D0800556BB2EC13F0020112002AC23BF22BC20F
:105D18003CF23C0E57EC0AF03BC22CF22AC23BF292
:105D28002BC23CF23C0E99EC0AF02D6F2CC23BF2D0
:105D38003C6B0A0E57EC0AF03BC22EF22CC23BF227
:105D48003C6B0A0E99EC0AF02F6F2DC23BF23C6BAC
:105D58000A0E57EC0AF03BC230F22DC23BF23C6B04
:105D68000A0E99EC0AF0316F300E2E25326F300E84
:105D78002F25336F3A0E346F300E3025356F300EC5
:105D88003125366F29C23BF2320E3C6F020E3D6F51
:105D9800050E3E6F47913F694069416B426BECD6F7
:105DA800296F8FC03BF290C03CF291C03DF2E80EE3
:105DB8003E6F030E3F6F80EC0AF03BC22AF23CC2F2
:105DC8002BF28FC03BF290C03CF291C03DF2E80E3E
:105DD8003E6F030E3F6FABEC0AF040C22CF241C29B
:105DE8002DF22AC23BF22BC23CF2640E57EC0AF0A9
:105DF8003BC22EF22AC23BF22BC23CF2640E99EC53
:105E08000AF02F6F2FC23BF23C6B0A0E57EC0AF0D8
:105E18003BC230F22FC23BF23C6B0A0E99EC0AF0FF
:105E2800316F2CC23BF22DC23CF2640E57EC0AF0E3
:105E38003BC232F22CC23BF22DC23CF2640E99EC0A
:105E48000AF0336F33C23BF23C6B0A0E57EC0AF090
:105E58003BC234F233C23BF23C6B0A0E99EC0AF0B7
:105E6800356F300E3025366F300E3125376F300ED6
:105E78003225386F300E3425396F300E35253A6F9C
:105E880029C23BF2360E3C6F020E3D6F050E3E6F87
:105E980047913F694069416B426B6ED62AC23BF21B
:105EA8003C6B0A0E57EC0AF03BC22DF22AC23BF2B9
:105EB8003C6B0A0E99EC0AF02E6F2DC23BF23C6B3C
:105EC8000A0E57EC0AF03BC22FF22DC23BF23C6B94
:105ED8000A0E99EC0AF0306F2F5304E0300E2F258C
:105EE800316F02D0300E316F300E3025326F2E0EEA
:105EF800336F300E2E25346F29C23BF2310E3C6FC2
:105F0800020E3D6F040E3E6F47912BC23FF22CC22A
:105F180040F2416B426B30D67FCF3BF202013C6BC3
:105F28000A0E57EC0AF03BC27FFF7FCF3BF23C6B77
:105F38000A0E99EC0AF07F6E7FCF3BF23C6B0A0E9B
:105F480057EC0AF03BC27FFF7FCF3BF23C6B0A0E57
:105F580099EC0AF07F6E300E7F247F6E300E7F241E
:105F68007F6E300E7F247F6E7FCF3BF27F0E3C6FBB
:105F78000F0E3D6F030E3E6F47917FCF3FF27FCFED
:105F880040F2416B426BF8D51A0E2C25306F2D511B
:105F9800010A13E0030A32E0020A50E0030A6FE044
:105FA800060AD8B48DD0030AD8B4ABD0020AD8B444
:105FB800C9D0030AD8B4E7D006D12CC23BF2040EEC
:105FC8003C6F800E3D6F040E3E6F47912EC23FF22C
:105FD8002FC240F2416B426BCFDD30C23BF28A0EDA
:105FE8003C6F800E3D6F040E3E6F47912EC23FF20C
:105FF8002FC240F2416B426BBFDDE5D02CC23BF2B1
:106008003C6B800E3D6F030E3E6F47912EC23FF2F0
:106018002FC240F2416B426BAFDD30C23BF2040E3F
:106028003C6F800E3D6F040E3E6F47912EC23FF2CB
:106038002FC240F2416B426B9FDDC5D02CC23BF2B0
:10604800090E3C6F800E3D6F030E3E6F47912EC2C6
:106058003FF22FC240F2416B426B8EDD30C23BF201
:106068006A0E3C6F800E3D6F040E3E6F47912EC244
:106078003FF22FC240F2416B426B7EDDA4D02CC2AE
:106088003BF20D0E3C6F800E3D6F040E3E6F479144
:106098002EC23FF22FC240F2416B426B6DDD30C21F
:1060A8003BF26A0E3C6F800E3D6F040E3E6F4791C7
:1060B8002EC23FF22FC240F2416B426B5DDD83D0AE
:1060C8002CC23BF28A0E3C6F800E3D6F040E3E6F71
:1060D80047912EC23FF22FC240F2416B426B4CDD1A
:1060E80030C23BF2120E3C6F800E3D6F040E3E6FC5
:1060F80047912EC23FF22FC240F2416B426B3CDD0A
:1061080062D02CC23BF2490E3C6F800E3D6F050EEB
:106118003E6F47912EC23FF22FC240F2416B426B55
:106128002BDD30C23BF26A0E3C6F800E3D6F040ED1
:106138003E6F47912EC23FF22FC240F2416B426B35
:106148001BDD41D02CC23BF2170E3C6F800E3D6F19
:10615800040E3E6F47912EC23FF22FC240F2416BB0
:10616800426B0ADD30C23BF28A0E3C6F800E3D6FF7
:10617800040E3E6F47912EC23FF22FC240F2416B90
:10618800426BFADC20D02CC23BF29A0E3C6F800E98
:106198003D6F030E3E6F47912EC23FF22FC240F271
:1061A800416B426BE9DC30C23BF21C0E3C6F800E47
:1061B8003D6F040E3E6F47912EC23FF22FC240F250
:1061C800416B426BD9DC12002B6F080E2C6F2CC26E
:1061D8002DF22E6B29C22FF2306B680E316F326BA5
:1061E800190E336F346B356B366B70EC13F02A5124
:1061F8000BE0010A21E0030A38E0010A4EE0070A31
:1062080065E0010A7CE093D02CC248F2496B29C2B0
:106218004AF24B6B680E4C6F4D6B2BC24EF24F6BB4
:10622800D00E506F170E516F526BF80E536F546BA0
:10623800556BB2EC13F07BD02CC248F2496B29C2E3
:106248004AF24B6B680E4C6F4D6B2BC24EF24F6B84
:10625800410E506F1A0E516F200E526FFD0E536F84
:10626800546B556BB2EC13F062D02CC248F2496BF8
:1062780029C24AF24B6B680E4C6F4D6B2BC24EF223
:106288004F6BB20E506F1C0E516FE00E526F536978
:10629800546B556BB2EC13F04AD02CC248F2496BE0
:1062A80029C24AF24B6B680E4C6F4D6B2BC24EF2F3
:1062B8004F6B230E506F1F0E516FE00E526F070E7B
:1062C800536F546B556BB2EC13F031D02CC248F2BB
:1062D800496B29C24AF24B6B680E4C6F4D6B2BC24F
:1062E8004EF24F6B940E506F210E516FE00E526FAD
:1062F800070E536F546B556BB2EC13F018D02CC2C9
:1063080048F2496B29C24AF24B6B680E4C6F4D6BD1
:106318002BC24EF24F6B050E506F240E516FE00EDC
:10632800526F070E536F546B556BB2EC13F012009B
:10633800286B285107E0010AD8B492D0030AD8B4D0
:106348008FD08ED0380E49EC13F02D6B2E6B2F6B3F
:10635800306B780E316F326BF00E336F346B356BF8
:10636800366B70EC13F000016CAB3CD01C0E0201D4
:10637800486F496B2F0E4A6F4B6B400E4C6F4D6B3D
:10638800550E4E6F4F6B270E506F150E516F290E1D
:10639800526FA50E536F546B556BB2EC13F0950EFC
:1063A8003B6F210E3C6F800E3D6F040E3E6F479190
:1063B800290E3F6FA50E406F416B426BC0EC2DF06C
:1063C800AF0E3B6FF20E3C6F800E3D6F020E3E6FBC
:1063D8004791290E3F6FA50E406F416B426BC0EC91
:1063E8002DF03BD00C0E0201486F496B2E0E4A6F00
:1063F8004B6B600E4C6F4D6B570E4E6F4F6B100E04
:10640800506F0F0E516F290E526FA50E536F546BBC
:10641800556BB2EC13F0950E3B6F2B0E3C6F800E54
:106428003D6F030E3E6F4791290E3F6FA50E406FDB
:10643800416B426BC0EC2DF0AF0E3B6FF20E3C6F20
:10644800800E3D6F020E3E6F4791290E3F6FA50EDD
:10645800406F416B426BC0EC2DF0390E49EC13F0E4
:1064680012000A0E02017803F3CF28F27951282787
:106478002D6B2E6B2F6B306B780E316F326BF00EED
:10648800336F346B356B366B70EC13F00001BC6BFB
:106498000B0E4BEC2EF08B532EE03D0E3B6FAC0EEB
:1064A8003C6F800E3D6F040E3E6F4791290E3F6F83
:1064B800A50E406F416B426BC0EC2DF0590E296F51
:1064C8009AC22AF29BC22BF220DC7A0E2C6F77C27A
:1064D8002DF2290E2E6FA50E2F6F56DD774D07D0A2
:1064E800AE0E296F28C22AF22B692C69D7DCE8EC9A
:1064F8003FF0020156D0895329E03D0E3B6F5B0EF9
:106508003C6F800E3D6F050E3E6F4791290E3F6F21
:10651800A50E406F416B426BC0EC2DF0590E40DC6C
:106528007A0E2C6F77C22DF2290E2E6FA50E2F6FC3
:106538002BDD774D07D0AE0E296F28C22AF22B69C2
:106548002C69ACDCE8EC3FF002012BD0080E486F58
:10655800496B3D0E4A6F4B6B680E4C6F4D6B120EBC
:106568004E6F4F6B250E506F0E0E516F5269536967
:10657800546B556BB2EC13F0620E2C6F77C22DF290
:10658800290E2E6FA50E2F6FFFDC774D07D09C0EBE
:10659800296F28C22AF22B692C6980DCE8EC3FF0CD
:1065A8000201120002012D6B2E6B2F6B306B780EDF
:1065B800316F326BF00E336F346B356B366B70ECBA
:1065C80013F0080E3B6F260E3C6F800E3D6F040ED5
:1065D8003E6F4791290E3F6FA50E406F416B426B8E
:1065E800C0EC2DF0080E486F496B200E4A6F4B6BBC
:1065F800680E4C6F4D6B040E4E6F4F6B760E506FDE
:10660800260E516F290E526FA50E536F546B556BA2
:10661800B2EF13F02D6B2E6B2F6B306B780E316F42
:10662800326BF00E336F346B356B366B70EC13F0E6
:10663800080E2D6FD1C02EF2290E2F6FA50E306FC8
:10664800AED8080E486F496B3A0E4A6F4B6B680E0E
:106658004C6F4D6B040E4E6F4F6B760E506F260EBF
:10666800516F290E526FA50E536F546B556BB2EFD5
:1066780013F02D6B2E6B2F6B306B780E316F326BE6
:10668800F00E336F346B356B366B70EC13F00C0E09
:10669800486F496B2E0E4A6F4B6B600E4C6F4D6BFB
:1066A800570E4E6F4F6B100E506F0F0E516F290E15
:1066B800526FA50E536F546B556BB2EC13F0950ED9
:1066C8003B6F2B0E3C6F800E3D6F030E3E6F479164
:1066D800290E3F6FA50E406F416B426BC0EC2DF049
:1066E800AF0E3B6FEE0E3C6F800E3D6F030E3E6F9C
:1066F8004791290E3F6FA50E406F416B426BC0EF6B
:106708002DF002012D6F2E6B2D5107E0010A08E0D4
:10671800030A09E0010A0AE00BD0300E2E6F08D0F8
:10672800620E2E6F05D0940E2E6F02D0C60E2E6FFD
:106738002E5112003A6F3B6B3A510BE0010A0CE004
:10674800030A0DE0010A0EE0070A0FE0010A10E053
:1067580011D0480E3B6F0ED0620E3B6F0BD07C0EF3
:106768003B6F08D0960E3B6F05D0B00E3B6F02D042
:10677800CA0E3B6F3B5112002D6F2E6B2D5105E059
:10678800010A06E0030A07E008D0480E2E6F05D07C
:106798007A0E2E6F02D0AC0E2E6F2E511200180EEC
:1067A8002D25316F2E513FE0010A60E0030AD8B46D
:1067B80080D0010AD8B4A0D0070AD8B4C0D0010A42
:1067C800D8B4E0D0030AD8B400D1010AD8B420D193
:1067D8000F0AD8B440D1010AD8B460D1030AD8B49A
:1067E80080D1010AD8B4A0D1070AD8B4C0D1010A0F
:1067F800D8B4E0D1030AD8B400D2010AD8B420D260
:106808001F0AD8B440D2010AD8B460D2030AD8B457
:1068180080D2010AD8B4A0D2070AD8B4C0D2010ADB
:10682800D8B4E0D201D32DC23BF22F0E3C6F800EBC
:106838003D6F040E3E6F47912FC23FF230C240F2C7
:10684800416B426BC0EC2DF031C23BF26A0E3C6FDB
:10685800800E3D6F040E3E6F47912FC23FF230C24B
:1068680040F2416B426BC0EC2DF0DED22DC23BF200
:10687800340E3C6F800E3D6F050E3E6F47912FC260
:106888003FF230C240F2416B426BC0EC2DF031C296
:106898003BF29A0E3C6F800E3D6F030E3E6F4791A0
:1068A8002FC23FF230C240F2416B426BC0EC2DF078
:1068B800BBD22DC23BF2100E3C6F810E3D6F030E12
:1068C8003E6F47912FC23FF230C240F2416B426B9C
:1068D800C0EC2DF031C23BF23A0E3C6F800E3D6F9A
:1068E800050E3E6F47912FC23FF230C240F2416B16
:1068F800426BC0EC2DF098D22DC23BF2100E3C6FCB
:10690800810E3D6F030E3E6F47912FC23FF230C29A
:1069180040F2416B426BC0EC2DF031C23BF2400EAD
:106928003C6F800E3D6F040E3E6F47912FC23FF2C1
:1069380030C240F2416B426BC0EC2DF075D22DC2D3
:106948003BF2450E3C6F800E3D6F030E3E6F479144
:106958002FC23FF230C240F2416B426BC0EC2DF0C7
:1069680031C23BF2100E3C6F810E3D6F030E3E6F3D
:1069780047912FC23FF230C240F2416B426BC0ECEC
:106988002DF052D22DC23BF2490E3C6F800E3D6F66
:10699800050E3E6F47912FC23FF230C240F2416B65
:1069A800426BC0EC2DF031C23BF24F0E3C6F800EB3
:1069B8003D6F050E3E6F47912FC23FF230C240F245
:1069C800416B426BC0EC2DF02FD22DC23BF25B0E17
:1069D8003C6F800E3D6F050E3E6F47912FC23FF210
:1069E80030C240F2416B426BC0EC2DF031C23BF239
:1069F800550E3C6F800E3D6F050E3E6F47912FC2BE
:106A08003FF230C240F2416B426BC0EC2DF00CD229
:106A18002DC23BF25B0E3C6F800E3D6F050E3E6F44
:106A280047912FC23FF230C240F2416B426BC0EC3B
:106A38002DF031C23BF2610E3C6F800E3D6F040EAB
:106A48003E6F47912FC23FF230C240F2416B426B1A
:106A5800C0EC2DF0E9D12DC23BF2660E3C6F800EE2
:106A68003D6F030E3E6F47912FC23FF230C240F296
:106A7800416B426BC0EC2DF031C23BF26A0E3C6FA9
:106A8800800E3D6F040E3E6F47912FC23FF230C219
:106A980040F2416B426BC0EC2DF0C6D12DC23BF2E7
:106AA8006F0E3C6F800E3D6F040E3E6F47912FC2F4
:106AB8003FF230C240F2416B426BC0EC2DF031C264
:106AC8003BF2740E3C6F800E3D6F030E3E6F479194
:106AD8002FC23FF230C240F2416B426BC0EC2DF046
:106AE800A3D12DC23BF2780E3C6F800E3D6F050E90
:106AF8003E6F47912FC23FF230C240F2416B426B6A
:106B0800C0EC2DF031C23BF27E0E3C6F800E3D6F23
:106B1800030E3E6F47912FC23FF230C240F2416BE5
:106B2800426BC0EC2DF080D12DC23BF2820E3C6F3F
:106B3800800E3D6F040E3E6F47912FC23FF230C268
:106B480040F2416B426BC0EC2DF031C23BF2870E34
:106B58003C6F800E3D6F020E3E6F47912FC23FF291
:106B680030C240F2416B426BC0EC2DF05DD12DC2BA
:106B78003BF28A0E3C6F800E3D6F040E3E6F4791CC
:106B88002FC23FF230C240F2416B426BC0EC2DF095
:106B980031C23BF2940E3C6F800E3D6F050E3E6F86
:106BA80047912FC23FF230C240F2416B426BC0ECBA
:106BB8002DF03AD12DC23BF28F0E3C6F800E3D6F07
:106BC800040E3E6F47912FC23FF230C240F2416B34
:106BD800426BC0EC2DF031C23BF2940E3C6F800E3C
:106BE8003D6F050E3E6F47912FC23FF230C240F213
:106BF800416B426BC0EC2DF017D12DC23BF29E0EBB
:106C08003C6F800E3D6F040E3E6F47912FC23FF2DE
:106C180030C240F2416B426BC0EC2DF031C23BF206
:106C28009A0E3C6F800E3D6F030E3E6F47912FC248
:106C38003FF230C240F2416B426BC0EC2DF0F4D011
:106C48002DC23BF29E0E3C6F800E3D6F040E3E6FD0
:106C580047912FC23FF230C240F2416B426BC0EC09
:106C68002DF031C23BF2A80E3C6F800E3D6F030E33
:106C78003E6F47912FC23FF230C240F2416B426BE8
:106C8800C0EC2DF0D1D02DC23BF2A30E3C6F800E8C
:106C98003D6F040E3E6F47912FC23FF230C240F263
:106CA800416B426BC0EC2DF031C23BF2B10E3C6F30
:106CB800800E3D6F030E3E6F47912FC23FF230C2E8
:106CC80040F2416B426BC0EC2DF0AED02DC23BF2CE
:106CD800AC0E3C6F800E3D6F040E3E6F47912FC285
:106CE8003FF230C240F2416B426BC0EC2DF031C232
:106CF8003BF2A80E3C6F800E3D6F030E3E6F47912E
:106D08002FC23FF230C240F2416B426BC0EC2DF013
:106D18008BD02DC23BF2AC0E3C6F800E3D6F040E43
:106D28003E6F47912FC23FF230C240F2416B426B37
:106D3800C0EC2DF031C23BF2B10E3C6F800E3D6FBE
:106D4800030E3E6F47912FC23FF230C240F2416BB3
:106D5800426BC0EC2DF068D02DC23BF2B50E3C6FF3
:106D6800800E3D6F040E3E6F47912FC23FF230C236
:106D780040F2416B426BC0EC2DF031C23BF2BA0ECF
:106D88003C6F800E3D6F030E3E6F47912FC23FF25E
:106D980030C240F2416B426BC0EC2DF045D02DC2A1
:106DA8003BF2BE0E3C6F800E3D6F030E3E6F479167
:106DB8002FC23FF230C240F2416B426BC0EC2DF063
:106DC80031C23BF2C20E3C6F800E3D6F050E3E6F26
:106DD80047912FC23FF230C240F2416B426BC0EC88
:106DE8002DF022D02DC23BF2C80E3C6F800E3D6FB5
:106DF800030E3E6F47912FC23FF230C240F2416B03
:106E0800426BC0EC2DF031C23BF2CC0E3C6F800ED1
:106E18003D6F050E3E6F47912FC23FF230C240F2E0
:106E2800416B426BC0EC2DF012002D6B2E6B300EB7
:106E38002F6F306B780E316F326BC00E336F346B3F
:106E4800356B366B70EC13F02B6B040E2B612BD06B
:106E5800290E296FA50E2A6F2B6705D02CA103D008
:106E68002969070E2A6F150E286110D02B5149DCAD
:106E78002D6F28C22EF229C22FF22AC230F28FDCDF
:106E8800285145EC43F00201286F0BD02B5139DC17
:106E98002D6F28C22EF229C22FF22AC230F27FDCCF
:106EA80002D02B2BD2D700011200D6EC32F0D5C07D
:106EB80028F22C91BADFD65124DC2D6FD1C02EF2E6
:106EC8002F69070E306F6BD4286F28C23BF23C6BDA
:106ED800030E99EC0AF0296F290E2A6FA50E2B6F65
:106EE800296718D02A69070E2B6F000E45DC2C6F16
:106EF8002D6B2E6B2CC22FF2306B780E316F326BEC
:106F08002C51F008336F000E346B3457356B366BE9
:106F180070EC13F028510FE0010A0DE0030A0BE0B2
:106F2800010A2AE0070A28E0010A26E0030A49E0E4
:106F3800010A47E05ED0000E1FDC2C6F2D6B2AC2C1
:106F48002EF22BC22FF2C8EC2FF0010E15DC2C6F9D
:106F5800010E2D6F290E2E6FA50E2F6FC8EC2FF086
:106F6800020E0ADC2C6F020E2D6F290E2E6FA50E55
:106F78002F6FC8EC2FF03DD0000EC0EC33F02C6F13
:106F8800030E2D6F2AC22EF22BC22FF2C8EC2FF05F
:106F9800010EC0EC33F02C6F040E2D6F290E2E6FEE
:106FA800A50E2F6FC8EC2FF0020EC0EC33F02C6F3B
:106FB800050E2D6F290E2E6FA50E2F6FC8EC2FF022
:106FC80018D0000EC0EC33F02C6F060E2D6F2AC2BD
:106FD8002EF22BC22FF2C8EC2FF0010EC0EC33F0CA
:106FE8002C6F070E2D6F290E2E6FA50E2F6FC8EC74
:106FF8002FF0295317E02905C0EC33F02C6F280532
:107008002D6F290E2E6FA50E2F6FC8EC2FF029516A
:10701800C0EC33F02C6F28C22DF22E69070E2F6FAB
:10702800C8EF2FF012007F5007E0010A17E0030AAB
:1070380026E0010A36E046D07FCF3BF2EE0E3C6FE9
:10704800800E3D6F030E3E6F47917FCF3FF27FCF9B
:1070580040F2416B426BC0EC2DF034D07FCF3BF255
:107068003C69800E3D6F030E3E6F47917FCF3FF224
:107078007FCF40F2416B426BC0EC2DF023D07FCF25
:107088003BF2030E3C6F810E3D6F030E3E6F47913E
:107098007FCF3FF27FCF40F2416B426BC0EC2DF0C7
:1070A80011D07FCF3BF2070E3C6F810E3D6F040E6F
:1070B8003E6F47917FCF3FF27FCF40F2416B426BEB
:1070C800C0EC2DF012007F6E030E7F147F6E290E28
:1070D8007F6EA50E7F6E7F50020119E17F68070E53
:1070E8007F6E000E9EEC33F07F6E2D6B2E6B7FCF84
:1070F8002FF2306B780E316F326B7F50F008336FA0
:10710800000E346B3457356B366B70EC13F0000E91
:107118009EEC33F07F6E7F6A7FCF7FFF7FCF7FFF4C
:1071280082DF010E9EEC33F07F6E010E7F6E290E1A
:107138007F6EA50E7F6E77DF020E9EEC33F07F6EBA
:10714800020E7F6E290E7F6EA50E7F6E6CDF030E1A
:107158009EEC33F07F6E030E7F6E290E7F6EA50EB8
:107168007F6E61DF7F5015E07F049EEC33F07F6E09
:107178007F047F6E290E7F6EA50E7F6E54DF7F50D1
:107188009EEC33F07F6E7FCF7FFF7F68070E7F6EA8
:107198004AD712007F5005E0010A15E0030A24E0EF
:1071A80034D07FCF3BF2EE0E3C6F800E3D6F030E66
:1071B8003E6F47917FCF3FF27FCF40F2416B426BEA
:1071C800C0EC2DF022D07FCF3BF23C69800E3D6FA2
:1071D800030E3E6F47917FCF3FF27FCF40F2416B66
:1071E800426BC0EC2DF011D07FCF3BF2070E3C6F05
:1071F800810E3D6F040E3E6F47917FCF3FF27FCFE8
:1072080040F2416B426BC0EC2DF012007F6E7FCFD5
:107218003BF202013C6B030E99EC0AF07F6E290EDB
:107228007F6EA50E7F6E7F5019E17F68070E7F6E17
:10723800000E9EEC33F07F6E2D6B2E6B7FCF2FF2FE
:10724800306B780E316F326B7F50F008336F000E61
:10725800346B3457356B366B70EC13F0000E9EECC4
:1072680033F07F6E7F6A7FCF7FFF7FCF7FFF92DF14
:10727800010E9EEC33F07F6E010E7F6E290E7F6E3D
:10728800A50E7F6E87DF020E9EEC33F07F6E020E36
:107298007F6E290E7F6EA50E7F6E7CDF7F5015E016
:1072A8007F049EEC33F07F6E7F047F6E290E7F6E25
:1072B800A50E7F6E6FDF7F509EEC33F07F6E7FCF21
:1072C8007FFF7F68070E7F6E65D712007F5003E04F
:1072D800010A12E022D07FCF3BF23C69800E3D6F5D
:1072E800030E3E6F47917FCF3FF27FCF40F2416B55
:1072F800426BC0EC2DF011D07FCF3BF2EE0E3C6F0D
:10730800800E3D6F030E3E6F47917FCF3FF27FCFD8
:1073180040F2416B426BC0EC2DF012007F6E010E03
:107328007F147F6E290E7F6EA50E7F6E7F5002013F
:1073380019E17F68070E7F6E000E9EEC33F07F6EBA
:107348002D6B2E6B7FCF2FF2306B780E316F326B37
:107358007F50F008336F000E346B3457356B366B43
:1073680070EC13F0000E9EEC33F07F6E7F6A7FCFD7
:107378007FFF7FCF7FFFAADF010E9EEC33F07F6E89
:10738800010E7F6E290E7F6EA50E7F6E9FDF7F50E8
:1073980015E07F049EEC33F07F6E7F047F6E290E2C
:1073A8007F6EA50E7F6E92DF7F509EEC33F07F6E6E
:1073B8007FCF7FFF7F68070E7F6E88D712007F50D0
:1073C80003E0010A12E022D07FCF3BF23C69800E35
:1073D8003D6F030E3E6F47917FCF3FF27FCF40F264
:1073E800416B426BC0EC2DF011D07FCF3BF2070E02
:1073F8003C6F810E3D6F040E3E6F47917FCF3FF289
:107408007FCF40F2416B426BC0EC2DF012007F6ED3
:10741800010E7F147F6E290E7F6EA50E7F6E7F5042
:10742800020119E17F68070E7F6E000E9EEC33F0B3
:107438007F6E2D6B2E6B7FCF2FF2306B780E316FF6
:10744800326B7F50F008336F000E346B3457356B56
:10745800366B70EC13F0000E9EEC33F07F6E7F6A93
:107468007FCF7FFF7FCF7FFFAADF010E9EEC33F037
:107478007F6E010E7F6E290E7F6EA50E7F6E9FDFD9
:107488007F5015E07F049EEC33F07F6E7F047F6EA3
:10749800290E7F6EA50E7F6E92DF7F509EEC33F033
:1074A8007F6E7FCF7FFF7F68070E7F6E88D71200C1
:1074B8002E5105E0010A15E0030A25E035D02DC25A
:1074C8003BF2D20E3C6F800E3D6F050E3E6F47912A
:1074D8002FC23FF230C240F2416B426BC0EC2DF03C
:1074E80023D02DC23BF2D80E3C6F800E3D6F050EA7
:1074F8003E6F47912FC23FF230C240F2416B426B60
:10750800C0EC2DF011D02DC23BF2DE0E3C6F800E88
:107518003D6F050E3E6F47912FC23FF230C240F2D9
:10752800416B426BC0EC2DF01200296F290E2A6FB7
:10753800A50E2B6F2C6B2851640A05E00A0A0FE090
:10754800010A26E04CD02C6B000E9EEC33F02D6F18
:107558002E6B2AC22FF22BC230F2AADF40D0010EC6
:1075680029152C6F000E9EEC33F02D6F2E6B2AC25E
:107578002FF22BC230F29CDF010E9EEC33F02D6F00
:10758800010E2E6F290E2F6FA50E306F91DF27D0B9
:1075980029C23BF23C6B030E99EC0AF02C6F000EEB
:1075A8009EEC33F02D6F2E6B2AC22FF22BC230F2D5
:1075B8007FDF010E9EEC33F02D6F010E2E6F290E2A
:1075C8002F6FA50E306F74DF020E9EEC33F02D6F17
:1075D800020E2E6F290E2F6FA50E306F69DF2C5308
:1075E80016E02C059EEC33F02D6F29052E6F290E21
:1075F8002F6FA50E306F5CDF2C519EEC33F02D6F92
:1076080029C22EF22F69070E306F52DF0AD02C5193
:107618009EEC33F02D6F29C22EF22F69070E306FC2
:1076280047D712007F5003E0010A13E023D07FCF31
:107638003BF2E40E3C6F800E3D6F030E3E6F4791A8
:107648007FCF3FF27FCF40F2416B426BC0EC2DF011
:1076580011D07FCF3BF2E80E3C6F800E3D6F050ED8
:107668003E6F47917FCF3FF27FCF40F2416B426B35
:10767800C0EC2DF012007F6E010E7F147F6E290E74
:107688007F6EA50E7F6E7F50020119E17F68070E9D
:107698007F6E000E9EEC33F07F6E2D6B2E6B7FCFCE
:1076A8002FF2306B780E316F326B7F50F008336FEA
:1076B800000E346B3457356B366B70EC13F0000EDC
:1076C8009EEC33F07F6E7F6A7FCF7FFF7FCF7FFF97
:1076D800A9DF010E9EEC33F07F6E010E7F6E290E3E
:1076E8007F6EA50E7F6E9EDF7F5015E07F049EECB7
:1076F80033F07F6E7F047F6E290E7F6EA50E7F6E3E
:1077080091DF7F509EEC33F07F6E7FCF7FFF7F68E5
:10771800070E7F6E87D712002D5103E0010A13E090
:1077280023D02CC23BF2EE0E3C6F800E3D6F030E51
:107738003E6F47912EC23FF22FC240F2416B426B1F
:10774800C0EC2DF011D02CC23BF2F20E3C6F800E33
:107758003D6F020E3E6F47912EC23FF22FC240F29C
:10776800416B426BC0EC2DF01200286F010E2815FA
:10777800296F290E2A6FA50E2B6F296719D02A6940
:10778800070E2B6F000E9EEC33F02C6F2D6B2E6BBB
:107798002CC22FF2306B780E316F326B2C51F008FF
:1077A800336F000E346B3457356B366B70EC13F057
:1077B800000E9EEC33F02C6F2D6B2AC22EF22BC2DA
:1077C8002FF2AADF010E9EEC33F02C6F010E2D6F05
:1077D800290E2E6FA50E2F6F9FDF295315E029055F
:1077E8009EEC33F02C6F28052D6F290E2E6FA50EF9
:1077F8002F6F92DF29519EEC33F02C6F28C22DF2A7
:107808002E69070E2F6F88D712002D5103E0010A49
:1078180013E023D02CC23BF2F50E3C6F800E3D6F77
:10782800040E3E6F47912EC23FF22FC240F2416BC9
:10783800426BC0EC2DF011D02CC23BF2FA0E3C6F1B
:10784800800E3D6F040E3E6F47912EC23FF22FC24D
:1078580040F2416B426BC0EC2DF01200286F010E14
:107868002815296F290E2A6FA50E2B6F296719D0A5
:107878002A69070E2B6F000E9EEC33F02C6F2D6BD0
:107888002E6B2CC22FF2306B780E316F326B2C516D
:10789800F008336F000E346B3457356B366B70EC71
:1078A80013F0000E9EEC33F02C6F2D6B2AC22EF2D3
:1078B8002BC22FF2AADF010E9EEC33F02C6F010EC3
:1078C8002D6F290E2E6FA50E2F6F9FDF295315E000
:1078D80029059EEC33F02C6F28052D6F290E2E6F8D
:1078E800A50E2F6F92DF29519EEC33F02C6F28C222
:1078F8002DF22E69070E2F6F88D7120029C23BF28E
:107908003C6B0A0E57EC0AF03BC22CF229C23BF240
:107918003C6B0A0E99EC0AF02D6F300E2C252E6F59
:10792800300E2D252F6F28C23BF22E0E3C6F020E13
:107938003D6F3E6F47812AC23FF22BC240F2416B36
:10794800426BC0EF2DF028C23BF229C23CF22AC29A
:107958003DF2E80E3E6F030E3F6F80EC0AF03BC22B
:107968002DF23CC22EF228C23BF229C23CF22AC2B6
:107978003DF2E80E3E6F030E3F6FABEC0AF040C2DB
:107988002FF241C230F22DC23BF22EC23CF2640EFD
:1079980057EC0AF03BC231F22DC23BF22EC23CF248
:1079A800640E99EC0AF0326F32C23BF23C6B0A0E5D
:1079B80057EC0AF03BC233F232C23BF23C6B0A0E80
:1079C80099EC0AF0346F2FC23BF230C23CF2640EDD
:1079D80057EC0AF03BC235F22FC23BF230C23CF200
:1079E800640E99EC0AF0366F36C23BF23C6B0A0E15
:1079F80057EC0AF03BC237F236C23BF23C6B0A0E38
:107A080099EC0AF0386F300E3125396F000E9EEC74
:107A180033F03B6F390E3C6F020E3D6F010E3E6F27
:107A280047912BC23FF22CC240F2416B426BC0EC33
:107A38002DF0300E3325396F010E9EEC33F03B6F7D
:107A4800390E3C6F020E3D6F010E3E6F47912BC2FF
:107A58003FF22CC240F2416B426BC0EC2DF0300E6D
:107A68003425396F020E9EEC33F03B6F390E3C6FB4
:107A7800020E3D6F010E3E6F47912BC23FF22CC2A2
:107A880040F2416B426BC0EC2DF0300E3525396F5A
:107A9800030E9EEC33F03B6F390E3C6F020E3D6FC8
:107AA800010E3E6F47912BC23FF22CC240F2416B50
:107AB800426BC0EC2DF0300E3725396F040E9EEC6A
:107AC80033F03B6F390E3C6F020E3D6F010E3E6F77
:107AD80047912BC23FF22CC240F2416B426BC0EC83
:107AE8002DF0300E3825396F050E9EEC33F03B6FC4
:107AF800390E3C6F020E3D6F010E3E6F47912BC24F
:107B08003FF22CC240F2416B426BC0EF2DF0D151D5
:107B18003FE0010A42E0030AD8B40AD1010AD8B406
:107B280023D1070AD8B43CD1010AD8B455D1030AE5
:107B3800D8B45DD1010AD8B465D10F0AD8B46DD1D3
:107B4800010AD8B46ED1030AD8B46FD1010AD8B4E7
:107B580073D1070AD8B48CD1010AD8B48DD1030ADD
:107B6800D8B4A6D1010AD8B4BFD11F0AD8B4DAD183
:107B7800010AD8B4DBD1030AD8B4F4D1010AD8B4C5
:107B8800F5D1070AD8B405D2010AD8B40FD211D258
:107B98000201775168EC37F00CD2700E0201286FA1
:107BA8007BC229F26B0E2A6FCE0E2B6FA7DEAA0EB0
:107BB8003B6F140E3C6F810E3D6F020E3E6F479176
:107BC8006B0E3F6FCE0E406F416B426BC0EC2DF0D9
:107BD8007B51100A0AE0010A29E0030A47E0060A75
:107BE80065E0020AD8B483D0E4D1C20E3B6F0C0E14
:107BF8003C6F810E3D6F030E3E6F47913F6B406BAC
:107C0800416B426BC0EC2DF0C20E3B6F1B0E3C6FFC
:107C1800810E3D6F030E3E6F47916B0E3F6FCE0E88
:107C2800406F416B426BC0EC2DF0C3D1C20E3B6F6D
:107C38001B0E3C6F810E3D6F030E3E6F47913F6BED
:107C4800406B416B426BC0EC2DF0C20E3B6F3C6940
:107C5800800E3D6F030E3E6F47916B0E3F6FCE0E49
:107C6800406F416B426BC0EC2DF0A3D1C20E3B6F4D
:107C78003C69800E3D6F030E3E6F47913F6B406B32
:107C8800416B426BC0EC2DF0C20E3B6F030E3C6F94
:107C9800810E3D6F030E3E6F47916B0E3F6FCE0E08
:107CA800406F416B426BC0EC2DF083D1C20E3B6F2D
:107CB800030E3C6F810E3D6F030E3E6F47913F6B85
:107CC800406B416B426BC0EC2DF0C20E3B6F070E50
:107CD8003C6F810E3D6F040E3E6F47916B0E3F6FF8
:107CE800CE0E406F416B426BC0EC2DF062D1C20EDC
:107CF8003B6F070E3C6F810E3D6F040E3E6F479140
:107D08003F6B406B416B426BC0EC2DF0C20E3B6F7A
:107D18000C0E3C6F810E3D6F030E3E6F47916B0E4C
:107D28003F6FCE0E406F416B426BC0EC2DF041D1DE
:107D3800700E0201286F78C229F26B0E2A6FCE0EE0
:107D48002B6FDCDDAA0E3B6F100E3C6F810E3D6F72
:107D5800030E3E6F47916B0E3F6FCE0E406F416B27
:107D6800426BC0EC2DF025D1700E0201286F79C24C
:107D780029F26B0E2A6FCE0E2B6FC0DDAA0E3B6F59
:107D8800100E3C6F810E3D6F030E3E6F47916B0ED8
:107D98003F6FCE0E406F416B426BC0EC2DF009D1A6
:107DA800700E0201286F7AC229F26B0E2A6FCE0E6E
:107DB8002B6FA4DDAA0E3B6F100E3C6F810E3D6F3A
:107DC800030E3E6F47916B0E3F6FCE0E406F416BB7
:107DD800426BC0EC2DF0EDD0800E0201286F8EC2F0
:107DE80029F26B0E2A6FCE0E2B6F88DDE2D0800E43
:107DF8000201286F8FC229F26B0E2A6FCE0E2B6FED
:107E08007DDDD7D0800E0201286F90C229F26B0E5B
:107E18002A6FCE0E2B6F72DDCCD002018C51A5DCFF
:107E2800C8D002017C51A1DCC4D091C228F2020161
:107E3800815199EC3AF0BDD0700E0201286F83C2CF
:107E480029F26B0E2A6FCE0E2B6F58DDAA0E3B6FF0
:107E5800140E3C6F810E3D6F020E3E6F47916B0E04
:107E68003F6FCE0E406F416B426BC0EC2DF0A1D03E
:107E7800020185517ADC9DD0700E0201286F86C2FE
:107E880029F26B0E2A6FCE0E2B6F38DDAA0E3B6FD0
:107E9800140E3C6F810E3D6F020E3E6F47916B0EC4
:107EA8003F6FCE0E406F416B426BC0EC2DF081D01E
:107EB800700E0201286F87C229F26B0E2A6FCE0E50
:107EC8002B6F1CDDAA0E3B6F140E3C6F810E3D6FAD
:107ED800020E3E6F47916B0E3F6FCE0E406F416BA7
:107EE800426BC0EC2DF065D0700E0201286F140EA5
:107EF8008803F3CF29F26B0E2A6FCE0E2B6FFEDCB0
:107F0800AA0E3B6F170E3C6F810E3D6F030E3E6F3E
:107F180047916B0E3F6FCE0E406F416B426BC0ECCA
:107F28002DF047D00201895120DC43D0700E0201A8
:107F3800286F8AC229F26B0E2A6FCE0E2B6FDEDCF9
:107F4800AA0E3B6F1B0E3C6F810E3D6F030E3E6FFA
:107F580047916B0E3F6FCE0E406F416B426BC0EC8A
:107F68002DF027D002018B5100DC23D0800E0201B6
:107F78003B6F1F0E3C6F810E3D6F040E3E6F4791A5
:107F88006B0E3F6FCE0E406F416B426BC0EC2DF015
:107F980010D09CC228F29DC229F29EC22AF26B0E12
:107FA80002012B6FCE0E2C6FCEDC03D00201A8513C
:107FB80055DC0201120035EC32F0000112000B0E04
:107FC8004BEC2EF00001120002018B6702D089539E
:107FD80008E0D50E296F65C02AF2190EE8EC30F0DA
:107FE80007D0BE0E296F65C02AF2300EE8EC30F0DB
:107FF800000112008B5308E0590E296F9AC22AF229
:108008009BC22BF289EF2EF01200895305E08B6793
:1080180003D0590ED4EF2EF012000A0E7803F3CFD6
:1080280073F2795173279C0E746F8B6702D0895352
:1080380002E0AE0E746F000189518A110BE074C220
:1080480029F289C02AF202012B69070E2C6F52EC23
:108058002FF00BD00201774D08D074C229F273C2F9
:108068002AF22B692C6952EF2FF01200D6670CD038
:10807800D1C028F202012C8119EC37F0D1C0D2F01E
:10808800D1C0D5F0020118D0D75185EC33F02D6F4F
:10809800D2C02EF2290E2F6FA50E306FD3EC33F01D
:1080A8000001D65185EC33F02D6FD1C02EF22F6927
:1080B800070E306FD3EC33F00001120081A302D019
:1080C8007ADF819381A902D07ADF819981A502D0D4
:1080D8007BDF819581AB04D002019FDF0001819B8A
:1080E80081AD04D0020186DF0001819D81AF04D0FB
:1080F80002018BDF0001819F82A102D0B7DF82914C
:108108001200956B966B976B986B1200952B000E6F
:108118009623D00E955D070E965907E3956B966BDF
:10812800970E0201286FC2EF0AF01200100E976333
:108138000BD00E0E986308D07BEC10F0360E5FEC77
:1081480010F0000171EC10F0110E975D0E0E9859A9
:1081580002E36CA146D012008B5303E000016CB31C
:1081680002D0000112009D2B000E9E23D00E9D5DB3
:10817800070E9E590BE39D6B9E6B02019A519B1152
:1081880005E09A07000E9B5B0001818D000112003B
:108198008B67120000018F51926306D09051936350
:1081A80003D09151941907E08FC092F090C093F0DA
:1081B80091C094F0818F1200996B9A6B9B6B9C6BAA
:1081C8001200992B000E9A23D00E995D070E9A592A
:1081D80007E3996B9A6B9B0E0201286FC2EF0AF0B6
:1081E8001200AFA304D0010148EC0DF00001010119
:1081F800F3EC0DF0380E000149EC13F06BEC0BF0CA
:108208000001FFD780A40CD0A46BA56BA00E0201BF
:10821800286FC2EC0AF0A0C0A2F0A1C0A3F007D05A
:10822800A06BA16BA40E0201286FC2EF0AF0120026
:10823800A85105E0010A0EE0030A19E038D0140E2F
:10824800A06335D0A16733D05CDFB6DFA96B010E20
:10825800A86F2DD0500EA4632AD0A56728D0A92BCB
:10826800020EA96301D09F8D020EA86F20D0140EB4
:10827800A06305D0A16703D0010EA86F1200E90E14
:10828800A45D030EA55913E3A92D0FD0090EAC6305
:108298000CD0D10EAD5D070EAE5907E3AFB305D0D4
:1082A80002018B5302E000016C830001A86B1200ED
:1082B8009FBF15D0AFB313D0C15103E14F0EC065B6
:1082C8000ED0010EAC650BD0080EAC6108D09F8FA4
:1082D80073EC0BF07BEC10F0BD6B080EAC6FAFA32A
:1082E8000CD0C15103E14F0EC06507D0090EAC6335
:1082F80004D073EC0BF07BEC10F0AC5123E0010AD6
:1083080055E0030A65E0010AD8B49CD0070AD8B43E
:10831800A2D0010AD8B4A4D0030AD8B4AFD0010AB5
:10832800D8B4B1D00F0AD8B4BBD0010AD8B4C2D0DF
:10833800030AD8B4E6D0010AD8B4F9D0070AD8B4E9
:10834800FED006D10201BFEC0FF0000109EC10F0DD
:1083580019EC14F002018C670BD09CEC31F0370E4D
:108368005FEC10F0420E5FEC10F0000171EC10F0C1
:1083780000016CAB13D06C9B4E0E5FEC10F0310E0D
:108388005FEC10F0420E5FEC10F0360E5FEC10F070
:10839800000171EC10F00C0EAC6F1200AFA303D00B
:1083A800020EAC6F1200010EAC6FD2D06CB1D0D0FF
:1083B80035EC32F08C5306E000019F8FBD6B080E40
:1083C800AC6F12000001AD6BAE6B020EAC6FC0D08B
:1083D800AD2B000EAE23D00EAD5D070EAE59D8A062
:1083E800B7D0A55103E14F0EA465B2D06CB1B0D09F
:1083F800AFA318D0D16BD66BD6EC32F0000136DEC5
:10840800380E5FEC10F02A0E5FEC10F0260E5FECD1
:1084180010F0000140EC11F071EC10F06C97090EAF
:10842800AC6F96D00201A35309E0550E5FEC10F033
:10843800000171EC10F0030EAC6F8AD0080E000139
:10844800AC6F86D00BEC11F071EC10F0AD6BAE6B2D
:10845800040EAC6F7DD06CB17BD0050EAC6F78D0BC
:10846800180E5FEC10F07751CBEC11F0000171ECB5
:1084780010F0AD6BAE6B060EAC6F6AD06CB168D005
:10848800070EAC6F65D080B606D0470E5FEC10F0D3
:10849800000171EC10F0AD6BAE6B080EAC6F58D0EC
:1084A8006CB156D09F9D6C952CDEAD6BAE6B090EF2
:1084B800AC6F4ED0AD0E0201286FC2EC0AF06CA76B
:1084C80006D0D00EAD5D070EAE59D8B06C979FADF3
:1084D80005D0AFB303D00A0EAC6F1200D00EA05D6A
:1084E800070EA15935E36CB133D002013DEC33F0EE
:1084F800360E5FEC10F0000171EC10F00C0EAC6F52
:1085080027D0020E0201826307D009C182F200015E
:10851800BC6BBA6B54DD08D0020E826F010E0001ED
:10852800BC6F020EBA6F4BDD0B0EAC6F11D06CB185
:108538000FD09F9DAD6BAE6B090EAC6F09D06C85EB
:108548006C89020E0101006F00016CB101D049DE97
:108558001200B55103E0010A0BE02DD084B002D01F
:10856800AF8501D0AF956DEC0BF0010EB56F23D040
:1085780084B010D0B86BB96BB60E0201286FC2EC8C
:108588000AF09FA115D0B75103E1310EB66510D09E
:108598009F910ED0B66BB76BB80E0201286FC2EC74
:1085A8000AF09FB105D0B95102E11E0EB8619F8152
:1085B8006FEC0BF0B56B1200BA5107E0010A18E036
:1085C800030A20E0010A22E037D00201286B020EDC
:1085D800296FF40E2A6F010E2B6FF40E2C6F010E0B
:1085E8002D6FA4EC0BF09FA127D0010EBA6F24D0F9
:1085F8000101006B0001B75103E1010EB6651CD003
:10860800BA6B1AD0010E0101006F16D0010E0201DB
:10861800286F020E296FF40E2A6F010E2B6FF40ECD
:108628002C6F010E2D6FA4EC0BF0B75103E1220E55
:10863800B66502D09F91BA6B020112000001AFA388
:1086480005D0030E0201A36F010EA56F02011200EF
:1086580083B80FD0C46BC56BC00E0201286FC2EC83
:108668000AF0A051A1110CE0C0C0C2F0C1C0C3F013
:1086780007D0C06BC16BC40E0201286FC2EF0AF0AD
:10868800120002012D6F7751060A03E0010A0EE07D
:1086980014D0150E2D6108D0050E2D6303D0080ED9
:1086A8002D6F17D02D2B15D02D6B13D0150E2D61D6
:1086B80002D02D2B0ED02D6B0CD0150E2D6108D0AD
:1086C800040E2D6303D0080E2D6F03D02D2B01D07F
:1086D8002D6B2D51000112002A6F286102D0282B22
:1086E80002D029C228F228511200D15139E0010ADA
:1086F80042E0030A5CE0010A63E0070A69E0010A54
:1087080070E0030A77E0010A7EE00F0AD8B484D04B
:10871800010AD8B489D0030AD8B48ED0010AD8B4D3
:10872800A9D0070AD8B4AFD0010AD8B4B4D0030A84
:10873800D8B4B9D0010AD8B4BED01F0AD8B4C4D0AE
:10874800010AD8B4C9D0030AD8B4CFD0010AD8B422
:10875800DBD0070AD8B4D8D0010AD8B4CED0D4D048
:1087680077C228F20201296B070EB6DF776F2B81DB
:10877800B5EC0EF0C9D002017B51100A09E0010ADC
:108788000AE0030A0BE0060A0CE0020A0DE0BCD07E
:10879800110E7B6FB9D0120E7B6FB6D0140E7B6FA3
:1087A800B3D0160E7B6FB0D0100E7B6FADD078C2F1
:1087B80028F2040E0201296F0F0E8EDF786FA4D005
:1087C80079C228F20201296B090E86DF796F9CD0E5
:1087D8007AC228F2060E0201296F0F0E7DDF7A6F2A
:1087E80093D08EC228F2020E0201296F040E74DFA4
:1087F8008E6F8AD08FC228F2010E0201296F050EF2
:108808006BDF8F6F81D090C228F2020E0201296FB0
:108818000A0E62DF906F78D08CC228F20201296BB1
:10882800010E5ADF8C6F70D07CC228F20201296BCE
:10883800010E52DF7C6F68D002019151640A05E095
:108848000A0A0AE0010A0FE05FD081C228F2296B08
:10885800000E42DF816F58D081C228F2296B010EC9
:108868003BDF816F51D081C228F2296B020E34DFC1
:10887800816F4AD083C228F2010E0201296F190EB6
:108888002BDF836F41D085C228F20201296B010ECC
:1088980023DF856F39D086C228F20201296B190EB1
:1088A8001BDF866F31D087C228F20201296B190EAF
:1088B80013DF876F29D088C228F2010E0201296FC1
:1088C800040E0ADF886F20D089C228F20201296BC2
:1088D800010E02DF896F18D08AC228F2010E020148
:1088E800296F3C0EF9DE8A6F0FD08BC228F2020185
:1088F800296B010EF1DE8B6F07D0A8C228F20201A6
:10890800296B010EE9DEA86F02011200D1512FE098
:10891800010A32E0030A38E0010A3EE0070A46E0AD
:10892800010A4CE0030A4FE0010A52E00F0A55E041
:10893800010A58E0030A5BE0010A5EE0070A64E006
:10894800010A67E0030A6DE0010A73E01F0A7BE091
:10895800010A7EE0030AD8B483D0010AD8B485D0CE
:10896800070AD8B493D0010AD8B48CD08FD00201AA
:108978007751CBEC11F08AD002017B518CEC12F0CC
:10898800280E5FEC10F082D0020178518CEC12F0C6
:10899800040E5FEC10F07AD0350E5FEC10F07951D0
:1089A8008CEC12F0040E5FEC10F070D002017A51DA
:1089B8008CEC12F0040E5FEC10F068D002018E51BE
:1089C8008CEC12F063D002018F518CEC12F05ED067
:1089D800020190518CEC12F059D002018C51B4EC88
:1089E80012F054D002017C51B4EC12F04FD00201C5
:1089F8008151E9EC12F04AD0020183518CEC12F05B
:108A0800280E5FEC10F042D002018551B4EC12F050
:108A18003DD0020186518CEC12F0280E5FEC10F06C
:108A280035D0020187518CEC12F0280E5FEC10F063
:108A38002DD0140E02018803F3508CEC12F0390E7D
:108A48005FEC10F023D002018951B4EC12F01ED073
:108A580002018A518CEC12F0290E5FEC10F016D04E
:108A680002018B51B4EC12F011D0320E5FEC10F011
:108A7800350E5FEC10F04C0E5FEC10F0190E5FEC49
:108A880010F004D00201A85113EC13F000011200F9
:108A9800DA510FE0010A1AE0030A3CE0010A58E043
:108AA800070A70E0010AD8B48ED0030AD8B49ED061
:108AB800BBD0C55103E14F0EC465B6D0A55103E143
:108AC8004F0EA465B1D0010EDA6FAED06CB108D0EC
:108AD800C15103E1130EC06503D0020EDA6F120014
:108AE8006CB108D0A15103E1130EA06503D0030EA9
:108AF800DA6F12006CB198D0DBA196D0E80EC45D95
:108B0800030EC559D8A090D0DB9140EC11F071EC60
:108B180010F08AD06CB188D0C55103E14F0EC465FE
:108B280083D0D6C0D7F0030ED66105D0150ED1611B
:108B380002D0D62B02D0D66BD76BD1C0D2F0D15190
:108B4800A0DDD16FDB813AEC40F0010EDA6F6CD01A
:108B58006CB16AD06CB968D0A55103E14F0EA46519
:108B680063D00101006B3B0E5FEC10F00EEC33F0AC
:108B780000018BEC3DF00001C9DE71EC10F0040E31
:108B8800DA6F52D06CB108D0C15103E1130EC06541
:108B980003D0050EDA6F12006CB108D0A15103E1C1
:108BA800130EA06503D0060EDA6F12006CB13CD02C
:108BB800DBA33AD0E80EC45D030EC55935E3DB9359
:108BC80071EC10F031D06CB12FD0C55103E14F0ECC
:108BD800C4652AD07BEC10F088DD00018BEC3DF0F9
:108BE800000194DEDB83040EDA6F1ED06CB11CD05A
:108BF8006CB91AD0A55103E14F0EA46515D0010137
:108C0800006B020159EC37F0260E5FEC10F0420EB3
:108C18005FEC10F0000171EC10F00201A84D48EC77
:108C28000EF0010E0001DA6F1200FF0EC65DFF0E96
:108C3800C7590CE2C62B000EC723C651C85DC751E1
:108C4800C95904E2C6C0C8F0C7C0C9F09705981151
:108C580006E19551961103E1CA6B8D698E69050E7F
:108C680097630BD0986709D09551961106E1090EC4
:108C7800AC6303D0896B8A6B818BBD5105E0010A17
:108C88001FE0020A27E02FD0C051C1112CE06CB5BB
:108C98002AD0AF87C6C0C8F0C7C0C9F0C66BC76BBB
:108CA800CA3DCA2B9B0EC45D020EC55904E30201DE
:108CB80095519427000185EC40F0010EBD6F13D04B
:108CC800C55105E1020194510001C45D0CE3AF896F
:108CD800BD6B09D0010EAC6506D0C55103E1C70EC6
:108CE800C46501D0BD6B12000001AFA704D0AF97D7
:108CF800010ECB6FAF8B12000001AFA704D0AF9766
:108D0800010ECB6FAF9B1200AFA704D0AF97010E37
:108D1800CB6FAF9BAFA904D0AF99010ECB6FAF9BC0
:108D280012000201286F0001AFA704D0AF9728C234
:108D3800CBF0AF9B1200020ECA6102D0D5DF08D07B
:108D4800BD2D04D0010ECB6FAF9B02D0AF97CB6B7C
:108D58001200A60EC85D010EC95903E2020EE1DF3A
:108D680001D0CA6B1200040ECA61F3D7C5DFA60E84
:108D7800C85D010EC95902E3010ECA6F1200CA513B
:108D880002018F5D03E3B0DF02010FD00001C8517B
:108D98000201985D0001C9510201995904E38E51FD
:108DA800C0DF020102D0A0DF020112007751010AE0
:108DB8000FE0030A10E0020A11E0030A13E0060AB2
:108DC80014E0030A16E0020A18E0030A1AE01BD0AE
:108DD8008BDF020118D090DF020115D00001C3DF3C
:108DE800020111D089DF02010ED000018DDF0201DE
:108DF8000AD08E5196DF020106D000019CDF0201E5
:108E080002D00001BCDF120097510201976304D021
:108E180000019853D8B49F8700011200876B886BB4
:108E2800D10E8D5D070E8E5914E2200E02012E6FB1
:108E38004E0E2F6F8DC030F28EC031F26AEC0AF000
:108E48002EC287F02FC288F087C089F088C08AF0C8
:108E5800000112009705981107E19551961104E158
:108E6800090EAC6301D0818B12009FB307D0AFAF5E
:108E780005D0B75102E1180EB6619F831200010EAA
:108E8800286F852D07D000019FA304D0320E020160
:108E9800286F11D00201A05106E1A00E9F6103D0F6
:108EA800010E286F08D0010E866503D086C228F20D
:108EB80002D0010E286F28511200CC0E286FC2EC88
:108EC8000AF0D3DFCE5107E0010A19E0030A48E0AF
:108ED800010A7BE0CAD0CF2B000ED023D00ECF637F
:108EE80004D0070ED06301D09F996CB5BED0CB5388
:108EF800D8B4BBD0AFBBCB07010ECE6FB6D0020142
:108F0800BEDF936F00019FB10CD0B9510AE1B8518F
:108F18000201935D06E30001BA51020A02E0AFA51F
:108F280004D0020E0001CE6F1200B75103E1630EA8
:108F3800B6659BD0A3C228F2030E0201A36F0D0EE3
:108F48005FEC10F0000171EC10F06CB1FED728C294
:108F5800A3F2CB6BCF6BD06BAF9F9F93CE6B85D0BB
:108F680002019F510001CC5D0201A0510001CD59C1
:108F78007CE3808A9F8985EC40F0CCC08DF0CDC021
:108F88008EF0CC6BCD6B4ADF0201A05106E1A00E3A
:108F98009F6103D0200E926F03D0D8907B35926FDB
:108FA80000016CAD05D06C9D320E020192270001C4
:108FB8009FA705D09F970201965192270001AF9D68
:108FC800AF9F9F93030ECE6F50D0AFBD23D0CD512E
:108FD80005E1020192510001CC5D1CE3809AAFAB20
:108FE800CB073F0E02019C5D420E9D590F0E9E5904
:108FF80004E29C2B000E9D239E239F0E00018F5D93
:10900800860E9059010E915904E28F2B000E902381
:109018009123AF8DAFBF07D002018251020A000130
:1090280001E0AFB5AF8FAFBF0AD0CD5103E1310E2C
:10903800CC6505D0B75102E1020EB661AF8FAFBF64
:109048000CD00201A1510001CC5D0201A251000126
:10905800CD5903E3030EBA6FAF8FAFAD06D0AFAFF4
:1090680004D09F91CF6BD06BCE6B12000EEEBFF089
:10907800ED6AEA50FDE1E950FBE1EF6A11EC0BF013
:109088000F0138EC0BF002012B91B5EC0EF068ECF7
:109098000BF00101006B005192EC0BF06FEC0BF040
:1090A8006B696C856C876C8D83AA09D083B807D0EF
:1090B800010E0201A36F0101006F0001AF8383BAA3
:1090C80002D083A86C8BF28A12008AEC40F09AECEA
:1090D80040F006EC41F01CEC41F05CEC41F02CEC6B
:1090E80043F00101005192EC0BF0AFA302D0D0DCA9
:1090F80016D06CB514D06CB112D0ADEC42F0E0ECE7
:1091080042F0B0EC40F00201CCEC40F00001E5EC9C
:1091180040F07ADE8ADD020149DECFDE9BD61200FE
:109128000001A4DF81518211FDE06CB1FBD76CB75F
:10913800F9D79FB9F7D79F8B62EC40F09F9BF2D786
:1091480067515C0FF66E910E6821F76EF86A080099
:10915800F550120000F0001F0001F8001F8003F80E
:10916800003BC0079C0071E00F0E00F0F01E0701E5
:10917800FFF83FFF83FFFC3803C7801C7001EF0036
:109188000F00FFF0FFF8FFFCE01EE00EE00EE01E0F
:10919800FFFCFFFCFFFCE01EE01EE00EE01EE01CF2
:1091A800FFFCFFF8FFE00003F800FFE01FFF83C0AB
:1091B8007C7801EF000EE0000E0000E0000E0000D9
:1091C800E0000E0000F000F7801E3C07C1FFF80F1A
:1091D800FF003FC0007FF007FFC07FFF0700F87067
:1091E8000787003C7001C7001C7001C7001C700194
:1091F800C7001C7003C70078700F87FFF07FFC075B
:10920800FF00007FFE7FFE7FFE7000700070007020
:109218000070007FF87FF87FF870007000700070B1
:10922800007FFE7FFE7FFE007FFE7FFE7FFE7000D8
:1092380070007000700070007FF87FF87FF8700091
:109248007000700070007000700070000003F8007B
:10925800FFE01FFF83C07C7801EF000EE0000E00E6
:1092680000E07FFE07FFE07FFE000FF000E7801EB2
:109278003C07C1FFF80FFF003FC000E007E007E030
:1092880007E007E007E007E007E007FFFFFFFFFF51
:10929800FFE007E007E007E007E007E007E0070076
:1092A8003838383838383838383838383838383836
:1092B800383800000E000E000E000E000E000E00E2
:1092C8000E000E000E000EE00EE00EE00E701E788E
:1092D8001C3FFC1FF80FE000700F8701F0703E077D
:1092E80007C070F8071F0073E0077C007F8007FC49
:1092F800007FE007CF0078780707C0703E0701F0CD
:10930800700F07007C007000700070007000700023
:1093180070007000700070007000700070007000C5
:10932800700070007FFC7FFC7FFC00F000FF800F66
:10933800F801FFC01FFC03FFE03FEE07FEF077E7F0
:109348000F7E78E7E39E7E3DC7E1FC7E1F87E0F84D
:109358007E0F07E0007E000700E007F007F807F837
:1093680007FC07FE07EF07E787E787E3C7E1E7E0C2
:10937800F7E07FE07FE03FE01FE00FE0070003F841
:1093880000FFF01FFF83C07C7801EF000EE000FEB5
:109398000007E0007E0007E000FE000FF000E78015
:1093A8001E3C07C1FFF80FFF003F8000FFF0FFF8E9
:1093B800FFFCE01EE00EE00EE01EFFFCFFF8FFF0F1
:1093C800E000E000E000E000E000E000E000E00095
:1093D8000003F800FFF01FFF83C07C7801EF000E48
:1093E800E000FE0007E0007E0007E018FE03CFF073
:1093F8003CE781FE3C0FC1FFF80FFF803FBC000136
:10940800C0001800FFF0FFF8FFFCE01EE00EE00EC1
:10941800E01EFFFCFFF8FFF0E3C0E1E0E0E0E0F071
:10942800E078E03CE03EE01F0007F03FFE7FFF7879
:109438000CF000F000F0007F003FF81FFC01FE0078
:109448001E000F400F701EFFFE7FFC0FF000FFFF95
:10945800FFFFFFFF03C003C003C003C003C003C076
:1094680003C003C003C003C003C003C003C003C0DC
:1094780003C000E007E007E007E007E007E007E0D7
:1094880007E007E007E007E007E007E00FF00E78E5
:109498001E7FFC3FF80FE000F001E7001C7803C7CF
:1094A8008038380783C0781C0701E0F00E0E00F101
:1094B800E0071C0073C007B8003B8003F8001F00DA
:1094C80001F0000E00007803801C7807C03C3807C4
:1094D800C0383C07C0381C0FE0781C0EE0701E0E28
:1094E800F0700E1E70F00E1C70E00F1C79E0073C47
:1094F80039E0073839C007B83FC003F81F8003F0C8
:109508001F8001F01F8001E00F0001E00F0000F84C
:1095180003E7C0783C0781E0F00F1E007BC007B866
:10952800003F8001F0001F0003F8007BC00F1C0003
:10953800F1E01E0F03C0787803CF003E00F001E78A
:10954800803C3C0781C0781E0F00F1E0079C007B3F
:10955800C003F8001F0000E0000E0000E0000E004D
:1095680000E0000E0000E0000E0000FFFEFFFEFF1E
:10957800FC007C007800F001E003C007C007800F02
:10958800001E003C007C007800FFFEFFFEFFFE008E
:10959800000000000000007E7E7E00000000000049
:1095A80000000003C00FF01FFC3C3E781E700FF057
:1095B80007F007E007E007F007F007700F780E3CA8
:1095C8001E3FFC1FF807E00000E003E00FE00FE09B
:1095D8000DE001E001E001E001E001E001E001E06F
:1095E80001E001E001E001E001E00000000FC03F00
:1095F800E07FF07078203800380038007800F001FB
:10960800F003E007800F001E007FFC7FFC7FFC005A
:10961800000007803FF07FF87878103C001C003C81
:1096280000780FF80FF00FFC003C001C001C003CF9
:109638007FFC3FF80FC00001E003C0038007800FE4
:10964800000EF01EF01CF03CF078F078F0FFFEFF02
:10965800FEFFFE00F000F000F00000001FF81FF809
:109668003FF83C003C003C003FC03FF01FF8083C7E
:10967800001C001C201C783C7FF83FF00FC0000045
:109688000000F001E003C003C007800F000FC01FF7
:10969800F83FFC3C3E781E700E700E781E3C1C3F56
:1096A800FC1FF807E0007FFC7FFC7FFC0038007897
:1096B80000F000E001E001C003C00380078007005C
:1096C8000F001E001E003C0000000007C01FF03FF6
:1096D800F8783C701C701C701C783C3FF83FF87F91
:1096E800FCF01EE01EE01EF01C7FFC3FF80FE000BF
:1096F80007E01FF83FFC783C701E701E701E783C17
:109708003FFC1FF80FF000F001E003C003C0078022
:109718000F00000000000000000000000000000032
:109728000000001C3C3C1C000000001C3C3C1C00D1
:10973800000000001C3C3C1C0000000001FF000071
:109748000003FFC000001FFFF800003FFFFC0000FF
:10975800FFFFFF0001FFFFFF8003FFFFFFC007FFC0
:1097680081FFE007FE007FF00FF8001FF01FF000F8
:109778000FF81FF00007F83FE00007FC3FC00003A8
:10978800FC3FC00003FC3FC00001FE7F800001FEDB
:109798007F800001FE7F800001FE7F800001FE7F48
:1097A800800001FE7F800001FE7F800001FE7F8037
:1097B8000001FE7F800001FE7F800001FE3F8000E7
:1097C80001FE3FC00003FC3FC00003FC3FE0000770
:1097D800FC1FE00007F81FF0000FF80FF8001FF05B
:1097E8000FFC003FF007FF007FE003FFFFFFC00111
:1097F800FFFFFF8000FFFFFF00007FFFFE00003F2C
:10980800FFFC00000FFFF0000000FF8000000000D8
:10981800000000000000F000000007F00000001F3A
:10982800F0000000FFF0000003FFF000000FFFF061
:1098380000000FFFF000000FFFF000000FFFF00026
:10984800000FFFF000000F8FF000000C0FF0000079
:10985800000FF00000000FF00000000FF000000003
:109868000FF00000000FF00000000FF00000000FE4
:10987800F00000000FF00000000FF00000000FF0F3
:109888000000000FF00000000FF00000000FF000D3
:1098980000000FF00000000FF00000000FF00000C3
:1098A800000FF00000000FF00000000FF0000000B3
:1098B8000FF00000000FF00000000FF00000000F94
:1098C800F00000000FF00000000FF00000000FF0A3
:1098D8000000000FF00000000FF000000000000082
:1098E800000001FF0000000FFFE000003FFFF8004C
:1098F800007FFFFC0000FFFFFE0001FFFFFF0003E9
:10990800FFFFFF8007FE00FF8007FC007FC001F813
:10991800003FC000F0003FC00060001FE0000000F2
:109928001FE00000001FE00000001FE00000003FF3
:10993800E00000003FC00000007FC0000000FFC042
:10994800000001FF80000003FF80000007FF000007
:10995800000FFE0000001FFC0000003FF8000000A0
:109968007FF0000000FFE0000001FFC0000003FFDF
:1099780080000007FF0000000FFE0000001FFC0031
:1099880000003FF8000000FFF0000001FFFFFFE0CB
:1099980003FFFFFFE007FFFFFFE003FFFFFFE00318
:1099A800FFFFFFE003FFFFFFE003FFFFFFE0000012
:1099B800000000000003FF0000000FFFC000003F90
:1099C800FFF80000FFFFFC0003FFFFFF0007FFFF99
:1099D800FF800FFFFFFFC007FE01FFC003F8007FF5
:1099E800E000E0003FE00040001FE00000001FE052
:1099F8000000000FE00000001FE00000001FE00072
:109A080000003FE00000007FC0000FFFFFC0000F14
:109A1800FFFF80000FFFFF00000FFFFE00000FFF99
:109A2800FF00000FFFFF80000FFFFFC0000000FFD6
:109A3800E00000003FF00000001FF00000000FF001
:109A480000000007F000000007F000000007F00029
:109A580080000FF001C0000FF003F0001FF007FCBA
:109A6800007FE00FFFFFFFE00FFFFFFFC007FFFFD2
:109A7800FF8001FFFFFF0000FFFFFC00001FFFF059
:109A8800000003FF80000000001FF00000003FE01E
:109A98000000003FC00000007FC0000000FF800001
:109AA8000000FF80000001FF00000001FE00000030
:109AB80003FE00000003FC00000007FC0000000F8C
:109AC800F80000000FF00000001FF3FC00001FE387
:109AD800FC00003FE3FC00007FC3FC00007FC3FCE8
:109AE8000000FF83FC0000FF03FC0001FF03FC00F3
:109AF80003FE03FC0003FE03FC0007FC03FC000755
:109B0800F803FC000FF803FC001FFFFFFFF81FFF1E
:109B1800FFFFF81FFFFFFFF81FFFFFFFF81FFFFF02
:109B2800FFF81FFFFFFFF81FFFFFFFF8000003FC0F
:109B380000000003FC00000003FC00000003FC0020
:109B4800000003FC00000003FC00000003FC000010
:109B58000003FC00000000000000007FFFFFC000C1
:109B68007FFFFFC000FFFFFFC000FFFFFFC000FF37
:109B7800FFFFC000FFFFFFC000FFFFFFC000FF00A6
:109B8800000000FF00000000FF00000000FF0000D0
:109B98000000FF00000000FF00000000FF000000C0
:109BA80000FFF0000000FFFFC00000FFFFF800000A
:109BB800FFFFFE0000FFFFFF0000FFFFFF80007FA8
:109BC800FFFFC0003F01FFE0001C003FE000000075
:109BD8001FF00000000FF00000000FF00000000F61
:109BE800F000000007F000400007F000C0000FF090
:109BF80001E0000FF003F0001FF007F8003FE00F4E
:109C0800FE007FE007FFFFFFC003FFFFFF8001FFAB
:109C1800FFFF8000FFFFFE00007FFFFC00000FFF3A
:109C2800F0000001FF800000000000000000003F7D
:109C3800F00000003FE00000007FC0000000FF804F
:109C4800000000FF80000001FF00000003FE00008C
:109C58000003FE00000007FC0000000FF8000000F1
:109C68000FF80000001FF00000003FE00000003F78
:109C7800F80000007FFFE00000FFFFF80001FFFF91
:109C8800FE0001FFFFFF0003FFFFFF8007FFFFFF4C
:109C9800C007FF01FFC00FFC007FE00FF0001FE0CE
:109CA8001FF0001FF01FE0000FF01FE0000FF01F73
:109CB800E0000FF01FE0000FF01FE0000FF01FE0C2
:109CC800000FF01FF0001FF00FF0001FE00FF8006A
:109CD8003FE007FE00FFC007FFFFFFC003FFFFFFD5
:109CE8008001FFFFFF0000FFFFFE00003FFFF800BC
:109CF800000FFFE0000001FF00000000000000006E
:109D080000000000000FFFFFFFE00FFFFFFFE00F64
:109D1800FFFFFFE00FFFFFFFE00FFFFFFFE00FFF78
:109D2800FFFFE00FFFFFFFC00000007FC000000042
:109D3800FF80000000FF80000001FF00000001FE1E
:109D480000000003FE00000003FC00000007FC0008
:109D5800000007F80000000FF80000001FF00000E6
:109D6800001FE00000003FE00000003FC0000000CE
:109D78007FC00000007F80000000FF80000000FF1F
:109D880000000001FF00000003FE00000003FC00CB
:109D9800000007FC00000007F80000000FF80000B2
:109DA800000FF00000001FF00000001FE00000009E
:109DB8003FE00000007FC00000007F80000000FF3F
:109DC80080000000FF00000001FF0000000000000C
:109DD8000000000003FF0000000FFFC000003FFF6D
:109DE800F80000FFFFFE0001FFFFFF0003FFFFFF79
:109DF8008007FFFFFFC00FFE01FFC00FF8003FE024
:109E08000FF0001FE01FE0001FE01FE0000FE01F41
:109E1800E0000FE01FE0000FE01FE0001FE00FF080
:109E2800003FE00FFC007FE00FFFFFFFC007FFFFD0
:109E3800FF8003FFFFFF8001FFFFFE0003FFFFFF1E
:109E48008007FFFFFFC00FFFFFFFE01FFE00FFE0DE
:109E58001FF0003FF03FE0000FF03FC0000FF83F59
:109E6800C00007F83FC00007F83FC00007F83FC030
:109E78000007F83FE0000FF01FF0001FF01FFC0084
:109E88007FF00FFFFFFFE007FFFFFFC003FFFFFFAB
:109E98008001FFFFFF0000FFFFFC00001FFFF00034
:109EA8000003FF8000000001FF00000007FFE00042
:109EB800001FFFF800007FFFFE0000FFFFFF00010A
:109EC800FFFFFF8003FFFFFFC007FF01FFE00FFC5C
:109ED800003FE00FF8001FF00FF0000FF01FE00048
:109EE8000FF01FE0000FF01FE00007F01FE0000771
:109EF800F01FE0000FF01FE0000FF00FF0000FF070
:109F08000FF8001FF00FFC003FE007FF01FFE0071C
:109F1800FFFFFFC003FFFFFF8001FFFFFF0000FFFF
:109F2800FFFF00003FFFFE00000FFFFC0000003FA6
:109F3800FC0000000FF80000001FF00000003FE0E8
:109F48000000003FE00000007FC0000000FF80002C
:109F58000001FF80000001FF00000003FE00000078
:109F680007FC00000007FC0000000FF80000001FBD
:109F7800F000000000000000006000000C0000631A
:109F8800000007FFFFFE7000000E0000E7C0003F62
:109F9800FFFFFE7000000E0000E1E000FFFFFFFC85
:109FA8007000000E0000E0F003F0000000700000F8
:109FB8000E0000E07C07C00000007000000E0000EA
:109FC800E01E1F000000007000000E0000E00F3EC1
:109FD800000000007000000E0000E0067C00000099
:109FE800007000000E0000E001F001FFFFF87000B3
:109FF800000E0000E003E001FFFFF87000000E0013
:10A0080000E007DC01FFFFF87000000E0000E01F11
:10A018003E000000007000000E0000E03E0F8000CF
:10A0280000007800000F0001E07807E00000003E23
:10A038000000078003C0F001FC0000001FFFFFE3E1
:10A04800FFFFC3E000FFFFFFFC07FFFFF1FFFF0773
:10A0580080003FFFFFFE00FFFFF03FFC0300000110
:10A06800FFFFFE0003FFFFFFC0000003FFFFFFC06C
:10A078003FFFFFFFF800001FFFFFFFFE3FFFFFFF4E
:10A08800FE00003FFFFFFFFFFFFFFFFFFF0000FF95
:10A09800FFFFFFFFFFFFFFFFFF8001FFFFFFFFFF45
:10A0A800FFFFFFFFFFE007FFFFFFFFFFFFFFFF804E
:10A0B8000000000001FFFFFFFFFFF80000000000A4
:10A0C800001FFFFE7FFE00000000000000007FFE72
:10A0D8007FF800000000000000001FFE3FF00000B5
:10A0E8000000000000001FFC3FF00000000000001E
:10A0F80000001FF81FF800000000000000001FF813
:10A108001FF800000000000000001FF00FF800001A
:10A118000000000000003FE007F800000000000019
:10A1280000003FE007FC00000000000000003FC006
:10A1380007FC00000000000000007FC003FC0000D6
:10A148000000000000007FC003FC000000000000C9
:10A1580000007F8001FE0000000000000000FF00FA
:10A1680001FE0000000000000000FF0000FE0000EB
:10A17800000000000000FE0000FF000000000000DA
:10A188000001FE00007F0000000000000001FC004C
:10A19800007F0000000000000003F800003F80007E
:10A1A800000000000007F000001F80000000000011
:10A1B8000007F000000F800000000000000FE00022
:10A1C800000FC00000000000000FC0000007E00002
:10A1D80000000000001FC0000007E00000000000B1
:10A1E800003F80000007F00000000000003F000072
:10A1F8000003F80000000000003E00000001F80025
:10A2080000000000007C000000007C00000000004E
:10A218000070000000000C000000000000C00000FA
:10A228000000020000000000010000000000000023
:10A238000000000000000000000000000000000016
:10A248000000000000000000000000000000000006
:10A2580000000000000000000000000000000000F6
:10A2680000000000000000000000000000000000E6
:10A2780000000000000000000000000000000000D6
:10A2880000000000000000000000000000000000C6
:10A2980000000000000000000000000000000000B6
:10A2A80000000000000000000000000000000000A6
:10A2B800000000000000000000000000000000088E
:10A2C80000000000800000000000001800000001ED
:10A2D800800000000000001C00000001C000000019
:10A2E8000000001C00000003C00000000000001E69
:10A2F80000000007C00000000000001E000000076A
:10A30800C00000000000001E0000000F80000000D8
:10A318000000001F0000000F800000000000001F68
:10A328008000001F800000000000000FC000003FF8
:10A33800800000000000000FC000003F0000000087
:10A348000000000FE000007F000000000000000F88
:10A35800E00000FE0000000000000007F00001FC23
:10A368000000000000000007F80003FC00000000E7
:10A3780000000003FC0007F80000000000000003D4
:10A38800FE000FF80000000000000001FF001FF0B1
:10A398000000000000000000FF003FE00000000097
:10A3A80000000000FF803FE0000000000000000007
:10A3B8007FC03FE000000000000000003FE0FFC059
:10A3C80000000000000000003FF1FFC00000000096
:10A3D800000000001FFFFF800000000000000000D8
:10A3E8001FFFFF0000000000000000001FFFFF002B
:10A3F80000000000000000000FFFFE000000000049
:10A40800000000000FFFFC0000000000000000003A
:10A4180007FFF800000000000000000003FFF8003C
:10A42800000000000000000003FFF0000000000032
:10A438000000000001FFE000000000000000000034
:10A4480001FFE000000000000000000000FFC00065
:10A458000000000000000000007F800000000000F5
:10A4680000000000003F00000000000000000000A5
:10A47800001E00000000000000000000FFFE0000B9
:10A488000000000FFFFFE0000000007FFFFFFC005E
:10A49800000001FFFFFFFF00000007FFE00FFFC003
:10A4A80000001FFE01E07FF000003FF00FFC1FFCE2
:10A4B8000000FFC03FFE07FE0001FF007FFF01FF15
:10A4C8000003FE00FFFF807F8007F801FFFFC03F09
:10A4D800C00FF001FFFFC01FE01FE001FFFFE00712
:10A4E800F03FC003FFFFE003F87F8003FFFFE003B6
:10A4F800FCFF0003FFFFE001FEFF0003FFFFE00198
:10A50800FE7F8003FFFFE003FC3FC003FFFFE0077F
:10A51800F81FE001FFFFE00FF00FF001FFFFC01F81
:10A52800E007F801FFFFC03FC003FE00FFFF807F88
:10A538008001FF007FFF01FF00007FC03FFE07FE94
:10A5480000003FF00FF81FF800001FFE01C0FFF0E9
:10A55800000007FFF00FFFC0000001FFFFFFFF0032
:10A568000000003FFFFFFC0000000007FFFFE000C5
:10A57800000000007FFE00000000000000FFFE0059
:10A58800000000000FFFFFE0000000007FFFFFFC5D
:10A5980000000001FFFFFFFF00000007FFE00FFFC2
:10A5A800C000001FFE00007FF000003FF000001F09
:10A5B800FC0000FFC0000007FE0001FF00000001D2
:10A5C800FF0003FE00380E007F8007F8001C1C0007
:10A5D8003FC00FF0000E1C001FE01FE0000E380007
:10A5E80007F03FC00007700007F87F800003E00015
:10A5F80003FCFF000001E00001FEFF000003E00093
:10A6080001FE7F800003F00003FC3FC000077000DC
:10A6180007F81FE0000E38000FF00FF0001C1C00B8
:10A628001FE007F8003C0E003FC003FE00380E0094
:10A638007F8001FF00000001FF0000FFC00000074D
:10A64800FE00003FF000001FF800001FFE0000FFA2
:10A65800F0000007FFF01FFFC0000001FFFFFFFF31
:10A66800000000003FFFFFFC000000000FFFFFE0BC
:10A6780000000000007FFE000000000000007FF8DE
:10A68800000000000003FFFF00000000000FFFFFB4
:10A69800C0000000003FFFFFF0000000007FFFFF48
:10A6A800F800000000FFFFFFFC00000001FFFFFFB3
:10A6B800FE00000003FFFFFFFF00000007FFE01F90
:10A6C800FF8000000FFF0003FFC000001FFE000115
:10A6D800FFE000001FF800007FE000003FF00000EE
:10A6E8003FF000003FE000001FF000007FE00000A6
:10A6F8001FF800007FC000000FF800007F800000F6
:10A7080007F80000FF80000007FC0000FF80000041
:10A7180007FC0000FF00000003FC0000FF00000031
:10A7280003FC0000FF00000003FC0000FF00000025
:10A7380003FC0000FF00000003FC0000FF00000015
:10A7480003FC0000FF00000003FC0000FF00000005
:10A7580003FC0000FF00000003FC0000FF000000F5
:10A7680003FC0000FF00000003FC0000FF000000E5
:10A7780003FC0000FF00000003FC0000FF000000D5
:10A7880003FC0000FF00000003FC0000FF000000C5
:10A7980003FC0000FF00000003FC0000FF000000B5
:10A7A80003FC0000FF00000003FC00FFFFFFFFFFA9
:10A7B800FFFFFCFFFFFFFFFFFFFFFCFFFFFFFFFFA7
:10A7C800FFFFFCFFFFFFFFFFFFFFFCFFFFFFFFFF97
:10A7D800FFFFFCFFFFFFFFFFFFFFFCFFFFFFFFFF87
:10A7E800FFFFFCFFFFFFFFFFFFFFFCFFFFFFFFFF77
:10A7F800FFFFFCFFFFFFFFFFFFFFFCFFFFFFFFFF67
:10A80800FFFFFCFFFFFFFFFFFFFFFCFFFFFFFFFF56
:10A81800FFFFFCFFFFFFFFFFFFFFFCFFFFFFFFFF46
:10A82800FFFFFCFFFFFFFFFFFFFFFCFFFFFFFFFF36
:10A83800FFFFFCFFFFFFFFFFFFFFFCFFFFFFFFFF26
:10A84800FFFFFCFFFFFFFFFFFFFFFCFFFFFFFFFF16
:10A85800FFFFFCFFFFFFFFFFFFFFFCFFFFFFFFFF06
:10A86800FFFFFCFFFFFFFFFFFFFFFCFFFFFFFFFFF6
:10A87800FFFFFCFFFFFFFFFFFFFFFCFFFFFFFFFFE6
:10A88800FFFFFCFFFFFFFFFFFFFFFCFFFFFFFFFFD6
:10A89800FFFFFCFFFFFFFFFFFFFFFCFFFFFFFFFFC6
:10A8A800FFFFFCFFFFFFFFFFFFFFFCFFFFFFFFFFB6
:10A8B800FFFFFCFFFFFFFFFFFFFFFCFFFFFFFFFFA6
:10A8C800FFFFFCFFFFFFFFFFFFFFFCFFFFFFFFFF96
:10A8D800FFFFFCFFFFFFFFFFFFFFFCFFFFFFFFFF86
:10A8E800FFFFFCFFFFFFFFFFFFFFFCFFFFFFFFFF76
:10A8F800FFFFFCFFFFFFFFFFFFFFFCFFFFFFFFFF66
:10A90800FFFFFCFFFFFFFFFFFFFFFCFFFFFFFFFF55
:10A91800FFFFFCFFFFFFFFFFFFFFFCFFFFFFFFFF45
:10A92800FFFFFC0001FFFFFFFFFFFFFFFFFFFFFF2F
:10A93800F003FFFFFFFFFFFFFFFFFFFFFFFC07FF25
:10A94800FFFFFFFFFFFFFFFFFFFFFE0F00000000FC
:10A95800000000000000001E0E00000000000000C3
:10A96800000000000F1E00000000000000000000B2
:10A9780000071E0000000000000000000000071E85
:10A988000000000000000000000000071E0000009A
:10A998000000000000000000071E0000000000008A
:10A9A8000000000000071E0000000000000000007A
:10A9B8000000071E00000000000000000000000763
:10A9C8001E0000000000000000000000077E0000DC
:10A9D80000000000000000000007FE00000000006A
:10A9E80000000000000007FE00000000000000005A
:10A9F80000000007E0000000000000000000000068
:10AA080007E0000000000000000000000007E00070
:10AA18000000000000000000000007E00000000047
:10AA28000000000000000007E00000000000000037
:10AA38000000000007E00000000000000000000027
:10AA48000007E0000000000000000000000007E030
:10AA5800000000000000000000000007E000000007
:10AA6800000000000000000007E0000000000000F7
:10AA7800000000000007E0000000000000000000E7
:10AA8800000007E0000000000000000000000007D0
:10AA9800E0000000000000000000000007E00000E7
:10AAA80000000000000000000007E00000000000B7
:10AAB80000000000000007E00000000000000000A7
:10AAC80000000007FE000000000000000000000079
:10AAD80007FE0000000000000000000000077E00E4
:10AAE80000000000000000000000071E0000000039
:10AAF80000000000000000071E0000000000000029
:10AB080000000000071E0000000000000000000018
:10AB180000071E0000000000000000000000071EE3
:10AB28000000000000000000000000071E000000F8
:10AB38000000000000000000071E000000000000E8
:10AB48000000000000071E000000000000000000D8
:10AB58000000070E00000000000000000000000FC9
:10AB68000F00000000000000000000001E07FFFFAB
:10AB7800FFFFFFFFFFFFFFFFFFFE03FFFFFFFFFFDA
:10AB8800FFFFFFFFFFFFFC01FFFFFFFFFFFFFFFFCE
:10AB9800FFFFFFF00001FFFFFFFFFFFFFFFFFFFFC9
:10ABA800FFF003FFFFFFFFFFFFFFFFFFFFFFFC07B3
:10ABB800FFFFFFFFFFFFFFFFFFFFFFFE0F0000008B
:10ABC80000000000000000001E0E00000000000051
:10ABD80000000000000F1E00000000000000000040
:10ABE8000000071E00000000000000000000000731
:10ABF8001E0000000000000000003FFF871E00004C
:10AC0800000000000000003FFF871E000000000059
:10AC1800000000003FFF871E000000000000000049
:10AC2800003FFF871E0000000000000000003FFFFB
:10AC3800871E0000000000000000003FFF877E0024
:10AC480000000000000000003FFF87FE0000000039
:10AC580000000000003FFF87FE0000000000000029
:10AC680000003FFF87E00000000000000000003FF8
:10AC7800FF87E00000000000000000003FFF87E0C1
:10AC88000000000000000000003FFF87E000000017
:10AC98000000000000003FFF87E000000000000007
:10ACA8000000003FFF87E0000000000000000000F7
:10ACB8003FFF87E00000000000000000003FFF8722
:10ACC800E00000000000000000003FFF87E00000F7
:10ACD800000000000000003FFF87E00000000000C7
:10ACE800000000003FFF87E00000000000000000B7
:10ACF800003FFF87E00000000000000000003FFF69
:10AD080087E00000000000000000003FFF87E0002F
:10AD180000000000000000003FFF87E00000000086
:10AD280000000000003FFF87E00000000000000076
:10AD380000003FFF87FE0000000000000000003F09
:10AD4800FF87FE0000000000000000003FFF877E34
:10AD58000000000000000000003FFF871E00000008
:10AD68000000000000003FFF871E000000000000F8
:10AD78000000003FFF871E000000000000000000E8
:10AD88003FFF871E0000000000000000003FFF8713
:10AD98001E0000000000000000003FFF871E0000AA
:10ADA800000000000000003FFF871E0000000000B8
:10ADB800000000001FFF871E0000000000000000C8
:10ADC800000000070E000000000000000000000066
:10ADD8000F0F00000000000000000000001E07FF29
:10ADE800FFFFFFFFFFFFFFFFFFFFFE03FFFFFFFF68
:10ADF800FFFFFFFFFFFFFFFC01FFFFFFFFFFFFFF5C
:10AE0800FFFFFFFFF00001FFFFFFFFFFFFFFFFFF56
:10AE1800FFFFF003FFFFFFFFFFFFFFFFFFFFFFFC48
:10AE280007FFFFFFFFFFFFFFFFFFFFFFFE0F000011
:10AE38000000000000000000001E0E0000000000DE
:10AE48000000000000000F1E0000000000000000CD
:10AE5800000000071E0000000000000000000000C5
:10AE6800071E00000000000000FFFE3FFF871E00D5
:10AE7800000000000000FFFE3FFF871E00000000EA
:10AE8800000000FFFE3FFF871E00000000000000DA
:10AE9800FFFE3FFF871E00000000000000FFFE3F8E
:10AEA800FF871E00000000000000FFFE3FFF877EB6
:10AEB80000000000000000FFFE3FFF87FE000000CA
:10AEC80000000000FFFE3FFF87FE000000000000BA
:10AED80000FFFE3FFF87E000000000000000FFFECB
:10AEE8003FFF87E000000000000000FFFE3FFF87F3
:10AEF800E000000000000000FFFE3FFF87E00000C8
:10AF08000000000000FFFE3FFF87E0000000000097
:10AF18000000FFFE3FFF87E000000000000000FF88
:10AF2800FE3FFF87E000000000000000FFFE3FFF3B
:10AF380087E000000000000000FFFE3FFF87E00000
:10AF4800000000000000FFFE3FFF87E00000000057
:10AF5800000000FFFE3FFF87E00000000000000047
:10AF6800FFFE3FFF87E000000000000000FFFE3FFB
:10AF7800FF87E000000000000000FFFE3FFF87E0C1
:10AF880000000000000000FFFE3FFF87E000000017
:10AF980000000000FFFE3FFF87E000000000000007
:10AFA80000FFFE3FFF87FE00000000000000FFFEDC
:10AFB8003FFF87FE00000000000000FFFE3FFF8704
:10AFC8007E00000000000000FFFE3FFF871E00001B
:10AFD8000000000000FFFE3FFF871E000000000089
:10AFE8000000FFFE3FFF871E00000000000000FF7A
:10AFF800FE3FFF871E00000000000000FFFE3FFF2D
:10B00800871E00000000000000FFFE3FFF871E00B3
:10B01800000000000000FFFE3FFF871E0000000048
:10B028000000007FFE1FFF871E00000000000000D8
:10B0380000000000070E00000000000000000000F3
:10B04800000F0F00000000000000000000001E07B5
:10B05800FFFFFFFFFFFFFFFFFFFFFFFE03FFFFFFF5
:10B06800FFFFFFFFFFFFFFFFFC01FFFFFFFFFFFFE9
:10B07800FFFFFFFFFFF00001FFFFFFFFFFFFFFFFE4
:10B08800FFFFFFF003FFFFFFFFFFFFFFFFFFFFFFD3
:10B09800FC07FFFFFFFFFFFFFFFFFFFFFFFE0F00A3
:10B0A800000000000000000000001E0E000000006C
:10B0B800000000000000000F1E000000000000005B
:10B0C80000000000071E0000000000000000000053
:10B0D80000071E0000000003FFF8FFFE3FFF871E69
:10B0E8000000000003FFF8FFFE3FFF871E0000007E
:10B0F8000003FFF8FFFE3FFF871E0000000003FF6C
:10B10800F8FFFE3FFF871E0000000003FFF8FFFE68
:10B118003FFF871E0000000003FFF8FFFE3FFF8788
:10B128007E0000000003FFF8FFFE3FFF87FE0000DF
:10B13800000003FFF8FFFE3FFF87FE00000000034A
:10B14800FFF8FFFE3FFF87E00000000003FFF8FF65
:10B15800FE3FFF87E00000000003FFF8FFFE3FFF0F
:10B1680087E00000000003FFF8FFFE3FFF87E000D4
:10B1780000000003FFF8FFFE3FFF87E0000000002B
:10B1880003FFF8FFFE3FFF87E00000000003FFF821
:10B19800FFFE3FFF87E00000000003FFF8FFFE3FCF
:10B1A800FF87E00000000003FFF8FFFE3FFF87E095
:10B1B8000000000003FFF8FFFE3FFF87E0000000EB
:10B1C8000003FFF8FFFE3FFF87E00000000003FFD9
:10B1D800F8FFFE3FFF87E00000000003FFF8FFFED6
:10B1E8003FFF87E00000000003FFF8FFFE3FFF87F6
:10B1F800E00000000003FFF8FFFE3FFF87E00000CB
:10B20800000003FFF8FFFE3FFF87E0000000000397
:10B21800FFF8FFFE3FFF87FE0000000003FFF8FF76
:10B22800FE3FFF87FE0000000003FFF8FFFE3FFF20
:10B23800877E0000000003FFF8FFFE3FFF871E0027
:10B2480000000003FFF8FFFE3FFF871E000000001C
:10B2580003FFF8FFFE3FFF871E0000000003FFF812
:10B26800FFFE3FFF871E0000000003FFF8FFFE3FC0
:10B27800FF871E0000000003FFF8FFFE3FFF871E48
:10B288000000000003FFF8FFFE3FFF871E000000DC
:10B298000001FFF07FFE1FFF871E00000000000076
:10B2A8000000000000070E00000000000000000081
:10B2B80000000F0F00000000000000000000001E4A
:10B2C80007FFFFFFFFFFFFFFFFFFFFFFFE03FFFF7B
:10B2D800FFFFFFFFFFFFFFFFFFFC01FFFFFFFFFF77
:10B2E800FFFFFFFFFFFFF00001FFFFFFFFFFFFFF72
:10B2F800FFFFFFFFF003FFFFFFFFFFFFFFFFFFFF61
:10B30800FFFC07FFFFFFFFFFFFFFFFFFFFFFFE0F31
:10B3180000000000000000000000001E0E000000F9
:10B3280000000000000000000F1E000000000000E8
:10B338000000000000071E000000000000000000E0
:10B348000000071E00000FFFE3FFF8FFFE3FFF8726
:10B358001E00000FFFE3FFF8FFFE3FFF871E0000FF
:10B368000FFFE3FFF8FFFE3FFF871E00000FFFE31C
:10B37800FFF8FFFE3FFF871E00000FFFE3FFF8FF07
:10B38800FE3FFF871E00000FFFE3FFF8FFFE3FFFB1
:10B39800877E00000FFFE3FFF8FFFE3FFF87FE00F8
:10B3A800000FFFE3FFF8FFFE3FFF87FE00000FFFDF
:10B3B800E3FFF8FFFE3FFF87E000000FFFE3FFF821
:10B3C800FFFE3FFF87E000000FFFE3FFF8FFFE3FAF
:10B3D800FF87E000000FFFE3FFF8FFFE3FFF87E075
:10B3E80000000FFFE3FFF8FFFE3FFF87E000000FBC
:10B3F800FFE3FFF8FFFE3FFF87E000000FFFE3FFDA
:10B40800F8FFFE3FFF87E000000FFFE3FFF8FFFEB5
:10B418003FFF87E000000FFFE3FFF8FFFE3FFF87D5
:10B42800E000000FFFE3FFF8FFFE3FFF87E00000AA
:10B438000FFFE3FFF8FFFE3FFF87E000000FFFE389
:10B44800FFF8FFFE3FFF87E000000FFFE3FFF8FF74
:10B45800FE3FFF87E000000FFFE3FFF8FFFE3FFF1E
:10B4680087E000000FFFE3FFF8FFFE3FFF87E000E3
:10B47800000FFFE3FFF8FFFE3FFF87E000000FFF2C
:10B48800E3FFF8FFFE3FFF87FE00000FFFE3FFF832
:10B49800FFFE3FFF87FE00000FFFE3FFF8FFFE3FC0
:10B4A800FF877E00000FFFE3FFF8FFFE3FFF871EC8
:10B4B80000000FFFE3FFF8FFFE3FFF871E00000FAD
:10B4C800FFE3FFF8FFFE3FFF871E00000FFFE3FFCB
:10B4D800F8FFFE3FFF871E00000FFFE3FFF8FFFEA7
:10B4E8003FFF871E00000FFFE3FFF8FFFE3FFF87C7
:10B4F8001E00000FFFE3FFF8FFFE3FFF871E00005E
:10B508000FFFC1FFF07FFE1FFF871E000000000035
:10B51800000000000000070E00000000000000000E
:10B528000000000F0F0000000000000000000000F5
:10B538001E07FFFFFFFFFFFFFFFFFFFFFFFE03FFE9
:10B54800FFFFFFFFFFFFFFFFFFFFFC01FFFFFFFF04
:10B55800FFFFFFFFFFFFFFF00001FFFFFFFFFFFFFF
:10B56800FFFFFFFFFFF003FFFFFFFFFFFFFFFFFFEE
:10B57800FFFFFC07FFFFFFFFFFFFFFFFFFFFFFFECF
:10B588000F00000000000000000000001E0E000078
:10B598000000000000000000000F1E000000000076
:10B5A800000000000000071E00000000000000006E
:10B5B800000000071E3FFF8FFFE3FFF8FFFE3FFF7D
:10B5C800871E3FFF8FFFE3FFF8FFFE3FFF871E3F09
:10B5D800FF8FFFE3FFF8FFFE3FFF871E3FFF8FFF50
:10B5E800E3FFF8FFFE3FFF871E3FFF8FFFE3FFF8F3
:10B5F800FFFE3FFF871E3FFF8FFFE3FFF8FFFE3F81
:10B60800FF877E3FFF8FFFE3FFF8FFFE3FFF87FEC8
:10B618003FFF8FFFE3FFF8FFFE3FFF87FE3FFF8FEF
:10B62800FFE3FFF8FFFE3FFF87E03FFF8FFFE3FFE9
:10B63800F8FFFE3FFF87E03FFF8FFFE3FFF8FFFEC5
:10B648003FFF87E03FFF8FFFE3FFF8FFFE3FFF87E5
:10B65800E03FFF8FFFE3FFF8FFFE3FFF87E03FFF7C
:10B668008FFFE3FFF8FFFE3FFF87E03FFF8FFFE319
:10B67800FFF8FFFE3FFF87E03FFF8FFFE3FFF8FF84
:10B68800FE3FFF87E03FFF8FFFE3FFF8FFFE3FFF2E
:10B6980087E03FFF8FFFE3FFF8FFFE3FFF87E03FB4
:10B6A800FF8FFFE3FFF8FFFE3FFF87E03FFF8FFFBD
:10B6B800E3FFF8FFFE3FFF87E03FFF8FFFE3FFF860
:10B6C800FFFE3FFF87E03FFF8FFFE3FFF8FFFE3FEE
:10B6D800FF87E03FFF8FFFE3FFF8FFFE3FFF87E0B4
:10B6E8003FFF8FFFE3FFF8FFFE3FFF87E03FFF8F3D
:10B6F800FFE3FFF8FFFE3FFF87FE3FFF8FFFE3FFFB
:10B70800F8FFFE3FFF87FE3FFF8FFFE3FFF8FFFED6
:10B718003FFF877E3FFF8FFFE3FFF8FFFE3FFF8776
:10B728001E3FFF8FFFE3FFF8FFFE3FFF871E3FFF2F
:10B738008FFFE3FFF8FFFE3FFF871E3FFF8FFFE30A
:10B74800FFF8FFFE3FFF871E3FFF8FFFE3FFF8FF75
:10B75800FE3FFF871E3FFF8FFFE3FFF8FFFE3FFF1F
:10B76800871E3FFF8FFFE3FFF8FFFE3FFF871E3F67
:10B77800FF0FFFC1FFF07FFE1FFF871E00000000C4
:10B7880000000000000000070E000000000000009C
:10B79800000000000F0F0000000000000000000083
:10B7A800001E07FFFFFFFFFFFFFFFFFFFFFFFE0376
:10B7B800FFFFFFFFFFFFFFFFFFFFFFFC01FFFFFF92
:10B7C800FFFFFFFFFFFFFFFFF000FFFFFFFFFFFF8F
:10B7D800FFFFFFFFFFFFFFFFFFFFFFFFFFFFFFFF71
:10B7E800FFFFFFFFFFFFFFFFFFFFFFFFFFFFFFFF61
:10B7F800FFFFFFFFFFFFFFFFFFFFFFFFFFFF00004F
:10B8080049BF06D04851E96E4951EA6EEF5012001F
:10B8180048512E0FF66EB80E4921800FF76EF86A60
:10B828000800F55012004341500053454D49004E61
:10B83800584C004943504C00524553500046554C13
:10B848004C0052414D50004C4F434B004D454E5516
:10B85800005057520046495245004457454C4C0049
:10B868004C494D49540046494E4500425950004202
:10B878005552535400434F554E5400454E5445526B
:10B888000053484F545300535553540045434F00F9
:10B898004D4F44450053504B5200564F4C00564FA5
:10B8A8004943450053454C0054524947004442001F
:10B8B8004155544F004C4F41440044454C415900B8
:10B8C80041444A004653444F0053484F5400544D96
:10B8D800520047414D4500544F4700534F465400CE
:10B8E800564552004F444F004D455445520046417D
:10B8F80043005245534554004445464C5400424188
:10B908004E4B320042414E4B330056495300464F8E
:10B91800524345004F4646004F4E00455849540093
:10B92800434F4E46004C4F57004D45440048494749
:10B9380048004D415800425053004D530053454371
:0AB94800004D494E00312E3335004A
:00000001FF
