:020000040000FA
:041400005AEF48F067
:06140800000115D81100DF
:10141800D8CF1DF2E0CF1EF202011F6F00011BD8CA
:1014280002011F511EC2E0FF1DC2D8FF1000E9CF04
:1014380000F2EACF01F2F3CF02F2F4CF03F2A2EC0A
:1014480010F09E9203C2F4FF02C2F3FF00C2E9FF4C
:1014580001C2EAFF1200E9CF20F2EACF21F2F3CF6E
:1014680022F2F4CF23F2F6CF24F2F7CF25F2F8CF09
:1014780026F2F5CF27F2F40ED76E500ED66EF29400
:101488002FEC48F027C2F5FF24C2F6FF25C2F7FF6C
:1014980026C2F8FF23C2F4FF22C2F3FF20C2E9FFED
:1014A80021C2EAFF12003D6F3E6B110E3F6F08D05C
:1014B8003E3740373D513E5D40B1D880D8B03E6F91
:1014C8003B373C373F2FF4D73B511200326B336B1D
:1014D800110E346F0BD0323733373051325D315102
:1014E800335904E3336F3051325FD8802E372F37AA
:1014F800342FF1D72E511200406B416B190E426FF9
:101508000DD04037413705E23E51405D3F514159CA
:1015180005E33E51405F3F51415BD8803B373C3744
:101528003D37422FEED73B5112003D6F3E6B100EF8
:101538003F6F3B373C373E3740373D513E5D40B10A
:10154800D880D8B03E6F3F2FF4D73E511200406B81
:10155800416B180E426F3B373C373D3740374137B8
:1015680005E23E51405D3F51415904E33E51405F21
:101578003F51415B422FEFD740511200284906D016
:1015880028C2E9FFEA6AEE2A000EEF2200011200E3
:1015980002011B511C6F0101120002011A511C6F3C
:1015A80001011200020119511C6F01011200136F91
:1015B800166F156B146B196B1251186F176B175147
:1015C8001427185115231951162311511427000EE9
:1015D800152316231451120002016F6F706B6F519F
:1015E80070610ED0716B726B210E715D020E7259B3
:1015F80005E20000712B000E7223F6D7702BEFD78F
:1016080012000201196FC68A9E9619C2C9FF9EA6CA
:10161800FED7C9CF1AF21A51120092809282928490
:101628009286809A929A93828194939481969396C3
:1016380081989398938A8280949082929492829EC1
:10164800949E8380959083829592838495948386D3
:1016580095969588958A838C959C838E959E848E85
:101668009680849496941200700ED36E400E9B6EF2
:10167800280EC26E3D0EC16E48691B0E496FC280AE
:10168800C69A400EC76EC66AC68A080ED56EF40E94
:10169800D76E500ED66EF194F29AF294D58EF28CE3
:1016A8005E0ECB6E380ECA6E9F829E929D92CA8441
:1016B800D08EF28E0E0E0E01D26FFF6B0C0EBA6E2C
:1016C800BA9ABA98BB6A12009292808212009282E9
:1016D8001200829012008280120084841200849486
:1016E8001200C29AC288C296C284C282C2B2FED70F
:1016F800C45012008386C28AC298C286C294C2822B
:10170800C2B2FED78396C45012008194818612001B
:101718008184819612008194819612000201286FBB
:10172800285105E0010A05E0030A05E006D0EDDFCF
:1017380005D0EEDF03D0EFDF01D0EDDF00011200AE
:101748000001605105E0010A0CE0030A1CE02CD0FE
:1017580028C200F12AC261F02BC262F0010E606F4C
:1017680023D06151621103E06107000E625B615191
:1017780062111AE129C200F12CC261F02DC262F097
:10178800020E606F11D06151621103E06107000E13
:10179800625B6151621108E128C200F12AC261F05E
:1017A8002BC262F0010E606F12007F6E0001635160
:1017B80005E0010A0FE0030A18E026D07F50AEDFEB
:1017C8007F5003E0080E646F02D0010E646F010EB3
:1017D800636F1AD0642F18D0020EA0DF7F5002E189
:1017E800070E646F020E636F0FD064676407646747
:1017F8000BD07F5093DF7F5003E0080E646F02D058
:10180800010E646F010E636F1200839E060EF9DEEF
:10181800838E839E980EF5DE838E00011200839ED0
:10182800050EEFDE000EEDDE366F838E1200839E0E
:10183800060EE7DE838E839ED80EE3DE2CC219F2F5
:101848002DC21AF22EC21BF2A3DE0001DADE2CC270
:1018580019F22DC21AF22EC21BF29FDE0001D1DE50
:101868002CC219F22DC21AF22EC21BF29BDE000105
:10187800C8DE838E0001D3DF0001E8B0FCD7120078
:10188800839E030EBEDE04C219F205C21AF206C216
:101898001BF27EDE0001B5DE04C219F205C21AF29F
:1018A80006C21BF27ADE0001ACDE04C219F205C2E0
:1018B8001AF206C21BF276DE0001A3DE000EA1DEDC
:1018C800076F838E00011200166F839E030E99DE48
:1018D80011C219F212C21AF213C21BF259DE000128
:1018E80090DE11C219F212C21AF213C21BF255DEAF
:1018F800000187DE11C219F212C21AF213C21BF2DA
:1019080051DE00017EDE186B165118610DD0000EF5
:1019180078DE176F18511425E96E000E1521EA6E4E
:1019280017C2EFFF182BF0D7838E1200356F839EF6
:10193800060E67DE838E839E020E63DE32C219F2C4
:1019480033C21AF234C21BF223DE00015ADE32C25D
:1019580019F233C21AF234C21BF21FDE000151DE43
:1019680032C219F233C21AF234C21BF21BDE000172
:1019780048DE355146DE838E52DFE8B0FDD71200CF
:10198800306F316B3051316113D02CC232F22DC21D
:1019980033F22EC234F2010EEA6E31512F25E96E70
:1019A800EF50C4DF2C2B000E2D232E23312BEAD72A
:1019B80012002C6B200E2C6107D001EE01F02C5187
:1019C800E926EF682C2BF6D70101016B120E026F86
:1019D800010E036F020E046F030E056F066B010EF6
:1019E800076F086B096B040E0A6F0B6B010E0C6F07
:1019F8000D0E0D6F140E0E6F030E0F6F106B0A0E87
:101A0800116F126B136B870E146F030E156F166F21
:101A1800050E176F186B196B1A6B02012C6B200ED1
:101A28002C6107D001EE21F02C51E926EF682C2B10
:101A3800F6D70A0E0101216F040E226F0A0E236FDA
:101A4800246F040E256F0A0E266F276F040E286F69
:101A58000A0E296F050E2A6F2B6F2C6F0A0E2D6F39
:101A6800040E2E6F0A0E2F6F306F040E316F0A0EA0
:101A7800326F336F040E346F0A0E356F366F040EF3
:101A8800376F0A0E386F120077C201F17BC202F17C
:101A98007CC203F17DC204F17EC205F17FC206F16A
:101AA80080C207F181C208F182C209F183C20AF13A
:101AB80084C20BF185C20CF186C20DF187C20EF10A
:101AC80088C20FF189C210F18AC211F18BC212F1DA
:101AD8008CC213F18DC214F18EC215F18FC216F1AA
:101AE80090C217F19CC219F29DC21AF29EC21BF253
:101AF80059DD186F9CC219F29DC21AF29EC21BF2E0
:101B08004CDD196F9CC219F29DC21AF29EC21BF2DB
:101B18003FDD1A6F91C220F1020177510FE0010AEF
:101B280014E0030A19E0010A1EE0070A23E0010A8B
:101B380028E0030A2DE0010A32E037D078C221F10B
:101B480079C222F17AC223F130D078C224F179C265
:101B580025F17AC226F129D078C227F179C228F175
:101B68007AC229F122D078C22AF179C22BF17AC23D
:101B78002CF11BD078C22DF179C22EF17AC22FF147
:101B880014D078C230F179C231F17AC232F10DD075
:101B980078C233F179C234F17AC235F106D078C20D
:101BA80036F179C237F17AC238F101011200000129
:101BB8002CDE02012C6B2D6B2E6B000138DE02012E
:101BC8002C6B2D6B2E6B010E2F6F200ED9DE200E85
:101BD8002C6F2D6B2E6B210E2F6F200ED1D69CC231
:101BE80019F29DC21AF29EC21BF2DCDC186F9CC26D
:101BF80019F29DC21AF29EC21BF2CFDC196F9CC269
:101C080019F29DC21AF29EC21BF2C2DC1A6FCFDF14
:101C180001011200010E776303D09F6BA06B17D0F0
:101C280078510A0DF3CF2CF2F4CF2DF279512C27ED
:101C3800000E2D23200E2E6F4E0E2F6F2CC230F269
:101C48002DC231F243DC2EC29FF22FC2A0F2120045
:101C58007A510A0DF3CF2CF2F4CF2DF279512C27BB
:101C6800000E2D23200E2E6F4E0E2F6F2CC230F239
:101C78002DC231F22BDC2EC2A1F22FC2A2F2040E29
:101C8800A15F000EA25B1200776B120E7B6F030E32
:101C98008E6F8F6F050E906F010E7C6F020E7D6F39
:101CA800030E7E6F7F6B010E806F816B826B040E5B
:101CB800836F846B010E856F0D0E866F140E876F10
:101CC800030E886F896B0A0E8A6F8B6B8C6B870E7D
:101CD8008D6F77510FE0010A14E0030A19E0010A39
:101CE8001EE0070A21E0010A26E0030A2BE0010AA8
:101CF80030E035D00A0E786F040E796F0A0E7A6FCD
:101D08002ED00A0E786F040E796F0A0E7A6F27D0DC
:101D18000A0E786F040E796F0A0E7A6F20D0050EBE
:101D2800786F796F7A6F1BD00A0E786F040E796F0F
:101D38000A0E7A6F14D00A0E786F040E796F0A0EA5
:101D48007A6F0DD00A0E786F040E796F0A0E7A6FCB
:101D580006D00A0E786F040E796F0A0E7A6FA86B98
:101D68001200116B126B136B010E146F156F200E9E
:101D7800ABDD200E116F126B136B210E146F010E69
:101D8800156F200EA1DD01012051640A08E02051E1
:101D98006E0A05E020516F0A02E0640E206F20C130
:101DA80091F21451870A020116E003DE91C220F174
:101DB800FEDE116B126B136B010E146F156F200E84
:101DC80083DD200E116F126B136B210E146F010E41
:101DD800156F200E79DD2BA101C177F202C17BF2CC
:101DE80015C18EF216C18FF217C190F203C17CF2B1
:101DF8007CC2A3F204C17DF205C17EF206C17FF266
:101E08007FC2A4F207C180F280C2A5F208C181F2A4
:101E180009C182F20AC183F20BC184F20CC185F2B6
:101E28000DC186F20EC187F20FC188F210C189F286
:101E380011C18AF212C18BF213C18CF214C18DF256
:101E480018C128F219C129F21AC12AF277510FE0F4
:101E5800010A14E0030A19E0010A1EE0070A23E058
:101E6800010A28E0030A2DE0010A32E037D021C137
:101E780078F222C179F223C17AF230D024C178F203
:101E880025C179F226C17AF229D027C178F228C172
:101E980079F229C17AF222D02AC178F22BC179F2DB
:101EA8002CC17AF21BD02DC178F22EC179F22FC144
:101EB8007AF214D030C178F231C179F232C17AF2B3
:101EC8000DD033C178F234C179F235C17AF206D037
:101ED80036C178F237C179F238C17AF29BDEB8DEC2
:101EE800D8908335946F050E8403F3CF95F2010ED5
:101EF800866503D086C293F202D0010E936FA0517B
:101F080005E1A00E9F6102D0010E936F00019F872B
:101F1800D89002018735966F140E8803F3CF97F295
:101F280028C211F229C212F22A51DBEC0AF014C2BB
:101F38009CF215C29DF216C29EF28A513C0DF3CF57
:101F48009AF2F4CF9BF20A0E9A27000E9B23D00E2A
:101F58003B6F070E3C6F905157EC0AF03BC298F26A
:101F68003CC299F28129A66F0A0E7E03F3CFA7F22D
:101F78008C4DA36B1200286B030E28610BD07EECEE
:101F88000BF02B6F02EE2DF02851E9262BC2EFFF44
:101F9800282BF2D7286B030E286134D028C22AF2E6
:101FA8002829296F030E296113D002EE2DF029513B
:101FB800E926EFCF2BF202EE2DF02A51E926EFCFDA
:101FC8002CF22C512B6102D029C22AF2292BEAD7F4
:101FD80002EE2DF02851E926EFCF2BF202EE2DF07C
:101FE8002A51E926EFCF2CF202EE2DF02851E926EE
:101FF8002CC2EFFF02EE2DF02A51E9262BC2EFFF8B
:10200800282BC9D72FC269F01200B50E696503D015
:10201800050E656F19D0B20E696503D0040E656FA1
:1020280013D0AF0E696503D0030E656F0DD0AC0EEB
:10203800696503D0020E656F07D0A90E696503D0E4
:10204800010E656F01D0656B1200056F060DF3CFA9
:1020580009F2F4CF0AF20451100DF3CF08F2076B1E
:10206800066B09510625116F0A510721126F000EE0
:102078000821136F0B0E146F020E156F060E24DC69
:102088000BC211F20CC212F20D51DBEC0AF014C2B1
:102098006EF015C26FF016C270F00EC211F20FC2C8
:1020A80012F21051DBEC0AF014C271F015C272F092
:1020B80016C273F0120002012C6FA353D8B4120099
:1020C800080E0001806107D0EA6A740E8025E96E67
:1020D8002CC2EFFF802B020112000201A36702D07D
:1020E80000011200000180676C819D8212000201CC
:1020F800046B04BF03D0080E046107D0EA6A740EAB
:102108000425E96EEF68042BF4D70001806B7F6B20
:102118006C917C6B9D921200056F0453D8B4056BCB
:1021280005A3BA9A05B3BA8A05A1BA9805B1BA88BF
:10213800D8900531BB6ED890BB3212007C510BE0B1
:10214800010A12E0030A1CE0010A27E0070A35E049
:10215800010A51E05BD06CA159D071EC0BF07D6B9A
:102168007E6B010E7C6F52D07D2B000E7E23210EDC
:102178007D5D030E7E594AE37F6B020E7C6F46D06D
:10218800A6C204F2EA6A740E7F25E96EEF500201D6
:102198005CDF030E00017C6F39D06EC004F26FC0A3
:1021A80005F270C006F244EC0CF06D6F6E2B000E59
:1021B8006F237023040E7C6F29D0A3C204F26D51E3
:1021C8000201AADF000171516E5D72516F5973519E
:1021D80070590EE26EC004F26FC005F270C006F2CC
:1021E80044EC0CF06D6F6E2B000E6F2370230ED035
:1021F800050E7C6F0BD080057F6104D07F2B020E0B
:102208007C6F04D073EC0BF072DF7C6B1200030E52
:1022180052DF00016551050A0BE0010A0FE0070AC9
:1022280013E0010A17E0030A1BE0010A1FE023D0AC
:10223800330E41DF340E3FDF00011DD0120E3BDFAD
:10224800340E39DF000117D0450E35DF340E33DF89
:10225800000111D01B0E2FDF340E2DDF00010BD033
:10226800510E29DF340E27DF000105D0490E23DF88
:10227800340E21DF00011200D1512BE0010A2DE0BC
:10228800030A2FE0010A31E0070A33E0010A35E0CA
:10229800030A37E0010A39E00E0A3BE0030A3DE091
:1022A800010A3FE0070A41E0010A45E0030A47E066
:1022B800010A49E01F0A4BE0010A4FE0030A51E016
:1022C8001A0A55E01B0A57E0070A59E0010A5BE0C1
:1022D8005DD0180EF0DE000159D00E0EECDE0001C4
:1022E80055D0060EE8DE000151D0050EE4DE0001EF
:1022F8004DD0090EE0DE000149D0080EDCDE0001F9
:1023080045D0400ED8DE000141D0410ED4DE000198
:102318003DD0480ED0DE000139D0540ECCDE00018D
:1023280035D04F0EC8DE000131D0200EC4DE240E99
:10233800C2DE00012BD0240EBEDE000127D01E0E07
:10234800BADE000123D01F0EB6DE00011FD03F0EFB
:10235800B2DE4D0EB0DE000119D0210EACDE000158
:1023680015D0210EA8DE4D0EA6DE00010FD00F0EEF
:10237800A2DE00010BD0460E9EDE000107D02F0E14
:102388009ADE000103D0150E96DE00011200286FB8
:1023980028510FE0010A10E0030A11E0010A12E0D7
:1023A800070A13E0010A14E0030A15E0010A16E01F
:1023B80017D02E0E80DE14D03A0E7DDE11D00A0E14
:1023C8007ADE0ED0230E77DE0BD0200E74DE08D016
:1023D800010E71DE05D0070E6EDE02D0000E6BDE38
:1023E80012002C6F2C5139E0010A3AE0030A3BE055
:1023F800010A3CE0070A3DE0010A3EE0030A3FE02B
:10240800010A40E00F0A41E0010A42E0030A43E002
:10241800010A44E0070A45E0010A46E0030A47E0EA
:10242800010A48E01F0A49E0010A4AE0030A4BE0B2
:10243800010A4CE0070A4DE00A0A4EE0360A4FE06E
:102448001A0A50E00E0A51E07A0A52E0160A53E0DE
:102458000A0A54E03E0A55E057D0560E2D6F56D062
:10246800320E2D6F53D0520E2D6F50D04C0E2D6F53
:102478004DD01C0E2D6F4AD0190E2D6F47D0430E2C
:102488002D6F44D03C0E2D6F41D0100E2D6F3ED0D5
:102498002B0E2D6F3BD0490E2D6F38D0130E2D6F9C
:1024A80035D0500E2D6F32D04A0E2D6F2FD01D0E05
:1024B8002D6F2CD0160E2D6F29D0440E2D6F26D0DF
:1024C8003D0E2D6F23D0110E2D6F20D02C0E2D6FA9
:1024D8001DD0510E2D6F1AD04B0E2D6F17D01B0E1D
:1024E8002D6F14D0170E2D6F11D0450E2D6F0ED0F5
:1024F8003E0E2D6F0BD0120E2D6F08D02D0E2D6FA6
:1025080005D0330E2D6F02D0420E2D6F2D511200C3
:10251800286F150E286105D0285163DF296FCBDDA0
:102528001ED028C23BF23C6B0A0E57EC0AF03BC2A5
:102538002AF20A0E2A03F3CF2AF22A5304E02A5178
:1025480050DF296FB8DD28C23BF23C6B0A0E99ECCC
:102558000AF02B6F2B5303E044DF296FACD5120030
:10256800286F285303E0310EA6DD02D0300EA3D524
:1025780012007F6E7F50000105E0010A07E0030AA0
:1025880008E007D0530E97DD000103D01A0E93DD43
:10259800000112007F6E7F50000107E0010A09E088
:1025A800030A0BE0010A0DE00FD0300E84DD0001B4
:1025B8000BD0250E80DD000107D0270E7CDD000141
:1025C80003D0220E78DD00011200286F285105E0A3
:1025D800010A06E0030A09E00CD00C0E6CDD09D0F4
:1025E800020E69DD520E67DD04D0020E64DD4C0E6A
:1025F80062DD12007F6E7F50000105E0010A07E0EE
:10260800030A09E00BD0300E56DD000107D0250E75
:1026180052DD000103D0220E4EDD00011200286FAA
:10262800285303E00B0E47DD02D0140E44D51200E8
:102638007F6E7F50000104E0300E3DDD000103D0C5
:10264800250E39DD000112007F6E7F50000104E085
:10265800220E31DD000103D0250E2DDD0001120010
:10266800706FC69A81888392716B080E71610BD066
:10267800819870AF02D0828E01D0829E8188D890D6
:102688007037712BF2D78382120002016F6F839427
:10269800E7DF8384120002016F6F8384E1DF8384A4
:1026A80012002A0EF2DF6851F6DF6751F4DF6A5133
:1026B800F2DF6951F0DF2B0EE8DF6C51ECDF6B5174
:1026C800EADF6E51E8DF6D51E6DF2C0EDEDF050E26
:1026D800F0EC0AF02C0ED9D731512D253B6F325131
:1026E8002E213C6F33512F253D6F345130213E6FE1
:1026F80036513F6F3551406F2DC267F22EC268F2D6
:102708003B05696F000E3C596A6F2FC26BF230C2ED
:102718006CF23D056D6F000E3E596E6FC2DF2FC221
:1027280039F230C23AF23D51395D3E513A5915E21B
:102738002DC237F22EC238F23B51375D3C51385921
:1027480008E23F51A8DF4051A6DF372B000E38239F
:10275800F3D7392B000E3A23E6D71200586B596B82
:102768005A6B4C5148255B6F4D5149215C6F4E5156
:102778004A255D6F4F514B215E6F4C514E03F3CF8D
:102788005FF2F4CF60F24D514E03F35060274C5185
:102798004F03F35060275351616F5251626F555187
:1027A800636F5451646F48C267F249C268F25B05AF
:1027B800696F000E5C596A6F4AC26BF24BC26CF2C9
:1027C8005D056D6F000E5E596E6F6BDF656B666B36
:1027D8005F51655D6051665927E258670CD05951C1
:1027E8005025676F5A515121686F6AEC48F0576F4E
:1027F800592B000E5A23800E5715566FD89057370D
:10280800582B080E586301D0586B565305E0615198
:1028180042DF625140DF04D063513DDF64513BDF4A
:10282800652B000E6623D4D7120039D842D8110E72
:102838002CDF050EF0EC0AF03A0E27DF550E2BDFE1
:102848002A0E23DF000E27DF000E25DF000E23DF10
:10285800770E21DF2B0E19DF000E1DDF000E1BDFA8
:10286800000E19DFEF0E17DF440E0FDF000E13DF27
:10287800EF0E11DF350E09DF000E0DDF360E05DF16
:10288800000E09DF530E01DF200E05DF190EF0ECF4
:102898000AF0290EFADE390EF8DE000112008390E4
:1028A800010EF0EC0AF08380960EF0EC0AF00001BD
:1028B8001200C00EEADE5A0EEEDE5A0EECDEC10E33
:1028C800E4DE5A0EE8DE5A0EE6DED00EDEDE100E2C
:1028D800E2DEB10EDADEEA0EDEDEF00EDCDE000E3F
:1028E800DADE780ED8DE000ED6DE0C0ED4DE000E50
:1028F800D2DE080ED0DE000ECEDE1C0ECCDE000EC0
:10290800CADE1C0EC8DE000EC6DE0C0EC4DE000ECB
:10291800C2DE080EC0DE000EBEDE1C0EBCDE000EDF
:10292800BADE1C0EB8DE000EB6DE000EB4DE0C0EEB
:10293800B2DE000EB0DE5F0EAEDE000EACDE1C0EA8
:10294800AADE000EA8DE1C0EA6DE000EA4DE0C0E0B
:10295800A2DE000EA0DE5F0E9EDE000E9CDE1C0EC8
:102968009ADE000E98DE1C0E96DE000E94DE000E37
:1029780092DE200E90DE000E8EDE000E8CDE770ECC
:102988008ADE000E88DE000E86DE000E84DEEF0E84
:1029980082DE000E80DE000E7EDE000E7CDE100E73
:1029A8007ADEB20E72DE130E76DE130E74DE040EBD
:1029B80072DE040E70DE130E6EDE040E6CDE040E84
:1029C8006ADE130E68DE130E66DE040E64DE040E85
:1029D80062DE040E60DE040E5EDE0F0E5CDE000EAC
:1029E8005ADE000E58DE5E0E56DE000E54DEA60ECF
:1029F80052DE000E50DE5E0E4EDE000E4CDEA90EDC
:102A08004ADE000E48DE5E0E46DE000E44DE030E91
:102A180042DE000E40DE5E0E3EDE000E3CDE000EA4
:102A28003ADE000E38DE5E0E36DE000E34DEA60E0E
:102A380032DE000E30DE5E0E2EDE000E2CDEA90E1B
:102A48002ADE000E28DE5E0E26DE000E24DE030ED1
:102A580022DE000E20DE5E0E1EDE000E1CDE020EE2
:102A68001ADE1F0E18DE580E16DE750E14DE000E66
:102A780012DE010E10DE000E0EDE000E0CDE310E30
:102A88000ADE5A0E08DE1A0E06DED50E04DE3D0EEC
:102A980002DE600E00DE000EFEDD000EFCDD000E24
:102AA800FADD000EF8DD000EF6DD000EF4DD000E96
:102AB800F2DD000EF0DD000EEEDD000EECDD000EA6
:102AC800EADD000EE8DD000EE6DD000EE4DD000EB6
:102AD800E2DD000EE0DD000EDEDD000EDCDD000EC6
:102AE800DADD000ED8DD000ED6DD000ED4DD000ED6
:102AF800D2DD130ED0DD770ECEDDB30EC6DD000EAF
:102B0800CADD000EC8DD000EC6DD030EC4DD020EF0
:102B1800C2DD010EC0DD000EBEDD000EBCDD000E04
:102B2800BADD140EB8DD130EB6DD120EB4DD000EDC
:102B3800B2DD000EB0DD000EAEDD000EACDD060E1F
:102B4800AADD050EA8DD040EA6DD000EA4DD000E2C
:102B5800A2DD000EA0DD0F0E9EDD0E0E9CDD0D0E1B
:102B68009ADD000E98DD000E96DD000E94DD000E55
:102B780092DD000E90DD000E8EDD000E8CDDB40EB1
:102B880084DD200E88DD030E86DDC00E84DD000E98
:102B980082DD080E80DD030E7EDD030E7CDD030E74
:102BA8007ADD030E78DD030E76DD000E74DD0B0E84
:102BB80072DD0B0E70DD0B0E6EDD0B0E6CDD0B0E79
:102BC8006ADD0B0E68DD140E66DD410E64DD250E30
:102BD80062DD520E60DD360E5EDD630E5CDD410E99
:102BE8005ADD140E58DD520E56DD250E54DD630EE7
:102BF80052DD360E50DD140E4EDD410E4CDD250E35
:102C08004ADD520E48DD360E46DD630E44DD410EC8
:102C180042DD140E40DD520E3EDD250E3CDD630E16
:102C28003ADD360E38DD000E36DD000E34DD2A0EB4
:102C380032DD150E30DD2A0E2EDD150E2CDD150EBB
:102C48002ADD2A0E28DD150E26DD2A0E24DD000ECB
:102C580022DD000E20DD000E1EDD000E1CDD000E44
:102C68001ADD000E18DD000E16DDB50E0EDD000EA5
:102C780012DD000E10DD090E0EDD090E0CDD010E51
:102C88000ADD290E08DD100E06DD000E04DD010E3A
:102C980002DD320E00DD000EFEDC320EFCDC000E22
:102CA800FADC630EF8DC000EF6DCAD0EF4DC000E88
:102CB800F2DC630EF0DC000EEEDCAD0EECDC000E98
:102CC800EADC000EE8DC000EE6DC000EE4DC000EB8
:102CD800E2DC000EE0DC000EDEDC000EDCDC000EC8
:102CE800DADC000ED8DC000ED6DC000ED4DC000ED8
:102CF800D2DC000ED0DC000ECEDC000ECCDC000EE8
:102D0800CADC020EC8DC010EC6DC020EC4DC010EF1
:102D1800C2DC020EC0DC010EBEDC000EBCDC000E04
:102D2800BADC000EB8DC000EB6DC0B0EB4DC000E0C
:102D3800B2DC550EB0DC000EAEDC0B0EACDC000EC7
:102D4800AADC550EA8DC000EA6DC000EA4DC000EE2
:102D5800A2DC000EA0DC000E9EDC000E9CDC000E47
:102D68009ADC000E98DC000E96DC000E94DC000E57
:102D780092DC000E90DC000E8EDC000E8CDC000E67
:102D88008ADC010E88DC000E86DC010E84DC000E75
:102D980082DC000E80DC000E7EDC000E7CDC000E87
:102DA8007ADC000E78DC000E76DC000E74DC000E97
:102DB80072DCB80E6ADC000E6EDCE70E6CDC300EDE
:102DC8006ADC000E68DC110E66DC110E64DC110E84
:102DD80062DC110E60DC110E5EDC110E5CDC220E72
:102DE8005ADC220E58DC220E56DC000E54DC000E93
:102DF80052DC220E50DC220E4EDC220E4CDC000E81
:102E08004ADC000E48DC000E46DC000E44DC000EF6
:102E180042DC000E40DC000E3EDC000E3CDC000E06
:102E28003ADCBB0E32DC010E36DCC80E34DCC80ED0
:102E380032DCC80E30DC800E2EDC800E2CDC800EDE
:102E48002ADC4C0E28DC590E26DC660E24DCBD0E6E
:102E58001CDC010E20DC000E1EDC0A0E1CDC000E41
:102E68001ADC320E18DC000E16DC040E14DC010E1F
:102E780012DC050E10DC050E0EDC000E0CDC000E5C
:102E88000ADC000E08DC000E06DC000E04DC000E76
:102E980002DC000E00DC140E4FEC13F0010E4FECB8
:102EA80013F0000E4FEC13F0000E4FEC13F0000E71
:102EB8004FEC13F0100E4FEC13F0030E4FEC13F021
:102EC800030E4FEC13F0000E4FEC13F0BE0E49EC5E
:102ED80013F0000E4FEC13F0000E4FEC13F0040E3D
:102EE8004FEC13F0010E4FEC13F0040E4FEC13F0FF
:102EF800010E4FEC13F0040E4FEC13F0010E4FECE3
:102F080013F0040E4FEC13F0010E4FEC13F0040E07
:102F18004FEC13F0010E4FEC13F0040E4FEC13F0CE
:102F2800010E4FEC13F0040E4FEC13F0010E4FECB2
:102F380013F0040E4FEC13F0010E4FEC13F0040ED7
:102F48004FEC13F0010E4FEC13F0000E4FEC13F0A2
:102F5800000E4FEC13F0040E4FEC13F0010E4FEC83
:102F680013F0040E4FEC13F0010E4FEC13F0040EA7
:102F78004FEC13F0010E4FEC13F0040E4FEC13F06E
:102F8800010E4FEC13F0040E4FEC13F0010E4FEC52
:102F980013F0040E4FEC13F0010E4FEC13F0040E77
:102FA8004FEC13F0010E4FEC13F0040E4FEC13F03E
:102FB800010E4FEC13F0040E4FEC13F0010E4FEC22
:102FC80013F0000E4FEC13F0000E4FEC13F0040E4C
:102FD8004FEC13F0010E4FEC13F0040E4FEC13F00E
:102FE800010E4FEC13F0040E4FEC13F0010E4FECF2
:102FF80013F0040E4FEC13F0010E4FEC13F0040E17
:103008004FEC13F0010E4FEC13F0040E4FEC13F0DD
:10301800010E4FEC13F0040E4FEC13F0010E4FECC1
:1030280013F0040E4FEC13F0010E4FEC13F0040EE6
:103038004FEC13F0010E4FEC13F0020E4FEC13F0AF
:10304800020E4FEC13F0020E4FEC13F0020E4FEC91
:1030580013F0020E4FEC13F0020E4FEC13F0000EBB
:103068004FEC13F0000E4FEC13F0000E4FEC13F082
:10307800000E4FEC13F0000E4FEC13F0000E4FEC67
:1030880013F0000E4FEC13F0000E4FEC13F0FF0E90
:103098004FEC13F0000E4FEC13F0000E4FEC13F052
:1030A800000E4FEC13F0000E4FEC13F0000E4FEC37
:1030B80013F0000E4FEC13F0000E4FEC13F0000E5F
:1030C8004FEC13F0FF0E4FEC13F0000E4FEC13F023
:1030D800000E4FEC13F0000E4FEC13F0000E4FEC07
:1030E80013F0000E4FEC13F0000E4FEC13F0000E2F
:1030F8004FEC13F0000E4FEC13F0FF0E4FEC13F0F3
:10310800000E4FEC13F0000E4FEC13F0000E4FECD6
:1031180013F0000E4FEC13F0040E4FEC13F0040EF6
:103128004FEC13F0100E4FEC13F0000E4FEC13F0B1
:10313800000E4FEC13F0000E4FEC13F0320E4FEC74
:1031480013F0000E4FEC13F0000E4FEC13F0000ECE
:103158004FEC13F0000E4FEC13F0000E4FEC13F091
:10316800000E4FEC13F0000E4FEC13F0000E4FEC76
:1031780013F0000E4FEC13F0000E4FEC13F0000E9E
:103188004FEC13F0000E4FEC13F0000E4FEC13F061
:10319800000E4FEC13F0000E4FEC13F0000E4FEC46
:1031A80013F0000E4FEC13F0000E4FEC13F0000E6E
:1031B8004FEC13F0000E4FEC13F0000E4FEC13F031
:1031C800320E4FEC13F0000E4FEC13F0000E4FECE4
:1031D80013F0000E4FEC13F0000E4FEC13F0000E3E
:1031E8004FEC13F0000E4FEC13F0000E4FEC13F001
:1031F800000E4FEC13F0000E4FEC13F0000E4FECE6
:1032080013F0000E4FEC13F0000E4FEC13F0000E0D
:103218004FEC13F0000E4FEC13F0000E4FEC13F0D0
:10322800000E4FEC13F0000E4FEC13F0000E4FECB5
:1032380013F0000E4FEC13F0000E4FEC13F0000EDD
:103248004FEC13F0320E4FEC13F0000E4FEC13F06E
:10325800000E4FEC13F0000E4FEC13F0000E4FEC85
:1032680013F0000E4FEC13F0000E4FEC13F0000EAD
:103278004FEC13F0000E4FEC13F0000E4FEC13F070
:10328800000E4FEC13F0000E4FEC13F0000E4FEC55
:1032980013F0000E4FEC13F0000E4FEC13F0000E7D
:1032A8004FEC13F0000E4FEC13F0000E4FEC13F040
:1032B800000E4FEC13F0000E4FEC13F0000E4FEC25
:1032C80013F0000E4FEC13F0000E4FEC13F0000E4D
:1032D8004FEC13F0000E4FEC13F0C20E49EC13F054
:1032E800FC0E4FEC13F0C30E49EC13F0000E4FEC3C
:1032F80013F0000E4FEC13F0FF0E4FEC13F0070E17
:103308004FEC13F0000E4FEC13F0000E4FEC13F0DF
:10331800FF0E4FEC13F0070E4FEC13F0000E4FECBE
:1033280013F0000E4FEC13F0FF0E4FEC13F0040EE9
:103338004FEC13F0C50E49EC13F0800E4FEC13F070
:10334800050E4FEC13F0320E4FEC13F0050E4FEC58
:1033580013F03F0E4FEC13F0060E4FEC13F0510E26
:103368004FEC13F0050E4FEC13F0080E4FEC13F072
:10337800050E4FEC13F0080E4FEC13F0060E4FEC51
:1033880013F0210E4FEC13F0050E4FEC13F0DC0E8A
:103398004FEC13F0040E4FEC13F0CF0E4FEC13F07C
:1033A800050E4FEC13F0F10E4FEC13F0040E4FEC3A
:1033B80013F0B00E4FEC13F0040E4FEC13F0960E12
:1033C8004FEC13F0050E4FEC13F0C00E4FEC13F05A
:1033D800040E4FEC13F0830E4FEC13F0040E4FEC79
:1033E80013F05E0E4FEC13F0050E4FEC13F08E0E3B
:1033F8004FEC13F0040E4FEC13F0550E4FEC13F096
:10340800040E4FEC13F0250E4FEC13F0050E4FECA5
:1034180013F05B0E4FEC13F0040E4FEC13F0250E77
:103428004FEC13F0040E4FEC13F0EB0E4FEC13F0CF
:10343800040E4FEC13F0260E4FEC13F0040E4FEC75
:1034480013F0F40E4FEC13F0030E4FEC13F0AF0E25
:103458004FEC13F0040E4FEC13F0EF0E4FEC13F09B
:10346800030E4FEC13F0C00E4FEC13F0030E4FECAD
:1034780013F0700E4FEC13F0040E4FEC13F0B40E73
:103488004FEC13F0030E4FEC13F08A0E4FEC13F0D1
:10349800030E4FEC13F02E0E4FEC13F0040E4FEC0E
:1034A80013F0760E4FEC13F0030E4FEC13F0500EA2
:1034B8004FEC13F0030E4FEC13F0E80E4FEC13F043
:1034C800030E4FEC13F0340E4FEC13F0030E4FECD9
:1034D80013F0110E4FEC13F0030E4FEC13F09D0E8A
:1034E8004FEC13F0030E4FEC13F0EB0E4FEC13F010
:1034F800020E4FEC13F0CE0E4FEC13F0020E4FEC11
:1035080013F04A0E4FEC13F0030E4FEC13F0C50EF8
:103518004FEC13F0020E4FEC13F0AA0E4FEC13F021
:10352800020E4FEC13F01D0E4FEC13F0030E4FEC90
:1035380013F09B0E4FEC13F0020E4FEC13F0830EBA
:103548004FEC13F0020E4FEC13F0ED0E4FEC13F0AE
:10355800020E4FEC13F06C0E4FEC13F0020E4FEC12
:1035680013F0560E4FEC13F0020E4FEC13F0BB0E97
:103578004FEC13F0020E4FEC13F0510E4FEC13F01A
:10358800020E4FEC13F03D0E4FEC13F0020E4FEC11
:1035980013F0A00E4FEC13F0020E4FEC13F0350EA3
:1035A8004FEC13F0020E4FEC13F0230E4FEC13F018
:1035B800020E4FEC13F0840E4FEC13F0020E4FEC9A
:1035C80013F0160E4FEC13F0020E4FEC13F0060E2C
:1035D8004FEC13F0020E4FEC13F0660E4FEC13F0A5
:1035E800020E4FEC13F0F40E4FEC13F0010E4FECFB
:1035F80013F0E60E4FEC13F0010E4FEC13F0470EEC
:103608004FEC13F0020E4FEC13F0CD0E4FEC13F00D
:10361800010E4FEC13F0C20E4FEC13F0010E4FECFD
:1036280013F0250E4FEC13F0020E4FEC13F09C0E26
:103638004FEC13F0010E4FEC13F0980E4FEC13F013
:10364800010E4FEC13F0030E4FEC13F0020E4FEC8B
:1036580013F0560E4FEC13F0010E4FEC13F0640EFE
:103668004FEC13F0010E4FEC13F0DE0E4FEC13F09D
:10367800010E4FEC13F0100E4FEC13F0010E4FEC4F
:1036880013F0300E4FEC13F0010E4FEC13F0B90E9F
:103698004FEC13F0010E4FEC13F0CA0E4FEC13F081
:1036A800000E4FEC13F0FC0E4FEC13F0000E4FEC35
:1036B80013F0940E4FEC13F0010E4FEC13F0A70E1D
:1036C8004FEC13F0000E4FEC13F0E20E4FEC13F03A
:1036D800000E4FEC13F0820E4FEC13F0010E4FEC7E
:1036E80013F0000E4FEC13F0000E4FEC13F0000E29
:1036F8004FEC13F0000E4FEC13F0000E4FEC13F0EC
:10370800000E4FEC13F0C60E49EC13F0FD0E4FEC13
:1037180013F0050E4FEC13F0870E4FEC13F0050E67
:103728004FEC13F0C20E4FEC13F0060E4FEC13F0F3
:10373800B60E4FEC13F0050E4FEC13F0510E4FEC94
:1037480013F0050E4FEC13F0790E4FEC13F0060E44
:103758004FEC13F0750E4FEC13F0050E4FEC13F011
:103768001C0E4FEC13F0050E4FEC13F0330E4FEC1C
:1037780013F0060E4FEC13F0380E4FEC13F0050E55
:103788004FEC13F0E80E4FEC13F0040E4FEC13F06F
:10379800ED0E4FEC13F0050E4FEC13F0FC0E4FEC52
:1037A80013F0040E4FEC13F0B20E4FEC13F0040EAE
:1037B8004FEC13F0A60E4FEC13F0050E4FEC13F080
:1037C800C10E4FEC13F0040E4FEC13F07D0E4FECCE
:1037D80013F0040E4FEC13F0610E4FEC13F0050ECE
:1037E8004FEC13F0840E4FEC13F0040E4FEC13F073
:1037F800460E4FEC13F0040E4FEC13F01D0E4FEC79
:1038080013F0050E4FEC13F0470E4FEC13F0040EB7
:103818004FEC13F00F0E4FEC13F0040E4FEC13F0B7
:10382800D70E4FEC13F0040E4FEC13F00A0E4FECCA
:1038380013F0040E4FEC13F0D60E4FEC13F0030EFA
:103848004FEC13F0910E4FEC13F0040E4FEC13F005
:10385800C90E4FEC13F0030E4FEC13F09A0E4FEC19
:1038680013F0030E4FEC13F0480E4FEC13F0040E58
:103878004FEC13F0850E4FEC13F0030E4FEC13F0E2
:103888005B0E4FEC13F0030E4FEC13F0FB0E4FECF6
:1038980013F0030E4FEC13F03E0E4FEC13F0030E33
:1038A8004FEC13F0180E4FEC13F0030E4FEC13F01F
:1038B800AA0E4FEC13F0030E4FEC13F0F10E4FEC81
:1038C80013F0020E4FEC13F0D10E4FEC13F0020E72
:1038D8004FEC13F0520E4FEC13F0030E4FEC13F0B5
:1038E800CA0E4FEC13F0020E4FEC13F0AC0E4FEC77
:1038F80013F0020E4FEC13F0220E4FEC13F0030EF0
:103908004FEC13F09E0E4FEC13F0020E4FEC13F039
:10391800830E4FEC13F0020E4FEC13F0EF0E4FEC4A
:1039280013F0020E4FEC13F06E0E4FEC13F0020E74
:103938004FEC13F0560E4FEC13F0020E4FEC13F051
:10394800BA0E4FEC13F0020E4FEC13F0540E4FEC7E
:1039580013F0020E4FEC13F03D0E4FEC13F0020E75
:103968004FEC13F09E0E4FEC13F0020E4FEC13F0D9
:10397800370E4FEC13F0020E4FEC13F0220E4FEC03
:1039880013F0020E4FEC13F0800E4FEC13F0020E02
:103998004FEC13F0190E4FEC13F0020E4FEC13F02E
:1039A800060E4FEC13F0020E4FEC13F05F0E4FECC7
:1039B80013F0020E4FEC13F0F80E4FEC13F0010E5B
:1039C8004FEC13F0E70E4FEC13F0010E4FEC13F031
:1039D8003D0E4FEC13F0020E4FEC13F0D20E4FECED
:1039E80013F0010E4FEC13F0C30E4FEC13F0010E61
:1039F8004FEC13F0180E4FEC13F0020E4FEC13F0CF
:103A0800A60E4FEC13F0010E4FEC13F09C0E4FEC8A
:103A180013F0010E4FEC13F0F10E4FEC13F0010E02
:103A28004FEC13F06F0E4FEC13F0010E4FEC13F048
:103A38006A0E4FEC13F0010E4FEC13F0C50E4FEC6D
:103A480013F0010E4FEC13F0380E4FEC13F0010E8B
:103A58004FEC13F0380E4FEC13F0010E4FEC13F04F
:103A6800990E4FEC13F0010E4FEC13F0010E4FECD2
:103A780013F0010E4FEC13F0060E4FEC13F0010E8D
:103A88004FEC13F06D0E4FEC13F0010E4FEC13F0EA
:103A9800E60E4FEC13F0000E4FEC13F0ED0E4FEC6A
:103AA80013F0000E4FEC13F0570E4FEC13F0010E0D
:103AB8004FEC13F0000E4FEC13F0000E4FEC13F028
:103AC800000E4FEC13F0000E4FEC13F0000E4FEC0D
:103AD80013F0000E4FEC13F0D40E49EC13F0000E67
:103AE8004FEC13F0780E4FEC13F0000E4FEC13F080
:103AF800F00E4FEC13F0000E4FEC13F0080E4FECE5
:103B080013F0080E4FEC13F0140E4FEC13F0140ED4
:103B18004FEC13F0000E4FEC13F0000E4FEC13F0C7
:103B2800D50E49EC13F0010E4FEC13F0000E4FECDC
:103B380013F0370E4FEC13F0000E4FEC13F0010E9C
:103B48004FEC13F0000E4FEC13F0040E4FEC13F093
:103B5800000E4FEC13F0BF0E4FEC13F0000E4FECBD
:103B680013F0040E4FEC13F0000E4FEC13F0000EA0
:103B78004FEC13F0000E4FEC13F0000E4FEC13F067
:103B8800000E4FEC13F0000E4FEC13F0000E4FEC4C
:103B980013F0000E4FEC13F0000E4FEC13F0000E74
:103BA8004FEC13F0000E4FEC13F0000E4FEC13F037
:103BB800000E4FEC13F0040E4FEC13F0000E4FEC18
:103BC80013F0BF0E4FEC13F0000E4FEC13F0040E81
:103BD8004FEC13F0000E4FEC13F0010E4FEC13F006
:103BE800000E4FEC13F0370E4FEC13F0000E4FECB5
:103BF80013F0010E4FEC13F0000E4FEC13F0000E13
:103C08004FEC13F0000E4FEC13F0050E4FEC13F0D1
:103C1800000E4FEC13F0000E4FEC13F0000E4FECBB
:103C280013F0050E4FEC13F0000E4FEC13F0EC0EF2
:103C38004FEC13F0000E4FEC13F0050E4FEC13F0A1
:103C4800000E4FEC13F0000E4FEC13F0000E4FEC8B
:103C580013F0050E4FEC13F0000E4FEC13F0000EAE
:103C68004FEC13F0000E4FEC13F0D60E49EC13F0A6
:103C7800010E4FEC13F0000E4FEC13F0370E4FEC23
:103C880013F0000E4FEC13F0010E4FEC13F0000E82
:103C98004FEC13F0040E4FEC13F0000E4FEC13F042
:103CA800BF0E4FEC13F0000E4FEC13F0040E4FEC68
:103CB80013F0000E4FEC13F0000E4FEC13F0000E53
:103CC8004FEC13F0000E4FEC13F0000E4FEC13F016
:103CD800000E4FEC13F0000E4FEC13F0000E4FECFB
:103CE80013F0000E4FEC13F0000E4FEC13F0000E23
:103CF8004FEC13F0000E4FEC13F0000E4FEC13F0E6
:103D0800040E4FEC13F0000E4FEC13F0BF0E4FEC07
:103D180013F0000E4FEC13F0040E4FEC13F0000EEE
:103D28004FEC13F0010E4FEC13F0000E4FEC13F0B4
:103D3800370E4FEC13F0000E4FEC13F0010E4FEC62
:103D480013F0000E4FEC13F0000E4FEC13F0000EC2
:103D58004FEC13F0050E4FEC13F0000E4FEC13F080
:103D6800000E4FEC13F0000E4FEC13F0050E4FEC65
:103D780013F0000E4FEC13F0EC0E4FEC13F0000EA6
:103D88004FEC13F0050E4FEC13F0000E4FEC13F050
:103D9800000E4FEC13F0000E4FEC13F0050E4FEC35
:103DA80013F0000E4FEC13F0000E4FEC13F0000E62
:103DB8004FEC13F0D70E49EC13F0010E4FEC13F053
:103DC800000E4FEC13F0370E4FEC13F0000E4FECD3
:103DD80013F0010E4FEC13F0000E4FEC13F0040E2D
:103DE8004FEC13F0000E4FEC13F0BF0E4FEC13F036
:103DF800000E4FEC13F0040E4FEC13F0000E4FECD6
:103E080013F0000E4FEC13F0000E4FEC13F0000E01
:103E18004FEC13F0000E4FEC13F0000E4FEC13F0C4
:103E2800000E4FEC13F0000E4FEC13F0000E4FECA9
:103E380013F0000E4FEC13F0000E4FEC13F0000ED1
:103E48004FEC13F0000E4FEC13F0040E4FEC13F090
:103E5800000E4FEC13F0BF0E4FEC13F0000E4FECBA
:103E680013F0040E4FEC13F0000E4FEC13F0010E9C
:103E78004FEC13F0000E4FEC13F0370E4FEC13F02D
:103E8800000E4FEC13F0010E4FEC13F0000E4FEC48
:103E980013F0000E4FEC13F0000E4FEC13F0050E6C
:103EA8004FEC13F0000E4FEC13F0000E4FEC13F034
:103EB800000E4FEC13F0050E4FEC13F0000E4FEC14
:103EC80013F0EC0E4FEC13F0000E4FEC13F0050E50
:103ED8004FEC13F0000E4FEC13F0000E4FEC13F004
:103EE800000E4FEC13F0050E4FEC13F0000E4FECE4
:103EF80013F0000E4FEC13F0000E4FEC13F0D80E39
:103F080049EC13F0010E4FEC13F0000E4FEC13F0D8
:103F1800370E4FEC13F0000E4FEC13F0010E4FEC80
:103F280013F0000E4FEC13F0040E4FEC13F0000EDC
:103F38004FEC13F0BF0E4FEC13F0000E4FEC13F0E4
:103F4800040E4FEC13F0000E4FEC13F0000E4FEC84
:103F580013F0000E4FEC13F0000E4FEC13F0000EB0
:103F68004FEC13F0000E4FEC13F0000E4FEC13F073
:103F7800000E4FEC13F0000E4FEC13F0000E4FEC58
:103F880013F0000E4FEC13F0000E4FEC13F0000E80
:103F98004FEC13F0040E4FEC13F0000E4FEC13F03F
:103FA800BF0E4FEC13F0000E4FEC13F0040E4FEC65
:103FB80013F0000E4FEC13F0010E4FEC13F0000E4F
:103FC8004FEC13F0370E4FEC13F0000E4FEC13F0DC
:103FD800010E4FEC13F0000E4FEC13F0000E4FECF7
:103FE80013F0000E4FEC13F0050E4FEC13F0000E1B
:103FF8004FEC13F0000E4FEC13F0000E4FEC13F0E3
:10400800050E4FEC13F0000E4FEC13F0EC0E4FECD6
:1040180013F0000E4FEC13F0050E4FEC13F0000EEA
:104028004FEC13F0000E4FEC13F0000E4FEC13F0B2
:10403800050E4FEC13F0000E4FEC13F0000E4FEC92
:1040480013F0000E4FEC13F0DE0E49EC13F0000EE7
:104058004FEC13F0000E4FEC13F0000E4FEC13F082
:10406800DF0E49EC13F0FF0E4FEC13F0FF0E4FEC90
:1040780013F0FF0E4FEC13F0FF0E4FEC13F0FF0E92
:104088004FEC13F0FF0E4FEC13F0080E4FEC13F04B
:10409800080E4FEC13F0080E4FEC13F0080E4FEC1F
:1040A80013F0080E4FEC13F0080E4FEC13F0080E47
:1040B8004FEC13F0080E4FEC13F0080E4FEC13F012
:1040C800080E4FEC13F0000E4FEC13F0060E4FECF9
:1040D80013F0550E4FEC13F0500E4FEC13F0FF0E8B
:1040E8004FEC13F0FF0E4FEC13F0080E4FEC13F0EB
:1040F800080E4FEC13F0080E4FEC13F0EE0E49ECDF
:1041080013F0400E4FEC13F0000E4FEC13F0000EBE
:104118004FEC13F0000E4FEC13F0000E4FEC13F0C1
:10412800000E4FEC13F0000E4FEC13F0000E4FECA6
:1041380013F0010E4FEC13F0010E4FEC13F0000ECC
:104148004FEC13F0000E4FEC13F0000E4FEC13F091
:10415800000E4FEC13F0000E4FEC13F0000E4FEC76
:1041680013F0000E4FEC13F0000E4FEC13F0000E9E
:104178004FEC13F0000E4FEC13F0000E4FEC13F061
:10418800000E4FEC13F0000E4FEC13F0000E4FEC46
:1041980013F0000E4FEC13F0000E4FEC13F0000E6E
:1041A8004FEC13F0000E4FEC13F0000E4FEC13F031
:1041B800000E4FEC13F0000E4FEC13F0000E4FEC16
:1041C80013F0000E4FEC13F0000E4FEC13F0000E3E
:1041D8004FEC13F0000E4FEC13F0000E4FEC13F001
:1041E800000E4FEC13F0000E4FEC13F0000E4FECE6
:1041F80013F0000E4FEC13F0000E4FEC13F0000E0E
:104208004FEC13F0000E4FEC13F0F00E49EC13F0E6
:10421800750E4FEC13F02A0E4FEC13F0700E4FECA6
:1042280013F0700E4FEC13F0700E4FEC13F0580EA5
:104238004FEC13F02F0E4FEC13F01C0E4FEC13F055
:104248001C0E4FEC13F08A0E4FEC13F08A0E4FEC55
:1042580013F0100E4FEC13F0100E4FEC13F0750E18
:104268004FEC13F02A0E4FEC13F0700E4FEC13F0D6
:10427800700E4FEC13F0700E4FEC13F0580E4FEC1D
:1042880013F0250E4FEC13F01C0E4FEC13F01C0E20
:104298004FEC13F08A0E4FEC13F08A0E4FEC13F02C
:1042A800100E4FEC13F0100E4FEC13F0F10E49EC1A
:1042B80013F0110E4FEC13F06E0E4FEC13F0490E85
:1042C8004FEC13F0D00E4FEC13F0950E4FEC13F0AB
:1042D800150E4FEC13F0A50E4FEC13F0550E4FECE6
:1042E80013F00E0E4FEC13F0100E4FEC13F0C60E39
:1042F8004FEC13F0F20E49EC13F0750E4FEC13F07F
:104308002A0E4FEC13F0080E4FEC13F0700E4FEC22
:1043180013F0700E4FEC13F0580E4FEC13F02F0EF5
:104328004FEC13F0030E4FEC13F01A0E4FEC13F092
:104338008A0E4FEC13F08A0E4FEC13F0100E4FEC70
:1043480013F00B0E4FEC13F0F30E49EC13F0110EB3
:104358004FEC13F0600E4FEC13F0410E4FEC13F0DE
:10436800100E4FEC13F0950E4FEC13F0150E4FECAA
:1043780013F0A50E4FEC13F0550E4FEC13F00E0E84
:104388004FEC13F0100E4FEC13F0F40E49EC13F051
:104398000B0E4FEC13F0000E4FEC13F0000E4FEC29
:1043A80013F0750E4FEC13F02A0E4FEC13F0780E45
:1043B8004FEC13F0F00E4FEC13F0F00E4FEC13F03F
:1043C800410E4FEC13F0330E4FEC13F0100E4FEC80
:1043D80013F0950E4FEC13F0150E4FEC13F0A50EDD
:1043E8004FEC13F0550E4FEC13F0100E4FEC13F08A
:1043F8000E0E4FEC13F00E0E4FEC13F0F50E49ECC9
:1044080013F03F0E4FEC13F0530E4FEC13F0010E68
:104418004FEC13F0110E4FEC13F0190E4FEC13F094
:104428000A0E4FEC13F0290E4FEC13F0010E4FEC6F
:1044380013F0030E4FEC13F0050E4FEC13F0070EBC
:104448004FEC13F0090E4FEC13F00B0E4FEC13F07A
:104458000D0E4FEC13F00F0E4FEC13F0110E4FEC46
:1044680013F0000E4FEC13F0010E4FEC13F0010E99
:104478004FEC13F03F0E4FEC13F0530E4FEC13F0CC
:10448800310E4FEC13F0110E4FEC13F0190E4FECE8
:1044980013F00A0E4FEC13F0290E4FEC13F0010E37
:1044A8004FEC13F0030E4FEC13F0050E4FEC13F026
:1044B800070E4FEC13F0090E4FEC13F00B0E4FECF8
:1044C80013F00D0E4FEC13F00F0E4FEC13F0110E0E
:1044D8004FEC13F0010E4FEC13F0100E4FEC13F0ED
:1044E800100E4FEC13F0F60E49EC13F0000E4FECE3
:1044F80013F0000E4FEC13F0000E4FEC13F0000E0B
:104508004FEC13F0010E4FEC13F0010E4FEC13F0CB
:10451800020E4FEC13F0020E4FEC13F0020E4FECAC
:1045280013F0030E4FEC13F0040E4FEC13F0040ECF
:104538004FEC13F0070E4FEC13F0070E4FEC13F08F
:10454800080E4FEC13F0080E4FEC13F0080E4FEC6A
:1045580013F0020E4FEC13F0020E4FEC13F0040EA2
:104568004FEC13F0040E4FEC13F00B0E4FEC13F05E
:104578000B0E4FEC13F00B0E4FEC13F00B0E4FEC31
:1045880013F04B0E4FEC13F04B0E4FEC13F00B0ED9
:104598004FEC13F00C0E4FEC13F00C0E4FEC13F025
:1045A8000D0E4FEC13F00E0E4FEC13F0100E4FECF7
:1045B80013F0030E4FEC13F0040E4FEC13F0420E01
:1045C8004FEC13F0020E4FEC13F0110E4FEC13F0FA
:1045D800000E4FEC13F0F70E49EC13F0550E4FECAC
:1045E80013F0550E4FEC13F0550E4FEC13F0550E1B
:1045F8004FEC13F0440E4FEC13F0340E4FEC13F065
:10460800230E4FEC13F0220E4FEC13F0410E4FEC3B
:1046180013F0340E4FEC13F0130E4FEC13F0110E91
:104628004FEC13F0110E4FEC13F0110E4FEC13F08A
:10463800000E4FEC13F0000E4FEC13F0050E4FEC8C
:1046480013F0000E4FEC13F0000E4FEC13F0020EB7
:104658004FEC13F0000E4FEC13F0040E4FEC13F078
:10466800010E4FEC13F0020E4FEC13F0F80E49EC6C
:1046780013F0550E4FEC13F0550E4FEC13F0550E8A
:104688004FEC13F0550E4FEC13F0440E4FEC13F0B3
:10469800340E4FEC13F0230E4FEC13F0220E4FECB8
:1046A80013F0410E4FEC13F0340E4FEC13F0130ED1
:1046B8004FEC13F0110E4FEC13F0110E4FEC13F0FA
:1046C800110E4FEC13F0000E4FEC13F0000E4FECF0
:1046D80013F0050E4FEC13F0000E4FEC13F0000E24
:1046E8004FEC13F0000E4FEC13F0000E4FEC13F0EC
:1046F800000E4FEC13F0000E4FEC13F0000E4FECD1
:1047080013F0FE0E49EC13F0000E4FEC13F0010EFF
:104718004FEC13F0020E4FEC13F0030E4FEC13F0B6
:104728008E0E49EC13F0000E4FEC13F0000E4FEC18
:1047380013F0000E4FEC13F0000E4FEC13F0000EC8
:104748004FEC13F0000E4FEC13F0000E4FEC13F08B
:10475800000E4FEC13F0000E4FEC13F0000E4FEC70
:1047680013F0000E4FEC13F0000E4FEC13F0000E98
:104778004FEC13F0000E4FEC13F0000E4FEC13F05B
:10478800000E4FEC13F0000E4FEC13F0000E4FEC40
:1047980013F0000E4FEC13F0000E4FEC13F08F0ED9
:1047A80049EC13F0000E4FEC13F0000E4FEC13F031
:1047B800000E4FEC13F0000E4FEC13F0000E4FEC10
:1047C80013F0000E4FEC13F0000E4FEC13F0000E38
:1047D8004FEC13F0000E4FEC13F0000E4FEC13F0FB
:1047E800000E4FEC13F0000E4FEC13F0000E4FECE0
:1047F80013F0000E4FEC13F0000E4FEC13F0000E08
:104808004FEC13F0000E4FEC13F0000E4FEC13F0CA
:10481800000E4FEC13F0000E4FEC13F0000E4FECAF
:1048280013F0000E4FEC13F0000E4FEC13F0000ED7
:104838004FEC13F0000E4FEC13F0000E4FEC13F09A
:10484800000E4FEC13F0000E4FEC13F0000E4FEC7F
:1048580013F0000E4FEC13F0000E4FEC13F0000EA7
:104868004FEC13F0000E4FEC13F0900E49EC13F0E0
:10487800000E4FEC13F0000E4FEC13F0000E4FEC4F
:1048880013F0000E4FEC13F0000E4FEC13F0000E77
:104898004FEC13F0910E49EC13F0000E4FEC13F0AF
:1048A800000E4FEC13F0000E4FEC13F0000E4FEC1F
:1048B80013F0000E4FEC13F0000E4FEC13F0000E47
:1048C8004FEC13F0000E4FEC13F0000E4FEC13F00A
:1048D800000E4FEC13F0000E4FEC13F0000E4FECEF
:1048E80013F0000E4FEC13F0000E4FEC13F0000E17
:1048F8004FEC13F0000E4FEC13F0000E4FEC13F0DA
:10490800000E4FEC13F0000E4FEC13F0000E4FECBE
:1049180013F0920E49EC13F0000E4FEC13F0000E5A
:104928004FEC13F0000E4FEC13F0000E4FEC13F0A9
:10493800000E4FEC13F0000E4FEC13F0000E4FEC8E
:1049480013F0000E4FEC13F0000E4FEC13F0000EB6
:104958004FEC13F0000E4FEC13F0000E4FEC13F079
:10496800000E4FEC13F0000E4FEC13F0000E4FEC5E
:1049780013F0000E4FEC13F0000E4FEC13F0000E86
:104988004FEC13F0000E4FEC13F0000E4FEC13F049
:10499800930E49EC13F0000E4FEC13F0000E4FECA1
:1049A80013F0000E4FEC13F0000E4FEC13F0000E56
:1049B8004FEC13F0000E4FEC13F0000E4FEC13F019
:1049C800000E4FEC13F0000E4FEC13F0000E4FECFE
:1049D80013F0000E4FEC13F0000E4FEC13F0000E26
:1049E8004FEC13F0000E4FEC13F0000E4FEC13F0E9
:1049F800000E4FEC13F0000E4FEC13F0000E4FECCE
:104A080013F0000E4FEC13F0000E4FEC13F0940E61
:104A180049EC13F0000E4FEC13F0000E4FEC13F0BE
:104A2800000E4FEC13F0000E4FEC13F0000E4FEC9D
:104A380013F0000E4FEC13F0000E4FEC13F0000EC5
:104A48004FEC13F0000E4FEC13F0000E4FEC13F088
:104A5800000E4FEC13F0000E4FEC13F0000E4FEC6D
:104A680013F0000E4FEC13F0000E4FEC13F0000E95
:104A78004FEC13F0000E4FEC13F0000E4FEC13F058
:104A8800000E4FEC13F0000E4FEC13F0950E49ECAE
:104A980013F0000E4FEC13F0000E4FEC13F0000E65
:104AA8004FEC13F0000E4FEC13F0000E4FEC13F028
:104AB800000E4FEC13F0000E4FEC13F0000E4FEC0D
:104AC80013F0000E4FEC13F0000E4FEC13F0000E35
:104AD8004FEC13F0000E4FEC13F0000E4FEC13F0F8
:104AE800000E4FEC13F0000E4FEC13F0000E4FECDD
:104AF80013F0000E4FEC13F0960E49EC13F0000E75
:104B08004FEC13F0000E4FEC13F0000E4FEC13F0C7
:104B1800000E4FEC13F0000E4FEC13F0000E4FECAC
:104B280013F0000E4FEC13F0000E4FEC13F0000ED4
:104B38004FEC13F0000E4FEC13F0000E4FEC13F097
:104B4800000E4FEC13F0000E4FEC13F0000E4FEC7C
:104B580013F0000E4FEC13F0000E4FEC13F0000EA4
:104B68004FEC13F0970E49EC13F0000E4FEC13F0D6
:104B7800000E4FEC13F0000E4FEC13F0000E4FEC4C
:104B880013F0000E4FEC13F0000E4FEC13F0000E74
:104B98004FEC13F0000E4FEC13F0000E4FEC13F037
:104BA800000E4FEC13F0000E4FEC13F0000E4FEC1C
:104BB80013F0000E4FEC13F0000E4FEC13F0000E44
:104BC8004FEC13F0000E4FEC13F0000E4FEC13F007
:104BD800980E49EC13F0000E4FEC13F0000E4FEC5A
:104BE80013F0000E4FEC13F0000E4FEC13F0000E14
:104BF8004FEC13F0000E4FEC13F0000E4FEC13F0D7
:104C0800000E4FEC13F0000E4FEC13F0000E4FECBB
:104C180013F0000E4FEC13F0000E4FEC13F0000EE3
:104C28004FEC13F0000E4FEC13F0000E4FEC13F0A6
:104C3800000E4FEC13F0000E4FEC13F0990E49ECF8
:104C480013F0000E4FEC13F0000E4FEC13F0000EB3
:104C58004FEC13F0000E4FEC13F0000E4FEC13F076
:104C6800000E4FEC13F0000E4FEC13F0000E4FEC5B
:104C780013F0000E4FEC13F0000E4FEC13F0000E83
:104C88004FEC13F0000E4FEC13F0000E4FEC13F046
:104C9800000E4FEC13F0000E4FEC13F0000E4FEC2B
:104CA80013F0000E4FEC13F09A0E49EC13F0000EBF
:104CB8004FEC13F0000E4FEC13F0000E4FEC13F016
:104CC800000E4FEC13F0000E4FEC13F0000E4FECFB
:104CD80013F0000E4FEC13F0000E4FEC13F0000E23
:104CE8004FEC13F0000E4FEC13F0000E4FEC13F0E6
:104CF800000E4FEC13F0000E4FEC13F0000E4FECCB
:104D080013F0000E4FEC13F0000E4FEC13F0000EF2
:104D18004FEC13F09C0E49EC13F0000E4FEC13F01F
:104D2800000E4FEC13F0000E4FEC13F0000E4FEC9A
:104D380013F0000E4FEC13F0000E4FEC13F0000EC2
:104D48004FEC13F0000E4FEC13F0000E4FEC13F085
:104D5800000E4FEC13F0000E4FEC13F0000E4FEC6A
:104D680013F0000E4FEC13F0000E4FEC13F0000E92
:104D78004FEC13F0000E4FEC13F0000E4FEC13F055
:104D8800000E4FEC13F0000E4FEC13F0000E4FEC3A
:104D980013F0000E4FEC13F0000E4FEC13F0000E62
:104DA8004FEC13F0000E4FEC13F0000E4FEC13F025
:104DB800000E4FEC13F0000E4FEC13F0000E4FEC0A
:104DC80013F0000E4FEC13F0000E4FEC13F0000E32
:104DD8004FEC13F0000E4FEC13F0000E4FEC13F0F5
:104DE800000E4FEC13F0000E4FEC13F0000E4FECDA
:104DF80013F0000E4FEC13F0000E4FEC13F0000E02
:104E08004FEC13F0000E4FEC13F0000E4FEC13F0C4
:104E1800000E4FEC13F0000E4FEC13F0000E4FECA9
:104E280013F0000E4FEC13F0000E4FEC13F0000ED1
:104E38004FEC13F0000E4FEC13F0000E4FEC13F094
:104E4800000E4FEC13F0000E4FEC13F0000E4FEC79
:104E580013F0000E4FEC13F0000E4FEC13F0000EA1
:104E68004FEC13F0000E4FEC13F0000E4FEC13F064
:104E7800000E4FEC13F0000E4FEC13F0000E4FEC49
:104E880013F0000E4FEC13F0000E4FEC13F0000E71
:104E98004FEC13F0000E4FEC13F0000E4FEC13F034
:104EA800000E4FEC13F0000E4FEC13F0000E4FEC19
:104EB80013F0000E4FEC13F0000E4FEC13F0000E41
:104EC8004FEC13F0000E4FEC13F0000E4FEC13F004
:104ED800000E4FEC13F0000E4FEC13F0000E4FECE9
:104EE80013F0000E4FEC13F0000E4FEC13F0000E11
:104EF8004FEC13F0000E4FEC13F0000E4FEC13F0D4
:104F0800000E4FEC13F0000E4FEC13F0000E4FECB8
:104F180013F0000E4FEC13F0000E4FEC13F0000EE0
:104F28004FEC13F0000E4FEC13F0000E4FEC13F0A3
:104F3800000E4FEC13F0000E4FEC13F0000E4FEC88
:104F480013F0000E4FEC13F0000E4FEC13F0000EB0
:104F58004FEC13F0000E4FEC13F09D0E49EC13F0DC
:104F6800000E4FEC13F0000E4FEC13F0000E4FEC58
:104F780013F0000E4FEC13F0000E4FEC13F0000E80
:104F88004FEC13F0000E4FEC13F0000E4FEC13F043
:104F9800000E4FEC13F0000E4FEC13F0000E4FEC28
:104FA80013F0000E4FEC13F0000E4FEC13F0000E50
:104FB8004FEC13F0000E4FEC13F0000E4FEC13F013
:104FC800000E4FEC13F0000E4FEC13F0000E4FECF8
:104FD80013F0000E4FEC13F0000E4FEC13F0000E20
:104FE8004FEC13F0000E4FEC13F0000E4FEC13F0E3
:104FF800000E4FEC13F0000E4FEC13F0000E4FECC8
:1050080013F0000E4FEC13F0000E4FEC13F0000EEF
:105018004FEC13F0000E4FEC13F0000E4FEC13F0B2
:10502800000E4FEC13F0000E4FEC13F0000E4FEC97
:1050380013F0000E4FEC13F0000E4FEC13F0000EBF
:105048004FEC13F0000E4FEC13F0000E4FEC13F082
:10505800000E4FEC13F0000E4FEC13F0000E4FEC67
:1050680013F0000E4FEC13F0000E4FEC13F0000E8F
:105078004FEC13F0000E4FEC13F0000E4FEC13F052
:10508800000E4FEC13F0000E4FEC13F0000E4FEC37
:1050980013F0000E4FEC13F0000E4FEC13F0000E5F
:1050A8004FEC13F0000E4FEC13F0000E4FEC13F022
:1050B800000E4FEC13F0000E4FEC13F0000E4FEC07
:1050C80013F0000E4FEC13F0000E4FEC13F0000E2F
:1050D8004FEC13F0000E4FEC13F0000E4FEC13F0F2
:1050E800000E4FEC13F0000E4FEC13F0000E4FECD7
:1050F80013F0000E4FEC13F0000E4FEC13F0000EFF
:105108004FEC13F0000E4FEC13F0000E4FEC13F0C1
:10511800000E4FEC13F0000E4FEC13F0000E4FECA6
:1051280013F0000E4FEC13F0000E4FEC13F0000ECE
:105138004FEC13F0000E4FEC13F0000E4FEC13F091
:10514800000E4FEC13F0000E4FEC13F0000E4FEC76
:1051580013F0000E4FEC13F0000E4FEC13F0000E9E
:105168004FEC13F0000E4FEC13F0000E4FEC13F061
:10517800000E4FEC13F0000E4FEC13F0000E4FEC46
:1051880013F0000E4FEC13F0000E4FEC13F0000E6E
:105198004FEC13F0000E4FEC13F0000E4FEC13F031
:1051A800000E4FEC13F0000E4FEC13F0000E4FEC16
:1051B80013F0000E4FEC13F0000E4FEC13F0000E3E
:1051C8004FEC13F0000E4FEC13F0000E4FEC13F001
:1051D800000E4FEC13F0000E4FEC13F0000E4FECE6
:1051E80013F0000E4FEC13F0000E4FEC13F0000E0E
:1051F8004FEC13F0000E4FEC13F0000E4FEC13F0D1
:10520800000E4FEC13F0000E4FEC13F0000E4FECB5
:1052180013F0000E4FEC13F0000E4FEC13F0000EDD
:105228004FEC13F0000E4FEC13F0000E4FEC13F0A0
:10523800000E4FEC13F0000E4FEC13F0000E4FEC85
:1052480013F0000E4FEC13F0000E4FEC13F0000EAD
:105258004FEC13F0000E4FEC13F0000E4FEC13F070
:10526800B60E49EC13F0000E4FEC13F0020E4FECA3
:1052780013F0020E4FEC13F0020E4FEC13F0020E77
:105288004FEC13F0020E4FEC13F0020E4FEC13F03C
:10529800000E4FEC13F00F0E4FEC13F00F0E4FEC07
:1052A80013F00F0E4FEC13F00F0E4FEC13F00F0E20
:1052B8004FEC13F00F0E4FEC13F0B90E49EC13F04E
:1052C800000E4FEC13F0000E4FEC13F0000E4FECF5
:1052D80013F0000E4FEC13F0000E4FEC13F0000E1D
:1052E8004FEC13F0000E4FEC13F0000E4FEC13F0E0
:1052F800000E4FEC13F0000E4FEC13F0000E4FECC5
:1053080013F0000E4FEC13F0000E4FEC13F0000EEC
:105318004FEC13F0000E4FEC13F0000E4FEC13F0AF
:10532800000E4FEC13F0000E4FEC13F0000E4FEC94
:1053380013F0000E4FEC13F0000E4FEC13F0000EBC
:105348004FEC13F0000E4FEC13F0000E4FEC13F07F
:10535800000E4FEC13F0000E4FEC13F0000E4FEC64
:1053680013F0000E4FEC13F0000E4FEC13F0000E8C
:105378004FEC13F0000E4FEC13F0000E4FEC13F04F
:10538800000E4FEC13F0000E4FEC13F0000E4FEC34
:1053980013F0000E4FEC13F0000E4FEC13F0000E5C
:1053A8004FEC13F0000E4FEC13F0000E4FEC13F01F
:1053B800000E4FEC13F0000E4FEC13F0000E4FEC04
:1053C80013F0000E4FEC13F0000E4FEC13F0000E2C
:1053D8004FEC13F0000E4FEC13F0000E4FEC13F0EF
:1053E800000E4FEC13F0000E4FEC13F0000E4FECD4
:1053F80013F0000E4FEC13F0000E4FEC13F0000EFC
:105408004FEC13F0000E4FEC13F0000E4FEC13F0BE
:10541800000E4FEC13F0000E4FEC13F0000E4FECA3
:1054280013F0000E4FEC13F0000E4FEC13F0000ECB
:105438004FEC13F0000E4FEC13F0000E4FEC13F08E
:10544800000E4FEC13F0000E4FEC13F0000E4FEC73
:1054580013F0000E4FEC13F0000E4FEC13F0000E9B
:105468004FEC13F0000E4FEC13F0000E4FEC13F05E
:10547800000E4FEC13F0000E4FEC13F0000E4FEC43
:1054880013F0000E4FEC13F0000E4FEC13F0000E6B
:105498004FEC13F0000E4FEC13F0000E4FEC13F02E
:1054A800000E4FEC13F0000E4FEC13F0000E4FEC13
:1054B80013F0000E4FEC13F0000E4FEC13F0000E3B
:1054C8004FEC13F0000E4FEC13F0000E4FEC13F0FE
:1054D800000E4FEC13F0000E4FEC13F0000E4FECE3
:1054E80013F0000E4FEC13F0000E4FEC13F0000E0B
:1054F8004FEC13F0000E4FEC13F0000E4FEC13F0CE
:10550800000E4FEC13F0BC0E49EC13F0000E4FECFC
:1055180013F0010E4FEC13F0230E4FEC13F0450E71
:105528004FEC13F0670E4FEC13F0010E4FEC13F035
:10553800230E4FEC13F0450E4FEC13F0670E4FECB3
:1055480013F0000E4FEC13F0000E4FEC13F0000EAA
:105558004FEC13F0000E4FEC13F0000E4FEC13F06D
:10556800000E4FEC13F0000E4FEC13F0BF0E49EC99
:1055780013F0000E4FEC13F0000E4FEC13F0000E7A
:105588004FEC13F0000E4FEC13F0000E4FEC13F03D
:10559800000E4FEC13F0000E4FEC13F0000E4FEC22
:1055A80013F0000E4FEC13F0000E4FEC13F0000E4A
:1055B8004FEC13F0000E4FEC13F0000E4FEC13F00D
:1055C800000E4FEC13F0000E4FEC13F0000E4FECF2
:1055D80013F0000E4FEC13F0000E4FEC13F0000E1A
:1055E8004FEC13F0000E4FEC13F0000E4FEC13F0DD
:1055F800000E4FEC13F0000E4FEC13F0000E4FECC2
:1056080013F0000E4FEC13F0000E4FEC13F0000EE9
:105618004FEC13F0000E4FEC13F0000E4FEC13F0AC
:10562800000E4FEC13F0C80E49EC13F0000E4FECCF
:1056380013F0000E4FEC13F0000E4FEC13F0CF0EEA
:1056480049EC13F0010E4FEC13F0DD0E49EC13F0AA
:10565800000E4FEC13F0000E4FEC13F0000E4FEC61
:1056680013F0000E4FEC13F0000E4FEC13F0000E89
:105678004FEC13F0000E4FEC13F0000E4FEC13F04C
:10568800E50E49EC13F0000E4FEC13F0000E4FEC52
:1056980013F0000E4FEC13F0000E4FEC13F0000E59
:1056A8004FEC13F0000E4FEC13F0E60E49EC13F03C
:1056B8008C0E4FEC13F0000E4FEC13F0000E4FEC75
:1056C80013F0E80E49EC13F0000E4FEC13F0EF0E58
:1056D80049EC13F0000E4FEC13F0110E4FEC13F0E1
:1056E800320E4FEC13F0FF0E4FEC13F0010E4FEC9F
:1056F80013F0320E4FEC13F0FF0E4FEC13F0010EC7
:105708004FEC13F0FB0E49EC13F0100E4FEC13F0B6
:10571800050E4FEC13F0010E4FEC13F0000E4FEC9A
:1057280013F0050E4FEC13F0000E4FEC13F0FC0EC7
:1057380049EC13F0000E4FEC13F0000E4FEC13F091
:10574800000E4FEC13F000011200486F410A74E09C
:10575800030A78E0010A7DE0070AD8B481D0010A7B
:10576800D8B485D0030AD8B489D0010AD8B48DD06A
:105778000F0AD8B491D0010AD8B496D0030AD8B485
:105788009BD0010AD8B4A0D0070AD8B4A5D0010A82
:10579800D8B4AAD0030AD8B4AFD0010AD8B4B4D0C8
:1057A8001F0AD8B4B9D0010AD8B4BED0030AD8B4F5
:1057B800C3D0010AD8B4C8D0070AD8B4CDD0010ADA
:1057C800D8B4D2D0030AD8B4D7D0010AD8B4DCD020
:1057D8000F0AD8B4E1D0010AD8B4E6D0030AD8B485
:1057E800EBD0770AD8B4F0D00D0AD8B4F5D0100AA7
:1057F800D8B4FAD0010AD8B4FFD0030AD8B404D177
:10580800010AD8B409D1070AD8B40ED1010AD8B40C
:1058180013D1030AD8B418D1010AD8B41DD10F0A7C
:10582800D8B422D1010AD8B427D1170AD8B42CD1B8
:10583800140AD8B431D137D10001846B856B140EAA
:10584800866F31D12E0E0001846F856B100E866F26
:105858002AD1530E0001846F856B140E866F23D1F5
:10586800810E0001846F856B140E866F1CD1AF0EFC
:105878000001846F856B100E866F15D1D40E000160
:10588800846F856B100E866F0ED1F90E0001846F40
:10589800856B140E866F07D1270E0001846F010EE9
:1058A800856F100E866FFFD04C0E0001846F010EBD
:1058B800856F080E866FF7D05F0E0001846F010EAA
:1058C800856F100E866FEFD0840E0001846F010E75
:1058D800856F140E866FE7D0B20E0001846F010E3B
:1058E800856F100E866FDFD0D70E0001846F010E12
:1058F800856F140E866FD7D0050E0001846F020ED7
:10590800856F100E866FCFD02A0E0001846F020EAD
:10591800856F140E866FC7D0580E0001846F020E73
:10592800856F100E866FBFD07D0E0001846F020E4A
:10593800856F140E866FB7D0B00E0001846F020E0B
:10594800856F100E866FAFD0D50E0001846F020EE2
:10595800856F100E866FA7D0FA0E0001846F020EB5
:10596800856F100E866F9FD01F0E0001846F030E87
:10597800856F100E866F97D0440E0001846F030E5A
:10598800856F140E866F8FD0720E0001846F030E20
:10599800856F200E866F87D0BB0E0001846F030EC3
:1059A800856F140E866F7FD0E90E0001846F030E99
:1059B800856F140E866F77D0170E0001846F040E62
:1059C800856F100E866F6FD03C0E0001846F040E39
:1059D800856F080E866F67D0D50E0001846F100E94
:1059E800856F080E866F5FD04F0E0001846F040E1E
:1059F800856F100E866F57D0740E0001846F040EE9
:105A0800856F100E866F4FD0990E0001846F040EBB
:105A1800856F100E866F47D0BE0E0001846F040E8E
:105A2800856F100E866F3FD0E30E0001846F040E61
:105A3800856F100E866F37D0080E0001846F050E33
:105A4800856F100E866F2FD02D0E0001846F050E06
:105A5800856F100E866F27D0520E0001846F050ED9
:105A6800856F100E866F1FD0770E0001846F050EAC
:105A7800856F100E866F17D09C0E0001846F050E7F
:105A8800856F100E866F0FD0C10E0001846F050E52
:105A9800856F080E866F07D0D40E0001846F050E3F
:105AA800856F080E866F02011200486F300A13E0F6
:105AB800010A19E0030A1FE0010A25E0070A2BE0A2
:105AC800010A31E0030A37E0010A3DE00F0A43E02A
:105AD800010A49E04FD0E70E0001846F050E856F7B
:105AE800280E866F47D0BA0E0001846F060E856FA8
:105AF800280E866F3FD08D0E0001846F070E856FCC
:105B0800280E866F37D0600E0001846F080E856FEF
:105B1800280E866F2FD0330E0001846F090E856F13
:105B2800280E866F27D0060E0001846F0A0E856F37
:105B3800280E866F1FD0D90E0001846F0A0E856F5C
:105B4800280E866F17D0AC0E0001846F0B0E856F80
:105B5800280E866F0FD07F0E0001846F0C0E856FA4
:105B6800280E866F07D0520E0001846F0D0E856FC8
:105B7800280E866F02011200436B446B456B466B1F
:105B8800466B3E5146611DD047A10AD046513C257F
:105B9800486F000E3D21496FCAEC5BF086DF09D0E3
:105BA80046513C25486F000E3D21496FCAEC5BF019
:105BB800CCDD0001865102014327040E4327462B02
:105BC800E0D7040E435F790E436112004351780811
:105BD800446FD8904433030E4415456F455301E094
:105BE8004427466B3E51466151D047A124D04651C7
:105BF8003C25486F000E3D21496FCAEC5BF055DF2C
:105C080044C248F2496B3BC24AF24B6B86C04CF225
:105C18004D6B2A0E4E6F4F6B84C050F285C051F207
:105C28003FC252F240C253F241C254F242C255F24C
:105C3800B2EC13F023D046513C25486F000E3D21AD
:105C4800496FCAEC5BF081DD44C248F2496B3BC244
:105C58004AF24B6B86C04CF24D6B120E4E6F4F6B77
:105C680084C050F285C051F23FC252F240C253F292
:105C780041C254F242C255F2B2EC13F0000186510F
:105C880002014427040E4427462BACD71200020118
:105C9800296F1C0E2A6F0001BC5103E0010A1BE0AA
:105CA80032D02AC248F20201496B29C24AF24B6B30
:105CB800400E4C6F4D6B200E4E6F4F6B250E506F84
:105CC800130E516FE00E526F070E536F546B556BE6
:105CD800B2EC13F018D02AC248F20201496B29C26B
:105CE8004AF24B6B400E4C6F4D6B200E4E6F4F6B54
:105CF800260E506F140E516FE00E526F5369546B9D
:105D0800556BB2EC13F0020112002AC23BF22BC20F
:105D18003CF23C0E57EC0AF03BC22CF22AC23BF292
:105D28002BC23CF23C0E99EC0AF02D6F2CC23BF2D0
:105D38003C6B0A0E57EC0AF03BC22EF22CC23BF227
:105D48003C6B0A0E99EC0AF02F6F2DC23BF23C6BAC
:105D58000A0E57EC0AF03BC230F22DC23BF23C6B04
:105D68000A0E99EC0AF0316F300E2E25326F300E84
:105D78002F25336F3A0E346F300E3025356F300EC5
:105D88003125366F29C23BF2320E3C6F020E3D6F51
:105D9800050E3E6F47913F694069416B426BECD6F7
:105DA800296F8FC03BF290C03CF291C03DF2E80EE3
:105DB8003E6F030E3F6F80EC0AF03BC22AF23CC2F2
:105DC8002BF28FC03BF290C03CF291C03DF2E80E3E
:105DD8003E6F030E3F6FABEC0AF040C22CF241C29B
:105DE8002DF22AC23BF22BC23CF2640E57EC0AF0A9
:105DF8003BC22EF22AC23BF22BC23CF2640E99EC53
:105E08000AF02F6F2FC23BF23C6B0A0E57EC0AF0D8
:105E18003BC230F22FC23BF23C6B0A0E99EC0AF0FF
:105E2800316F2CC23BF22DC23CF2640E57EC0AF0E3
:105E38003BC232F22CC23BF22DC23CF2640E99EC0A
:105E48000AF0336F33C23BF23C6B0A0E57EC0AF090
:105E58003BC234F233C23BF23C6B0A0E99EC0AF0B7
:105E6800356F300E3025366F300E3125376F300ED6
:105E78003225386F300E3425396F300E35253A6F9C
:105E880029C23BF2360E3C6F020E3D6F050E3E6F87
:105E980047913F694069416B426B6ED62AC23BF21B
:105EA8003C6B0A0E57EC0AF03BC22DF22AC23BF2B9
:105EB8003C6B0A0E99EC0AF02E6F2DC23BF23C6B3C
:105EC8000A0E57EC0AF03BC22FF22DC23BF23C6B94
:105ED8000A0E99EC0AF0306F2F5304E0300E2F258C
:105EE800316F02D0300E316F300E3025326F2E0EEA
:105EF800336F300E2E25346F29C23BF2310E3C6FC2
:105F0800020E3D6F040E3E6F47912BC23FF22CC22A
:105F180040F2416B426B30D67FCF3BF202013C6BC3
:105F28000A0E57EC0AF03BC27FFF7FCF3BF23C6B77
:105F38000A0E99EC0AF07F6E7FCF3BF23C6B0A0E9B
:105F480057EC0AF03BC27FFF7FCF3BF23C6B0A0E57
:105F580099EC0AF07F6E300E7F247F6E300E7F241E
:105F68007F6E300E7F247F6E7FCF3BF27F0E3C6FBB
:105F78000F0E3D6F030E3E6F47917FCF3FF27FCFED
:105F880040F2416B426BF8D51A0E2C25306F2D511B
:105F9800010A13E0030A32E0020A50E0030A6FE044
:105FA800060AD8B48DD0030AD8B4ABD0020AD8B444
:105FB800C9D0030AD8B4E7D006D12CC23BF2040EEC
:105FC8003C6F800E3D6F040E3E6F47912EC23FF22C
:105FD8002FC240F2416B426BCFDD30C23BF28A0EDA
:105FE8003C6F800E3D6F040E3E6F47912EC23FF20C
:105FF8002FC240F2416B426BBFDDE5D02CC23BF2B1
:106008003C6B800E3D6F030E3E6F47912EC23FF2F0
:106018002FC240F2416B426BAFDD30C23BF2040E3F
:106028003C6F800E3D6F040E3E6F47912EC23FF2CB
:106038002FC240F2416B426B9FDDC5D02CC23BF2B0
:10604800090E3C6F800E3D6F030E3E6F47912EC2C6
:106058003FF22FC240F2416B426B8EDD30C23BF201
:106068006A0E3C6F800E3D6F040E3E6F47912EC244
:106078003FF22FC240F2416B426B7EDDA4D02CC2AE
:106088003BF20D0E3C6F800E3D6F040E3E6F479144
:106098002EC23FF22FC240F2416B426B6DDD30C21F
:1060A8003BF26A0E3C6F800E3D6F040E3E6F4791C7
:1060B8002EC23FF22FC240F2416B426B5DDD83D0AE
:1060C8002CC23BF28A0E3C6F800E3D6F040E3E6F71
:1060D80047912EC23FF22FC240F2416B426B4CDD1A
:1060E80030C23BF2120E3C6F800E3D6F040E3E6FC5
:1060F80047912EC23FF22FC240F2416B426B3CDD0A
:1061080062D02CC23BF2490E3C6F800E3D6F050EEB
:106118003E6F47912EC23FF22FC240F2416B426B55
:106128002BDD30C23BF26A0E3C6F800E3D6F040ED1
:106138003E6F47912EC23FF22FC240F2416B426B35
:106148001BDD41D02CC23BF2170E3C6F800E3D6F19
:10615800040E3E6F47912EC23FF22FC240F2416BB0
:10616800426B0ADD30C23BF28A0E3C6F800E3D6FF7
:10617800040E3E6F47912EC23FF22FC240F2416B90
:10618800426BFADC20D02CC23BF29A0E3C6F800E98
:106198003D6F030E3E6F47912EC23FF22FC240F271
:1061A800416B426BE9DC30C23BF21C0E3C6F800E47
:1061B8003D6F040E3E6F47912EC23FF22FC240F250
:1061C800416B426BD9DC12002B6F080E2C6F2CC26E
:1061D8002DF22E6B29C22FF2306B680E316F326BA5
:1061E800190E336F346B356B366B70EC13F02A5124
:1061F8000BE0010A21E0030A38E0010A4EE0070A31
:1062080065E0010A7CE093D02CC248F2496B29C2B0
:106218004AF24B6B680E4C6F4D6B2BC24EF24F6BB4
:10622800D00E506F170E516F526BF80E536F546BA0
:10623800556BB2EC13F07BD02CC248F2496B29C2E3
:106248004AF24B6B680E4C6F4D6B2BC24EF24F6B84
:10625800410E506F1A0E516F200E526FFD0E536F84
:10626800546B556BB2EC13F062D02CC248F2496BF8
:1062780029C24AF24B6B680E4C6F4D6B2BC24EF223
:106288004F6BB20E506F1C0E516FE00E526F536978
:10629800546B556BB2EC13F04AD02CC248F2496BE0
:1062A80029C24AF24B6B680E4C6F4D6B2BC24EF2F3
:1062B8004F6B230E506F1F0E516FE00E526F070E7B
:1062C800536F546B556BB2EC13F031D02CC248F2BB
:1062D800496B29C24AF24B6B680E4C6F4D6B2BC24F
:1062E8004EF24F6B940E506F210E516FE00E526FAD
:1062F800070E536F546B556BB2EC13F018D02CC2C9
:1063080048F2496B29C24AF24B6B680E4C6F4D6BD1
:106318002BC24EF24F6B050E506F240E516FE00EDC
:10632800526F070E536F546B556BB2EC13F012009B
:10633800286B285107E0010AD8B492D0030AD8B4D0
:106348008FD08ED0380E49EC13F02D6B2E6B2F6B3F
:10635800306B780E316F326BF00E336F346B356BF8
:10636800366B70EC13F000016CAB3CD01C0E0201D4
:10637800486F496B2F0E4A6F4B6B400E4C6F4D6B3D
:10638800550E4E6F4F6B270E506F150E516F290E1D
:10639800526FA50E536F546B556BB2EC13F0950EFC
:1063A8003B6F210E3C6F800E3D6F040E3E6F479190
:1063B800290E3F6FA50E406F416B426BC0EC2DF06C
:1063C800AF0E3B6FF20E3C6F800E3D6F020E3E6FBC
:1063D8004791290E3F6FA50E406F416B426BC0EC91
:1063E8002DF03BD00C0E0201486F496B2E0E4A6F00
:1063F8004B6B600E4C6F4D6B570E4E6F4F6B100E04
:10640800506F0F0E516F290E526FA50E536F546BBC
:10641800556BB2EC13F0950E3B6F2B0E3C6F800E54
:106428003D6F030E3E6F4791290E3F6FA50E406FDB
:10643800416B426BC0EC2DF0AF0E3B6FF20E3C6F20
:10644800800E3D6F020E3E6F4791290E3F6FA50EDD
:10645800406F416B426BC0EC2DF0390E49EC13F0E4
:1064680012000A0E02017803F3CF28F27951282787
:106478002D6B2E6B2F6B306B780E316F326BF00EED
:10648800336F346B356B366B70EC13F00001BC6BFB
:106498000B0E4BEC2EF08B532EE03D0E3B6FAC0EEB
:1064A8003C6F800E3D6F040E3E6F4791290E3F6F83
:1064B800A50E406F416B426BC0EC2DF0590E296F51
:1064C8009AC22AF29BC22BF220DC7A0E2C6F77C27A
:1064D8002DF2290E2E6FA50E2F6F56DD774D07D0A2
:1064E800AE0E296F28C22AF22B692C69D7DCAEECD4
:1064F8003FF0020156D0895329E03D0E3B6F5B0EF9
:106508003C6F800E3D6F050E3E6F4791290E3F6F21
:10651800A50E406F416B426BC0EC2DF0590E40DC6C
:106528007A0E2C6F77C22DF2290E2E6FA50E2F6FC3
:106538002BDD774D07D0AE0E296F28C22AF22B69C2
:106548002C69ACDCAEEC3FF002012BD0080E486F92
:10655800496B3D0E4A6F4B6B680E4C6F4D6B120EBC
:106568004E6F4F6B250E506F0E0E516F5269536967
:10657800546B556BB2EC13F0620E2C6F77C22DF290
:10658800290E2E6FA50E2F6FFFDC774D07D09C0EBE
:10659800296F28C22AF22B692C6980DCAEEC3FF007
:1065A8000201120002012D6B2E6B2F6B306B780EDF
:1065B800316F326BF00E336F346B356B366B70ECBA
:1065C80013F0080E3B6F260E3C6F800E3D6F040ED5
:1065D8003E6F4791290E3F6FA50E406F416B426B8E
:1065E800C0EC2DF0080E486F496B200E4A6F4B6BBC
:1065F800680E4C6F4D6B040E4E6F4F6B760E506FDE
:10660800260E516F290E526FA50E536F546B556BA2
:10661800B2EF13F02D6B2E6B2F6B306B780E316F42
:10662800326BF00E336F346B356B366B70EC13F0E6
:10663800080E2D6FD1C02EF2290E2F6FA50E306FC8
:10664800AED8080E486F496B3A0E4A6F4B6B680E0E
:106658004C6F4D6B040E4E6F4F6B760E506F260EBF
:10666800516F290E526FA50E536F546B556BB2EFD5
:1066780013F02D6B2E6B2F6B306B780E316F326BE6
:10668800F00E336F346B356B366B70EC13F00C0E09
:10669800486F496B2E0E4A6F4B6B600E4C6F4D6BFB
:1066A800570E4E6F4F6B100E506F0F0E516F290E15
:1066B800526FA50E536F546B556BB2EC13F0950ED9
:1066C8003B6F2B0E3C6F800E3D6F030E3E6F479164
:1066D800290E3F6FA50E406F416B426BC0EC2DF049
:1066E800AF0E3B6FEE0E3C6F800E3D6F030E3E6F9C
:1066F8004791290E3F6FA50E406F416B426BC0EF6B
:106708002DF002012D6F2E6B2D5107E0010A08E0D4
:10671800030A09E0010A0AE00BD0300E2E6F08D0F8
:10672800620E2E6F05D0940E2E6F02D0C60E2E6FFD
:106738002E5112003A6F3B6B3A510BE0010A0CE004
:10674800030A0DE0010A0EE0070A0FE0010A10E053
:1067580011D0480E3B6F0ED0620E3B6F0BD07C0EF3
:106768003B6F08D0960E3B6F05D0B00E3B6F02D042
:10677800CA0E3B6F3B5112002D6F2E6B2D5105E059
:10678800010A06E0030A07E008D0480E2E6F05D07C
:106798007A0E2E6F02D0AC0E2E6F2E511200180EEC
:1067A8002D25316F2E513FE0010A60E0030AD8B46D
:1067B80080D0010AD8B4A0D0070AD8B4C0D0010A42
:1067C800D8B4E0D0030AD8B400D1010AD8B420D193
:1067D8000F0AD8B440D1010AD8B460D1030AD8B49A
:1067E80080D1010AD8B4A0D1070AD8B4C0D1010A0F
:1067F800D8B4E0D1030AD8B400D2010AD8B420D260
:106808001F0AD8B440D2010AD8B460D2030AD8B457
:1068180080D2010AD8B4A0D2070AD8B4C0D2010ADB
:10682800D8B4E0D201D32DC23BF22F0E3C6F800EBC
:106838003D6F040E3E6F47912FC23FF230C240F2C7
:10684800416B426BC0EC2DF031C23BF26A0E3C6FDB
:10685800800E3D6F040E3E6F47912FC23FF230C24B
:1068680040F2416B426BC0EC2DF0DED22DC23BF200
:10687800340E3C6F800E3D6F050E3E6F47912FC260
:106888003FF230C240F2416B426BC0EC2DF031C296
:106898003BF29A0E3C6F800E3D6F030E3E6F4791A0
:1068A8002FC23FF230C240F2416B426BC0EC2DF078
:1068B800BBD22DC23BF2100E3C6F810E3D6F030E12
:1068C8003E6F47912FC23FF230C240F2416B426B9C
:1068D800C0EC2DF031C23BF23A0E3C6F800E3D6F9A
:1068E800050E3E6F47912FC23FF230C240F2416B16
:1068F800426BC0EC2DF098D22DC23BF2100E3C6FCB
:10690800810E3D6F030E3E6F47912FC23FF230C29A
:1069180040F2416B426BC0EC2DF031C23BF2400EAD
:106928003C6F800E3D6F040E3E6F47912FC23FF2C1
:1069380030C240F2416B426BC0EC2DF075D22DC2D3
:106948003BF2450E3C6F800E3D6F030E3E6F479144
:106958002FC23FF230C240F2416B426BC0EC2DF0C7
:1069680031C23BF2100E3C6F810E3D6F030E3E6F3D
:1069780047912FC23FF230C240F2416B426BC0ECEC
:106988002DF052D22DC23BF2490E3C6F800E3D6F66
:10699800050E3E6F47912FC23FF230C240F2416B65
:1069A800426BC0EC2DF031C23BF24F0E3C6F800EB3
:1069B8003D6F050E3E6F47912FC23FF230C240F245
:1069C800416B426BC0EC2DF02FD22DC23BF25B0E17
:1069D8003C6F800E3D6F050E3E6F47912FC23FF210
:1069E80030C240F2416B426BC0EC2DF031C23BF239
:1069F800550E3C6F800E3D6F050E3E6F47912FC2BE
:106A08003FF230C240F2416B426BC0EC2DF00CD229
:106A18002DC23BF25B0E3C6F800E3D6F050E3E6F44
:106A280047912FC23FF230C240F2416B426BC0EC3B
:106A38002DF031C23BF2610E3C6F800E3D6F040EAB
:106A48003E6F47912FC23FF230C240F2416B426B1A
:106A5800C0EC2DF0E9D12DC23BF2660E3C6F800EE2
:106A68003D6F030E3E6F47912FC23FF230C240F296
:106A7800416B426BC0EC2DF031C23BF26A0E3C6FA9
:106A8800800E3D6F040E3E6F47912FC23FF230C219
:106A980040F2416B426BC0EC2DF0C6D12DC23BF2E7
:106AA8006F0E3C6F800E3D6F040E3E6F47912FC2F4
:106AB8003FF230C240F2416B426BC0EC2DF031C264
:106AC8003BF2740E3C6F800E3D6F030E3E6F479194
:106AD8002FC23FF230C240F2416B426BC0EC2DF046
:106AE800A3D12DC23BF2780E3C6F800E3D6F050E90
:106AF8003E6F47912FC23FF230C240F2416B426B6A
:106B0800C0EC2DF031C23BF27E0E3C6F800E3D6F23
:106B1800030E3E6F47912FC23FF230C240F2416BE5
:106B2800426BC0EC2DF080D12DC23BF2820E3C6F3F
:106B3800800E3D6F040E3E6F47912FC23FF230C268
:106B480040F2416B426BC0EC2DF031C23BF2870E34
:106B58003C6F800E3D6F020E3E6F47912FC23FF291
:106B680030C240F2416B426BC0EC2DF05DD12DC2BA
:106B78003BF28A0E3C6F800E3D6F040E3E6F4791CC
:106B88002FC23FF230C240F2416B426BC0EC2DF095
:106B980031C23BF2940E3C6F800E3D6F050E3E6F86
:106BA80047912FC23FF230C240F2416B426BC0ECBA
:106BB8002DF03AD12DC23BF28F0E3C6F800E3D6F07
:106BC800040E3E6F47912FC23FF230C240F2416B34
:106BD800426BC0EC2DF031C23BF2940E3C6F800E3C
:106BE8003D6F050E3E6F47912FC23FF230C240F213
:106BF800416B426BC0EC2DF017D12DC23BF29E0EBB
:106C08003C6F800E3D6F040E3E6F47912FC23FF2DE
:106C180030C240F2416B426BC0EC2DF031C23BF206
:106C28009A0E3C6F800E3D6F030E3E6F47912FC248
:106C38003FF230C240F2416B426BC0EC2DF0F4D011
:106C48002DC23BF29E0E3C6F800E3D6F040E3E6FD0
:106C580047912FC23FF230C240F2416B426BC0EC09
:106C68002DF031C23BF2A80E3C6F800E3D6F030E33
:106C78003E6F47912FC23FF230C240F2416B426BE8
:106C8800C0EC2DF0D1D02DC23BF2A30E3C6F800E8C
:106C98003D6F040E3E6F47912FC23FF230C240F263
:106CA800416B426BC0EC2DF031C23BF2B10E3C6F30
:106CB800800E3D6F030E3E6F47912FC23FF230C2E8
:106CC80040F2416B426BC0EC2DF0AED02DC23BF2CE
:106CD800AC0E3C6F800E3D6F040E3E6F47912FC285
:106CE8003FF230C240F2416B426BC0EC2DF031C232
:106CF8003BF2A80E3C6F800E3D6F030E3E6F47912E
:106D08002FC23FF230C240F2416B426BC0EC2DF013
:106D18008BD02DC23BF2AC0E3C6F800E3D6F040E43
:106D28003E6F47912FC23FF230C240F2416B426B37
:106D3800C0EC2DF031C23BF2B10E3C6F800E3D6FBE
:106D4800030E3E6F47912FC23FF230C240F2416BB3
:106D5800426BC0EC2DF068D02DC23BF2B50E3C6FF3
:106D6800800E3D6F040E3E6F47912FC23FF230C236
:106D780040F2416B426BC0EC2DF031C23BF2BA0ECF
:106D88003C6F800E3D6F030E3E6F47912FC23FF25E
:106D980030C240F2416B426BC0EC2DF045D02DC2A1
:106DA8003BF2BE0E3C6F800E3D6F030E3E6F479167
:106DB8002FC23FF230C240F2416B426BC0EC2DF063
:106DC80031C23BF2C20E3C6F800E3D6F050E3E6F26
:106DD80047912FC23FF230C240F2416B426BC0EC88
:106DE8002DF022D02DC23BF2C80E3C6F800E3D6FB5
:106DF800030E3E6F47912FC23FF230C240F2416B03
:106E0800426BC0EC2DF031C23BF2CC0E3C6F800ED1
:106E18003D6F050E3E6F47912FC23FF230C240F2E0
:106E2800416B426BC0EC2DF012002D6B2E6B300EB7
:106E38002F6F306B780E316F326BC00E336F346B3F
:106E4800356B366B70EC13F02B6B040E2B612BD06B
:106E5800290E296FA50E2A6F2B6705D02CA103D008
:106E68002969070E2A6F150E286110D02B5149DCAD
:106E78002D6F28C22EF229C22FF22AC230F28FDCDF
:106E880028510BEC43F00201286F0BD02B5139DC51
:106E98002D6F28C22EF229C22FF22AC230F27FDCCF
:106EA80002D02B2BD2D700011200D6EC32F0D5C07D
:106EB80028F22C91BADFD65124DC2D6FD1C02EF2E6
:106EC8002F69070E306F6BD4286F28C23BF23C6BDA
:106ED800030E99EC0AF0296F290E2A6FA50E2B6F65
:106EE800296718D02A69070E2B6F000E45DC2C6F16
:106EF8002D6B2E6B2CC22FF2306B780E316F326BEC
:106F08002C51F008336F000E346B3457356B366BE9
:106F180070EC13F0285107E0010A05E0030A03E0CA
:106F2800010A22E02CD0000E27DC2C6F2D6B2AC220
:106F38002EF22BC22FF2C8EC2FF0010E1DDC2C6FA5
:106F4800010E2D6F290E2E6FA50E2F6FC8EC2FF096
:106F5800020E12DC2C6F020E2D6F290E2E6FA50E5D
:106F68002F6FC8EC2FF00BD0000E06DC2C6F030E31
:106F78002D6F2AC22EF22BC22FF2C8EC2FF0295304
:106F880017E02905C0EC33F02C6F28052D6F290E6A
:106F98002E6FA50E2F6FC8EC2FF02951C0EC33F0DF
:106FA8002C6F28C22DF22E69070E2F6FC8EF2FF015
:106FB80012007F5007E0010A17E0030A26E0010AE1
:106FC80036E046D07FCF3BF2EE0E3C6F800E3D6F31
:106FD800030E3E6F47917FCF3FF27FCF40F2416B68
:106FE800426BC0EC2DF034D07FCF3BF23C69800E71
:106FF8003D6F030E3E6F47917FCF3FF27FCF40F248
:10700800416B426BC0EC2DF023D07FCF3BF2030ED7
:107018003C6F810E3D6F030E3E6F47917FCF3FF26D
:107028007FCF40F2416B426BC0EC2DF011D07FCF87
:107038003BF2070E3C6F810E3D6F040E3E6F479189
:107048007FCF3FF27FCF40F2416B426BC0EC2DF017
:1070580012007F6E030E7F147F6E290E7F6EA50EC1
:107068007F6E7F50020119E17F68070E7F6E000E68
:107078009EEC33F07F6E2D6B2E6B7FCF2FF2306B33
:10708800780E316F326B7F50F008336F000E346B1F
:107098003457356B366B70EC13F0000E9EEC33F002
:1070A8007F6E7F6A7FCF7FFF7FCF7FFF82DF010EFA
:1070B8009EEC33F07F6E010E7F6E290E7F6EA50E5B
:1070C8007F6E77DF020E9EEC33F07F6E020E7F6ECE
:1070D800290E7F6EA50E7F6E6CDF030E9EEC33F0DB
:1070E8007F6E030E7F6E290E7F6EA50E7F6E61DFA9
:1070F8007F5015E07F049EEC33F07F6E7F047F6E37
:10710800290E7F6EA50E7F6E54DF7F509EEC33F004
:107118007F6E7FCF7FFF7F68070E7F6E4AD7120092
:107128007F5005E0010A15E0030A24E034D07FCF40
:107138003BF2EE0E3C6F800E3D6F030E3E6F4791A3
:107148007FCF3FF27FCF40F2416B426BC0EC2DF016
:1071580022D07FCF3BF23C69800E3D6F030E3E6F1D
:1071680047917FCF3FF27FCF40F2416B426BC0EC3B
:107178002DF011D07FCF3BF2070E3C6F810E3D6F93
:10718800040E3E6F47917FCF3FF27FCF40F2416BB5
:10719800426BC0EC2DF012007F6E7FCF3BF20201F4
:1071A8003C6B030E99EC0AF07F6E290E7F6EA50EDC
:1071B8007F6E7F5019E17F68070E7F6E000E9EEC90
:1071C80033F07F6E2D6B2E6B7FCF2FF2306B780EE6
:1071D800316F326B7F50F008336F000E346B3457C9
:1071E800356B366B70EC13F0000E9EEC33F07F6E4F
:1071F8007F6A7FCF7FFF7FCF7FFF92DF010E9EECFC
:1072080033F07F6E010E7F6E290E7F6EA50E7F6EA6
:1072180087DF020E9EEC33F07F6E020E7F6E290E22
:107228007F6EA50E7F6E7CDF7F5015E07F049EEC9D
:1072380033F07F6E7F047F6E290E7F6EA50E7F6E02
:107248006FDF7F509EEC33F07F6E7FCF7FFF7F68CC
:10725800070E7F6E65D712007F5003E0010A12E027
:1072680022D07FCF3BF23C69800E3D6F030E3E6F0C
:1072780047917FCF3FF27FCF40F2416B426BC0EC2A
:107288002DF011D07FCF3BF2EE0E3C6F800E3D6F9C
:10729800030E3E6F47917FCF3FF27FCF40F2416BA5
:1072A800426BC0EC2DF012007F6E010E7F147F6ED2
:1072B800290E7F6EA50E7F6E7F50020119E17F684F
:1072C800070E7F6E000E9EEC33F07F6E2D6B2E6BDB
:1072D8007FCF2FF2306B780E316F326B7F50F00812
:1072E800336F000E346B3457356B366B70EC13F01C
:1072F800000E9EEC33F07F6E7F6A7FCF7FFF7FCFDB
:107308007FFFAADF010E9EEC33F07F6E010E7F6EC9
:10731800290E7F6EA50E7F6E9FDF7F5015E07F04DC
:107328009EEC33F07F6E7F047F6E290E7F6EA50E74
:107338007F6E92DF7F509EEC33F07F6E7FCF7FFFB2
:107348007F68070E7F6E88D712007F5003E0010A1E
:1073580012E022D07FCF3BF23C69800E3D6F030ED6
:107368003E6F47917FCF3FF27FCF40F2416B426B38
:10737800C0EC2DF011D07FCF3BF2070E3C6F810E91
:107388003D6F040E3E6F47917FCF3FF27FCF40F2B3
:10739800416B426BC0EC2DF012007F6E010E7F1422
:1073A8007F6E290E7F6EA50E7F6E7F50020119E158
:1073B8007F68070E7F6E000E9EEC33F07F6E2D6B9C
:1073C8002E6B7FCF2FF2306B780E316F326B7F5080
:1073D800F008336F000E346B3457356B366B70EC36
:1073E80013F0000E9EEC33F07F6E7F6A7FCF7FFF35
:1073F8007FCF7FFFAADF010E9EEC33F07F6E010E78
:107408007F6E290E7F6EA50E7F6E9FDF7F5015E081
:107418007F049EEC33F07F6E7F047F6E290E7F6EB3
:10742800A50E7F6E92DF7F509EEC33F07F6E7FCF8C
:107438007FFF7F68070E7F6E88D712002E5105E008
:10744800010A15E0030A25E035D02DC23BF2D20E21
:107458003C6F800E3D6F050E3E6F47912FC23FF285
:1074680030C240F2416B426BC0EC2DF023D02DC2EC
:107478003BF2D80E3C6F800E3D6F050E3E6F479174
:107488002FC23FF230C240F2416B426BC0EC2DF08C
:1074980011D02DC23BF2DE0E3C6F800E3D6F050E03
:1074A8003E6F47912FC23FF230C240F2416B426BB0
:1074B800C0EC2DF01200296F290E2A6FA50E2B6F34
:1074C8002C6B2851640A05E00A0A0FE0010A26E03D
:1074D8004CD02C6B000E9EEC33F02D6F2E6B2AC215
:1074E8002FF22BC230F2AADF40D0010E29152C6FE3
:1074F800000E9EEC33F02D6F2E6B2AC22FF22BC29A
:1075080030F29CDF010E9EEC33F02D6F010E2E6FD2
:10751800290E2F6FA50E306F91DF27D029C23BF2BD
:107528003C6B030E99EC0AF02C6F000E9EEC33F0C6
:107538002D6F2E6B2AC22FF22BC230F27FDF010E85
:107548009EEC33F02D6F010E2E6F290E2F6FA50EB6
:10755800306F74DF020E9EEC33F02D6F020E2E6F2B
:10756800290E2F6FA50E306F69DF2C5316E02C05FE
:107578009EEC33F02D6F29052E6F290E2F6FA50E67
:10758800306F5CDF2C519EEC33F02D6F29C22EF248
:107598002F69070E306F52DF0AD02C519EEC33F062
:1075A8002D6F29C22EF22F69070E306F47D71200B0
:1075B8007F5003E0010A13E023D07FCF3BF2E40EB3
:1075C8003C6F800E3D6F030E3E6F47917FCF3FF2B9
:1075D8007FCF40F2416B426BC0EC2DF011D07FCFD2
:1075E8003BF2E80E3C6F800E3D6F050E3E6F4791F3
:1075F8007FCF3FF27FCF40F2416B426BC0EC2DF062
:1076080012007F6E010E7F147F6E290E7F6EA50E0D
:107618007F6E7F50020119E17F68070E7F6E000EB2
:107628009EEC33F07F6E2D6B2E6B7FCF2FF2306B7D
:10763800780E316F326B7F50F008336F000E346B69
:107648003457356B366B70EC13F0000E9EEC33F04C
:107658007F6E7F6A7FCF7FFF7FCF7FFFA9DF010E1D
:107668009EEC33F07F6E010E7F6E290E7F6EA50EA5
:107678007F6E9EDF7F5015E07F049EEC33F07F6EB7
:107688007F047F6E290E7F6EA50E7F6E91DF7F507F
:107698009EEC33F07F6E7FCF7FFF7F68070E7F6E93
:1076A80087D712002D5103E0010A13E023D02CC222
:1076B8003BF2EE0E3C6F800E3D6F030E3E6F47911E
:1076C8002EC23FF22FC240F2416B426BC0EC2DF04C
:1076D80011D02CC23BF2F20E3C6F800E3D6F020EB1
:1076E8003E6F47912EC23FF22FC240F2416B426B70
:1076F800C0EC2DF01200286F010E2815296F290EF5
:107708002A6FA50E2B6F296719D02A69070E2B6FD0
:10771800000E9EEC33F02C6F2D6B2E6B2CC22FF2CB
:10772800306B780E316F326B2C51F008336F000ECE
:10773800346B3457356B366B70EC13F0000E9EECDF
:1077480033F02C6F2D6B2AC22EF22BC22FF2AADF38
:10775800010E9EEC33F02C6F010E2D6F290E2E6F4B
:10776800A50E2F6F9FDF295315E029059EEC33F0F6
:107778002C6F28052D6F290E2E6FA50E2F6F92DF07
:1077880029519EEC33F02C6F28C22DF22E69070E7A
:107798002F6F88D712002D5103E0010A13E023D080
:1077A8002CC23BF2F50E3C6F800E3D6F040E3E6F0F
:1077B80047912EC23FF22FC240F2416B426BC0ECA0
:1077C8002DF011D02CC23BF2FA0E3C6F800E3D6FAB
:1077D800040E3E6F47912EC23FF22FC240F2416B1A
:1077E800426BC0EC2DF01200286F010E2815296F8E
:1077F800290E2A6FA50E2B6F296719D02A69070E43
:107808002B6F000E9EEC33F02C6F2D6B2E6B2CC261
:107818002FF2306B780E316F326B2C51F008336FCA
:10782800000E346B3457356B366B70EC13F0000E6A
:107838009EEC33F02C6F2D6B2AC22EF22BC22FF246
:10784800AADF010E9EEC33F02C6F010E2D6F290E6E
:107858002E6FA50E2F6F9FDF295315E029059EEC8B
:1078680033F02C6F28052D6F290E2E6FA50E2F6F64
:1078780092DF29519EEC33F02C6F28C22DF22E692D
:10788800070E2F6F88D7120029C23BF23C6B0A0EF5
:1078980057EC0AF03BC22CF229C23BF23C6B0A0EB1
:1078A80099EC0AF02D6F300E2C252E6F300E2D25F9
:1078B8002F6F28C23BF22E0E3C6F020E3D6F3E6FBB
:1078C80047812AC23FF22BC240F2416B426BC0EFA4
:1078D8002DF028C23BF229C23CF22AC23DF2E80E42
:1078E8003E6F030E3F6F80EC0AF03BC22DF23CC2A4
:1078F8002EF228C23BF229C23CF22AC23DF2E80E1F
:107908003E6F030E3F6FABEC0AF040C22FF241C24C
:1079180030F22DC23BF22EC23CF2640E57EC0AF054
:107928003BC231F22DC23BF22EC23CF2640E99ECFE
:107938000AF0326F32C23BF23C6B0A0E57EC0AF087
:107948003BC233F232C23BF23C6B0A0E99EC0AF0AE
:10795800346F2FC23BF230C23CF2640E57EC0AF08F
:107968003BC235F22FC23BF230C23CF2640E99ECB6
:107978000AF0366F36C23BF23C6B0A0E57EC0AF03F
:107988003BC237F236C23BF23C6B0A0E99EC0AF066
:10799800386F300E3125396F000E9EEC33F03B6F97
:1079A800390E3C6F020E3D6F010E3E6F47912BC2A0
:1079B8003FF22CC240F2416B426BC0EC2DF0300E0E
:1079C8003325396F010E9EEC33F03B6F390E3C6F57
:1079D800020E3D6F010E3E6F47912BC23FF22CC243
:1079E80040F2416B426BC0EC2DF0300E3425396FFC
:1079F800020E9EEC33F03B6F390E3C6F020E3D6F6A
:107A0800010E3E6F47912BC23FF22CC240F2416BF0
:107A1800426BC0EC2DF0300E3525396F030E9EEC0D
:107A280033F03B6F390E3C6F020E3D6F010E3E6F17
:107A380047912BC23FF22CC240F2416B426BC0EC23
:107A48002DF0300E3725396F040E9EEC33F03B6F66
:107A5800390E3C6F020E3D6F010E3E6F47912BC2EF
:107A68003FF22CC240F2416B426BC0EC2DF0300E5D
:107A78003825396F050E9EEC33F03B6F390E3C6F9D
:107A8800020E3D6F010E3E6F47912BC23FF22CC292
:107A980040F2416B426BC0EF2DF0D1513FE0010A3B
:107AA80042E0030AD8B40AD1010AD8B423D1070A9C
:107AB800D8B43CD1010AD8B455D1030AD8B45DD1A1
:107AC800010AD8B465D10F0AD8B46DD1010AD8B467
:107AD8006ED1030AD8B46FD1010AD8B473D1070A9A
:107AE800D8B48CD1010AD8B48DD1030AD8B4A6D1A0
:107AF800010AD8B4BFD11F0AD8B4DAD1010AD8B460
:107B0800DBD1030AD8B4F4D1010AD8B4F5D1070AF5
:107B1800D8B405D2010AD8B40FD211D202017751D4
:107B280068EC37F00CD2700E0201286F7BC229F284
:107B38006B0E2A6FCE0E2B6FA7DEAA0E3B6F140EAC
:107B48003C6F810E3D6F020E3E6F47916B0E3F6F8B
:107B5800CE0E406F416B426BC0EC2DF07B51100A8A
:107B68000AE0010A29E0030A47E0060A65E0020A7A
:107B7800D8B483D0E4D1C20E3B6F0C0E3C6F810E9B
:107B88003D6F030E3E6F47913F6B406B416B426BFD
:107B9800C0EC2DF0C20E3B6F1B0E3C6F810E3D6F8B
:107BA800030E3E6F47916B0E3F6FCE0E406F416BD9
:107BB800426BC0EC2DF0C3D1C20E3B6F1B0E3C6F65
:107BC800810E3D6F030E3E6F47913F6B406B416BDB
:107BD800426BC0EC2DF0C20E3B6F3C69800E3D6FCE
:107BE800030E3E6F47916B0E3F6FCE0E406F416B99
:107BF800426BC0EC2DF0A3D1C20E3B6F3C69800EE6
:107C08003D6F030E3E6F47913F6B406B416B426B7C
:107C1800C0EC2DF0C20E3B6F030E3C6F810E3D6F22
:107C2800030E3E6F47916B0E3F6FCE0E406F416B58
:107C3800426BC0EC2DF083D1C20E3B6F030E3C6F3C
:107C4800810E3D6F030E3E6F47913F6B406B416B5A
:107C5800426BC0EC2DF0C20E3B6F070E3C6F810EDD
:107C68003D6F040E3E6F47916B0E3F6FCE0E406F17
:107C7800416B426BC0EC2DF062D1C20E3B6F070E18
:107C88003C6F810E3D6F040E3E6F47913F6B406B1A
:107C9800416B426BC0EC2DF0C20E3B6F0C0E3C6F7B
:107CA800810E3D6F030E3E6F47916B0E3F6FCE0EF8
:107CB800406F416B426BC0EC2DF041D1700E020158
:107CC800286F78C229F26B0E2A6FCE0E2B6FDCDD7F
:107CD800AA0E3B6F100E3C6F810E3D6F030E3E6F78
:107CE80047916B0E3F6FCE0E406F416B426BC0ECFD
:107CF8002DF025D1700E0201286F79C229F26B0E82
:107D08002A6FCE0E2B6FC0DDAA0E3B6F100E3C6F94
:107D1800810E3D6F030E3E6F47916B0E3F6FCE0E87
:107D2800406F416B426BC0EC2DF009D1700E02011F
:107D3800286F7AC229F26B0E2A6FCE0E2B6FA4DD44
:107D4800AA0E3B6F100E3C6F810E3D6F030E3E6F07
:107D580047916B0E3F6FCE0E406F416B426BC0EC8C
:107D68002DF0EDD0800E0201286F8EC229F26B0E25
:107D78002A6FCE0E2B6F88DDE2D0800E0201286FAD
:107D88008FC229F26B0E2A6FCE0E2B6F7DDDD7D0F6
:107D9800800E0201286F90C229F26B0E2A6FCE0E58
:107DA8002B6F72DDCCD002018C51A5DCC8D002014A
:107DB8007C51A1DCC4D091C228F2020181515FEC50
:107DC8003AF0BDD0700E0201286F83C229F26B0E03
:107DD8002A6FCE0E2B6F58DDAA0E3B6F140E3C6F28
:107DE800810E3D6F020E3E6F47916B0E3F6FCE0EB8
:107DF800406F416B426BC0EC2DF0A1D00201855160
:107E08007ADC9DD0700E0201286F86C229F26B0EB3
:107E18002A6FCE0E2B6F38DDAA0E3B6F140E3C6F07
:107E2800810E3D6F020E3E6F47916B0E3F6FCE0E77
:107E3800406F416B426BC0EC2DF081D0700E020197
:107E4800286F87C229F26B0E2A6FCE0E2B6F1CDDAE
:107E5800AA0E3B6F140E3C6F810E3D6F020E3E6FF3
:107E680047916B0E3F6FCE0E406F416B426BC0EC7B
:107E78002DF065D0700E0201286F140E8803F3CF21
:107E880029F26B0E2A6FCE0E2B6FFEDCAA0E3B6F0B
:107E9800170E3C6F810E3D6F030E3E6F47916B0EC0
:107EA8003F6FCE0E406F416B426BC0EC2DF047D058
:107EB8000201895120DC43D0700E0201286F8AC26A
:107EC80029F26B0E2A6FCE0E2B6FDEDCAA0E3B6FEB
:107ED8001B0E3C6F810E3D6F030E3E6F47916B0E7C
:107EE8003F6FCE0E406F416B426BC0EC2DF027D038
:107EF80002018B5100DC23D0800E02013B6F1F0E64
:107F08003C6F810E3D6F040E3E6F47916B0E3F6FC5
:107F1800CE0E406F416B426BC0EC2DF010D09CC26E
:107F280028F29DC229F29EC22AF26B0E02012B6F23
:107F3800CE0E2C6FCEDC03D00201A85155DC020115
:107F4800120035EC32F0000112000B0E4BEC2EF053
:107F58000001120002018B6702D0895308E0D50E98
:107F6800296F65C02AF2190EE8EC30F007D0BE0E72
:107F7800296F65C02AF2300EE8EC30F000011200DB
:107F88008B5308E0590E296F9AC22AF29BC22BF232
:107F980089EF2EF01200895305E08B6703D0590E44
:107FA800D4EF2EF012000A0E7803F3CF73F2795152
:107FB80073279C0E746F8B6702D0895302E0AE0E54
:107FC800746F000189518A110BE074C229F289C0CB
:107FD8002AF202012B69070E2C6F52EC2FF00BD0FE
:107FE8000201774D08D074C229F273C22AF22B69B4
:107FF8002C6952EF2FF01200D6670CD0D1C028F2AE
:1080080002012C8119EC37F0D1C0D2F0D1C0D5F0E3
:10801800020118D0D75185EC33F02D6FD2C02EF263
:10802800290E2F6FA50E306FD3EC33F00001D65117
:1080380085EC33F02D6FD1C02EF22F69070E306F0B
:10804800D3EC33F00001120081A302D07ADF8193D0
:1080580081A902D07ADF819981A502D07BDF819541
:1080680081AB04D002019FDF0001819B81AD04D068
:10807800020186DF0001819D81AF04D002018BDF00
:108088000001819F82A102D0B7DF82911200956B17
:10809800966B976B986B1200952B000E9623D00E5B
:1080A800955D070E965907E3956B966B970E02013F
:1080B800286FC2EF0AF01200100E97630BD00E0E55
:1080C800986308D07BEC10F0360E5FEC10F00001DE
:1080D80071EC10F0110E975D0E0E985902E36CA129
:1080E80046D012008B5303E000016CB302D00001AC
:1080F80012009D2B000E9E23D00E9D5D070E9E59EB
:108108000BE39D6B9E6B02019A519B1105E09A0748
:10811800000E9B5B0001818D000112008B6712002D
:1081280000018F51926306D09051936303D091510F
:10813800941907E08FC092F090C093F091C094F02A
:10814800818F1200996B9A6B9B6B9C6B1200992B19
:10815800000E9A23D00E995D070E9A5907E3996B82
:108168009A6B9B0E0201286FC2EF0AF01200AFA3B0
:1081780004D0010148EC0DF000010101F3EC0DF011
:10818800380E000149EC13F06BEC0BF00001FFD73F
:1081980080A40CD0A46BA56BA00E0201286FC2ECC2
:1081A8000AF0A0C0A2F0A1C0A3F007D0A06BA16BF9
:1081B800A40E0201286FC2EF0AF01200A85105E0D0
:1081C800010A0EE0030A19E038D0140EA06335D076
:1081D800A16733D05CDFB6DFA96B010EA86F2DD085
:1081E800500EA4632AD0A56728D0A92B020EA96334
:1081F80001D09F8D020EA86F20D0140EA06305D069
:10820800A16703D0010EA86F1200E90EA45D030E4A
:10821800A55913E3A92D0FD0090EAC630CD0D10ECC
:10822800AD5D070EAE5907E3AFB305D002018B531E
:1082380002E000016C830001A86B12009FBF15D0FB
:10824800AFB313D0C15103E14F0EC0650ED0010E7C
:10825800AC650BD0080EAC6108D09F8F73EC0BF0A7
:108268007BEC10F0BD6B080EAC6FAFA30CD0C15106
:1082780003E14F0EC06507D0090EAC6304D073EC60
:108288000BF07BEC10F0AC5123E0010A55E0030A37
:1082980065E0010AD8B49CD0070AD8B4A2D0010A74
:1082A800D8B4A4D0030AD8B4AFD0010AD8B4B1D096
:1082B8000F0AD8B4BBD0010AD8B4C2D0030AD8B4C4
:1082C800E6D0010AD8B4F9D0070AD8B4FED006D14E
:1082D8000201BFEC0FF0000109EC10F019EC14F0EA
:1082E80002018C670BD09CEC31F0370E5FEC10F07C
:1082F800420E5FEC10F0000171EC10F000016CAB65
:1083080013D06C9B4E0E5FEC10F0310E5FEC10F04A
:10831800420E5FEC10F0360E5FEC10F0000171ECCD
:1083280010F00C0EAC6F1200AFA303D0020EAC6FAE
:108338001200010EAC6FD2D06CB1D0D035EC32F057
:108348008C5306E000019F8FBD6B080EAC6F1200C6
:108358000001AD6BAE6B020EAC6FC0D0AD2B000E42
:10836800AE23D00EAD5D070EAE59D8A0B7D0A5513B
:1083780003E14F0EA465B2D06CB1B0D0AFA318D052
:10838800D16BD66BD6EC32F0000136DE380E5FECDE
:1083980010F02A0E5FEC10F0260E5FEC10F00001D2
:1083A80040EC11F071EC10F06C97090EAC6F96D0A0
:1083B8000201A35309E0550E5FEC10F0000171ECC7
:1083C80010F0030EAC6F8AD0080E0001AC6F86D097
:1083D8000BEC11F071EC10F0AD6BAE6B040EAC6FE2
:1083E8007DD06CB17BD0050EAC6F78D0180E5FECE9
:1083F80010F07751CBEC11F0000171EC10F0AD6B7F
:10840800AE6B060EAC6F6AD06CB168D0070EAC6F5D
:1084180065D080B606D0470E5FEC10F0000171EC15
:1084280010F0AD6BAE6B080EAC6F58D06CB156D077
:108438009F9D6C952CDEAD6BAE6B090EAC6F4ED06C
:10844800AD0E0201286FC2EC0AF06CA706D0D00E60
:10845800AD5D070EAE59D8B06C979FAD05D0AFB3E0
:1084680003D00A0EAC6F1200D00EA05D070EA15902
:1084780035E36CB133D002013DEC33F0360E5FECDE
:1084880010F0000171EC10F00C0EAC6F27D0020E4A
:108498000201826307D009C182F20001BC6BBA6B8A
:1084A80054DD08D0020E826F010E0001BC6F020E6F
:1084B800BA6F4BDD0B0EAC6F11D06CB10FD09F9D16
:1084C800AD6BAE6B090EAC6F09D06C856C89020E72
:1084D8000101006F00016CB101D049DE1200B551F5
:1084E80003E0010A0BE02DD084B002D0AF8501D0A3
:1084F800AF956DEC0BF0010EB56F23D084B010D0A2
:10850800B86BB96BB60E0201286FC2EC0AF09FA1D6
:1085180015D0B75103E1310EB66510D09F910ED03A
:10852800B66BB76BB80E0201286FC2EC0AF09FB1A8
:1085380005D0B95102E11E0EB8619F816FEC0BF0B6
:10854800B56B1200BA5107E0010A18E0030A20E0EF
:10855800010A22E037D00201286B020E296FF40EBF
:108568002A6F010E2B6FF40E2C6F010E2D6FA4ECE9
:108578000BF09FA127D0010EBA6F24D00101006B28
:108588000001B75103E1010EB6651CD0BA6B1AD0D1
:10859800010E0101006F16D0010E0201286F020EB4
:1085A800296FF40E2A6F010E2B6FF40E2C6F010E3B
:1085B8002D6FA4EC0BF0B75103E1220EB66502D083
:1085C8009F91BA6B020112000001AFA305D0030E00
:1085D8000201A36F010EA56F0201120083B80FD02C
:1085E800C46BC56BC00E0201286FC2EC0AF0A05123
:1085F800A1110CE0C0C0C2F0C1C0C3F007D0C06B6D
:10860800C16BC40E0201286FC2EF0AF0120002010A
:108618002D6F7751060A03E0010A0EE014D0150EFB
:108628002D6108D0050E2D6303D0080E2D6F17D0CD
:108638002D2B15D02D6B13D0150E2D6102D02D2B9F
:108648000ED02D6B0CD0150E2D6108D0040E2D63A5
:1086580003D0080E2D6F03D02D2B01D02D6B2D517B
:10866800000112002A6F286102D0282B02D029C2EB
:1086780028F228511200D15139E0010A42E0030AD8
:108688005CE0010A63E0070A69E0010A70E0030A96
:1086980077E0010A7EE00F0AD8B484D0010AD8B482
:1086A80089D0030AD8B48ED0010AD8B4A9D0070A51
:1086B800D8B4AFD0010AD8B4B4D0030AD8B4B9D06A
:1086C800010AD8B4BED01F0AD8B4C4D0010AD8B49D
:1086D800C9D0030AD8B4CFD0010AD8B4DBD0070A6E
:1086E800D8B4D8D0010AD8B4CED0D4D077C228F222
:1086F8000201296B030EB6DF776F2B81B5EC0EF004
:10870800C9D002017B51100A09E0010A0AE0030AF4
:108718000BE0060A0CE0020A0DE0BCD0110E7B6FDC
:10872800B9D0120E7B6FB6D0140E7B6FB3D0160E75
:108738007B6FB0D0100E7B6FADD078C228F2040EDC
:108748000201296F0F0E8EDF786FA4D079C228F24C
:108758000201296B090E86DF796F9CD07AC228F254
:10876800060E0201296F0F0E7DDF7A6F93D08EC23D
:1087780028F2020E0201296F040E74DF8E6F8AD070
:108788008FC228F2010E0201296F050E6BDF8F6F71
:1087980081D090C228F2020E0201296F0A0E62DF10
:1087A800906F78D08CC228F20201296B010E5ADF33
:1087B8008C6F70D07CC228F20201296B010E52DF47
:1087C8007C6F68D002019151640A05E00A0A0AE048
:1087D800010A0FE05FD081C228F2296B000E42DF48
:1087E800816F58D081C228F2296B010E3BDF816F5F
:1087F80051D081C228F2296B020E34DF816F4AD032
:1088080083C228F2010E0201296F190E2BDF836F34
:1088180041D085C228F20201296B010E23DF856F42
:1088280039D086C228F20201296B190E1BDF866F28
:1088380031D087C228F20201296B190E13DF876F26
:1088480029D088C228F2010E0201296F040E0ADF1E
:10885800886F20D089C228F20201296B010E02DF3D
:10886800896F18D08AC228F2010E0201296F3C0EC6
:10887800F9DE8A6F0FD08BC228F20201296B010E34
:10888800F1DE8B6F07D0A8C228F20201296B010E16
:10889800E9DEA86F02011200D1512FE0010A32E08F
:1088A800030A38E0010A3EE0070A46E0010A4CE004
:1088B800030A4FE0010A52E00F0A55E0010A58E0A6
:1088C800030A5BE0010A5EE0070A64E0010A67E068
:1088D800030A6DE0010A73E01F0A7BE0010A7EE0EB
:1088E800030AD8B483D0010AD8B485D0070AD8B40B
:1088F80093D0010AD8B48CD08FD002017751CBEC39
:1089080011F08AD002017B518CEC12F0280E5FEC3A
:1089180010F082D0020178518CEC12F0040E5FEC5A
:1089280010F07AD0350E5FEC10F079518CEC12F023
:10893800040E5FEC10F070D002017A518CEC12F04A
:10894800040E5FEC10F068D002018E518CEC12F02E
:1089580063D002018F518CEC12F05ED0020190516D
:108968008CEC12F059D002018C51B4EC12F054D0B6
:1089780002017C51B4EC12F04FD002018151E9ECB4
:1089880012F04AD0020183518CEC12F0280E5FECF1
:1089980010F042D002018551B4EC12F03DD0020132
:1089A80086518CEC12F0280E5FEC10F035D00201E5
:1089B80087518CEC12F0280E5FEC10F02DD0140EBD
:1089C80002018803F3508CEC12F0390E5FEC10F0C2
:1089D80023D002018951B4EC12F01ED002018A5151
:1089E8008CEC12F0290E5FEC10F016D002018B51BE
:1089F800B4EC12F011D0320E5FEC10F0350E5FECD3
:108A080010F04C0E5FEC10F0190E5FEC10F004D073
:108A18000201A85113EC13F000011200DA510FE023
:108A2800010A1AE0030A3CE0010A58E0070A70E06C
:108A3800010AD8B48ED0030AD8B49ED0BBD0C55191
:108A480003E14F0EC465B6D0A55103E14F0EA465EE
:108A5800B1D0010EDA6FAED06CB108D0C15103E1CC
:108A6800130EC06503D0020EDA6F12006CB108D085
:108A7800A15103E1130EA06503D0030EDA6F1200B3
:108A88006CB198D0DBA196D0E80EC45D030EC55931
:108A9800D8A090D0DB9140EC11F071EC10F08AD0A6
:108AA8006CB188D0C55103E14F0EC46583D0D6C0E0
:108AB800D7F0030ED66105D0150ED16102D0D62BA2
:108AC80002D0D66BD76BD1C0D2F0D151A0DDD16F17
:108AD800DB8100EC40F0010EDA6F6CD06CB16AD02B
:108AE8006CB968D0A55103E14F0EA46563D00101AC
:108AF800006B3B0E5FEC10F00EEC33F0000151EC14
:108B08003DF00001C9DE71EC10F0040EDA6F52D0AE
:108B18006CB108D0C15103E1130EC06503D0050E36
:108B2800DA6F12006CB108D0A15103E1130EA065F1
:108B380003D0060EDA6F12006CB13CD0DBA33AD03A
:108B4800E80EC45D030EC55935E3DB9371EC10F0F4
:108B580031D06CB12FD0C55103E14F0EC4652AD076
:108B68007BEC10F088DD000151EC3DF0000194DE53
:108B7800DB83040EDA6F1ED06CB11CD06CB91AD02E
:108B8800A55103E14F0EA46515D00101006B020148
:108B980059EC37F0260E5FEC10F0420E5FEC10F047
:108BA800000171EC10F00201A84D48EC0EF0010E26
:108BB8000001DA6F1200FF0EC65DFF0EC7590CE206
:108BC800C62B000EC723C651C85DC751C95904E258
:108BD800C6C0C8F0C7C0C9F09705981106E19551FD
:108BE800961103E1CA6B8D698E69050E97630BD0E8
:108BF800986709D09551961106E1090EAC6303D028
:108C0800896B8A6B818BBD5105E0010A1FE0020A5E
:108C180027E02FD0C051C1112CE06CB52AD0AF8706
:108C2800C6C0C8F0C7C0C9F0C66BC76BCA3DCA2B5F
:108C38009B0EC45D020EC55904E3020195519427A9
:108C480000014BEC40F0010EBD6F13D0C55105E19A
:108C5800020194510001C45D0CE3AF89BD6B09D0DA
:108C6800010EAC6506D0C55103E1C70EC46501D03D
:108C7800BD6B12000001AFA704D0AF97010ECB6FF8
:108C8800AF8B12000001AFA704D0AF97010ECB6FD6
:108C9800AF9B1200AFA704D0AF97010ECB6FAF9B6D
:108CA800AFA904D0AF99010ECB6FAF9B12000201A0
:108CB800286F0001AFA704D0AF9728C2CBF0AF9BB5
:108CC8001200020ECA6102D0D5DF08D0BD2D04D033
:108CD800010ECB6FAF9B02D0AF97CB6B1200A60EE5
:108CE800C85D010EC95903E2020EE1DF01D0CA6B6B
:108CF8001200040ECA61F3D7C5DFA60EC85D010EC7
:108D0800C95902E3010ECA6F1200CA5102018F5DF0
:108D180003E3B0DF02010FD00001C8510201985DE2
:108D28000001C9510201995904E38E51C0DF0201C3
:108D380002D0A0DF020112007751010A0FE0030AF6
:108D480010E0020A11E0030A13E0060A14E0030A1D
:108D580016E0020A18E0030A1AE01BD08BDF0201B2
:108D680018D090DF020115D00001C3DF020111D035
:108D780089DF02010ED000018DDF02010AD08E5179
:108D880096DF020106D000019CDF020102D000013B
:108D9800BCDF120097510201976304D00001985379
:108DA800D8B49F8700011200876B886BD10E8D5D48
:108DB800070E8E5914E2200E02012E6F4E0E2F6FF1
:108DC8008DC030F28EC031F26AEC0AF02EC287F004
:108DD8002FC288F087C089F088C08AF0000112008D
:108DE8009705981107E19551961104E1090EAC63B6
:108DF80001D0818B12009FB307D0AFAF05D0B75118
:108E080002E1180EB6619F831200010E286F852DAE
:108E180007D000019FA304D0320E0201286F11D0A1
:108E28000201A05106E1A00E9F6103D0010E286F38
:108E380008D0010E866503D086C228F202D0010E42
:108E4800286F28511200CC0E286FC2EC0AF0D3DF2D
:108E5800CE5107E0010A19E0030A48E0010A7BE065
:108E6800CAD0CF2B000ED023D00ECF6304D0070E6C
:108E7800D06301D09F996CB5BED0CB53D8B4BBD0CA
:108E8800AFBBCB07010ECE6FB6D00201BEDF936F2A
:108E980000019FB10CD0B9510AE1B8510201935DAC
:108EA80006E30001BA51020A02E0AFA504D0020E9F
:108EB8000001CE6F1200B75103E1630EB6659BD077
:108EC800A3C228F2030E0201A36F0D0E5FEC10F08F
:108ED800000171EC10F06CB1FED728C2A3F2CB6B85
:108EE800CF6BD06BAF9F9F93CE6B85D002019F5104
:108EF8000001CC5D0201A0510001CD597CE3808ABC
:108F08009F894BEC40F0CCC08DF0CDC08EF0CC6B7F
:108F1800CD6B4ADF0201A05106E1A00E9F6103D08C
:108F2800200E926F03D0D8907B35926F00016CAD04
:108F380005D06C9D320E0201922700019FA705D033
:108F48009F970201965192270001AF9DAF9F9F9373
:108F5800030ECE6F50D0AFBD23D0CD5105E1020135
:108F680092510001CC5D1CE3809AAFABCB073F0E5A
:108F780002019C5D420E9D590F0E9E5904E29C2BE6
:108F8800000E9D239E239F0E00018F5D860E905933
:108F9800010E915904E28F2B000E90239123AF8D7F
:108FA800AFBF07D002018251020A000101E0AFB54C
:108FB800AF8FAFBF0AD0CD5103E1310ECC6505D0DC
:108FC800B75102E1020EB661AF8FAFBF0CD00201FC
:108FD800A1510001CC5D0201A2510001CD5903E36A
:108FE800030EBA6FAF8FAFAD06D0AFAF04D09F916D
:108FF800CF6BD06BCE6B12000EEEBFF0ED6AEA506D
:10900800FDE1E950FBE1EF6A11EC0BF00F0138ECE0
:109018000BF002012B91B5EC0EF068EC0BF001019E
:10902800006B005192EC0BF06FEC0BF06B696C85E8
:109038006C876C8D83AA09D083B807D0010E020112
:10904800A36F0101006F0001AF8383BA02D083A828
:109058006C8BF28A120050EC40F060EC40F0CCECE3
:1090680040F0E2EC40F022EC41F0F2EC42F0010179
:10907800005192EC0BF0AFA302D0D0DC16D06CB547
:1090880014D06CB112D073EC42F0A6EC42F076EC3E
:1090980040F0020192EC40F00001ABEC40F07ADEC7
:1090A8008ADD020149DECFDE9BD612000001A4DF73
:1090B80081518211FDE06CB1FBD76CB7F9D79FB92C
:1090C800F7D79F8B28EC40F09F9BF2D76751E80FAA
:1090D800F66E900E6821F76EF86A0800F5501200D7
:1090E80000F0001F0001F8001F8003F8003BC007D4
:1090F8009C0071E00F0E00F0F01E0701FFF83FFF23
:1091080083FFFC3803C7801C7001EF000F00FFF0DD
:10911800FFF8FFFCE01EE00EE00EE01EFFFCFFFC87
:10912800FFFCE01EE01EE00EE01EE01CFFFCFFF866
:10913800FFE00003F800FFE01FFF83C07C7801EF29
:10914800000EE0000E0000E0000E0000E0000E003F
:1091580000F000F7801E3C07C1FFF80FFF003FC07A
:10916800007FF007FFC07FFF0700F8700787003C0B
:109178007001C7001C7001C7001C7001C7001C707B
:1091880003C70078700F87FFF07FFC07FF00007FA0
:10919800FE7FFE7FFE700070007000700070007F20
:1091A800F87FF87FF870007000700070007FFE7F15
:1091B800FE7FFE007FFE7FFE7FFE70007000700065
:1091C800700070007FF87FF87FF870007000700002
:1091D80070007000700070000003F800FFE01FFFCF
:1091E80083C07C7801EF000EE0000E0000E07FFEF7
:1091F80007FFE07FFE000FF000E7801E3C07C1FF7D
:10920800F80FFF003FC000E007E007E007E007E0D5
:1092180007E007E007E007FFFFFFFFFFFFE007E0C9
:1092280007E007E007E007E007E0070038383838CC
:109238003838383838383838383838383838000016
:109248000E000E000E000E000E000E000E000E00A6
:109258000E000EE00EE00EE00E701E781C3FFC1FA4
:10926800F80FE000700F8701F0703E0707C070F834
:10927800071F0073E0077C007F8007FC007FE00782
:10928800CF0078780707C0703E0701F0700F07001D
:109298007C0070007000700070007000700070003A
:1092A8007000700070007000700070007000700036
:1092B8007FFC7FFC7FFC00F000FF800FF801FFC0FF
:1092C8001FFC03FFE03FEE07FEF077E70F7E78E72D
:1092D800E39E7E3DC7E1FC7E1F87E0F87E0F07E036
:1092E800007E000700E007F007F807F807FC07FE14
:1092F80007EF07E787E787E3C7E1E7E0F7E07FE005
:109308007FE03FE01FE00FE0070003F800FFF01FD9
:10931800FF83C07C7801EF000EE000FE0007E0004C
:109328007E0007E000FE000FF000E7801E3C07C14A
:10933800FFF80FFF003F8000FFF0FFF8FFFCE01E82
:10934800E00EE00EE01EFFFCFFF8FFF0E000E0009A
:10935800E000E000E000E000E000E0000003F800CA
:10936800FFF01FFF83C07C7801EF000EE000FE00D5
:1093780007E0007E0007E018FE03CFF03CE781FE1F
:109388003C0FC1FFF80FFF803FBC0001C000180070
:10939800FFF0FFF8FFFCE01EE00EE00EE01EFFFC11
:1093A800FFF8FFF0E3C0E1E0E0E0E0F0E078E03C67
:1093B800E03EE01F0007F03FFE7FFF780CF000F072
:1093C80000F0007F003FF81FFC01FE001E000F4068
:1093D8000F701EFFFE7FFC0FF000FFFFFFFFFFFF77
:1093E80003C003C003C003C003C003C003C003C05D
:1093F80003C003C003C003C003C003C003C000E030
:1094080007E007E007E007E007E007E007E007E01C
:1094180007E007E007E007E00FF00E781E7FFC3F4B
:10942800F80FE000F001E7001C7803C78038380720
:1094380083C0781C0701E0F00E0E00F1E0071C0065
:1094480073C007B8003B8003F8001F0001F0000E4E
:1094580000007803801C7807C03C3807C0383C07F8
:10946800C0381C0FE0781C0EE0701E0EF0700E1E47
:1094780070F00E1C70E00F1C79E0073C39E00738EB
:1094880039C007B83FC003F81F8003F01F8001F000
:109498001F8001E00F0001E00F0000F803E7C0782B
:1094A8003C0781E0F00F1E007BC007B8003F800139
:1094B800F0001F0003F8007BC00F1C00F1E01E0F36
:1094C80003C0787803CF003E00F001E7803C3C07FA
:1094D80081C0781E0F00F1E0079C007BC003F800F4
:1094E8001F0000E0000E0000E0000E0000E0000E8B
:1094F8000000E0000E0000FFFEFFFEFFFC007C0005
:109508007800F001E003C007C007800F001E003C90
:10951800007C007800FFFEFFFEFFFE000000000058
:109528000000007E7E7E00000000000000000003B6
:10953800C00FF01FFC3C3E781E700FF007F007E0EC
:1095480007E007F007F007700F780E3C1E3FFC1F7E
:10955800F807E00000E003E00FE00FE00DE001E0B5
:1095680001E001E001E001E001E001E001E001E0EB
:1095780001E001E001E00000000FC03FE07FF07073
:1095880078203800380038007800F001F003E00750
:10959800800F001E007FFC7FFC7FFC00000007801E
:1095A8003FF07FF87878103C001C003C00780FF8FA
:1095B8000FF00FFC003C001C001C003C7FFC3FF837
:1095C8000FC00001E003C0038007800F000EF01EEB
:1095D800F01CF03CF078F078F0FFFEFFFEFFFE0094
:1095E800F000F000F00000001FF81FF83FF83C0002
:1095F8003C003C003FC03FF01FF8083C001C001C2A
:10960800201C783C7FF83FF00FC000000000F001FC
:10961800E003C003C007800F000FC01FF83FFC3CE9
:109628003E781E700E700E781E3C1C3FFC1FF8071B
:10963800E0007FFC7FFC7FFC0038007800F000E051
:1096480001E001C003C00380078007000F001E006F
:109658001E003C0000000007C01FF03FF8783C7077
:109668001C701C701C783C3FF83FF87FFCF01EE033
:109678001EE01EF01C7FFC3FF80FE00007E01FF81B
:109688003FFC783C701E701E701E783C3FFC1FF833
:109698000FF000F001E003C003C007800F000000D6
:1096A8000000000000000000000000000000001C96
:1096B8003C3C1C000000001C3C3C1C00000000005E
:1096C8001C3C3C1C0000000001FF00000003FFC020
:1096D80000001FFFF800003FFFFC0000FFFFFF0035
:1096E80001FFFFFF8003FFFFFFC007FF81FFE007C7
:1096F800FE007FF00FF8001FF01FF0000FF81FF0BA
:109708000007F83FE00007FC3FC00003FC3FC00033
:1097180003FC3FC00001FE7F800001FE7F80000146
:10972800FE7F800001FE7F800001FE7F800001FE39
:109738007F800001FE7F800001FE7F800001FE7FA8
:10974800800001FE7F800001FE3F800001FE3FC0D7
:109758000003FC3FC00003FC3FE00007FC1FE000E3
:1097680007F81FF0000FF80FF8001FF00FFC003F7C
:10977800F007FF007FE003FFFFFFC001FFFFFF804E
:1097880000FFFFFF00007FFFFE00003FFFFC00001E
:109798000FFFF0000000FF80000000000000000044
:1097A8000000F000000007F00000001FF0000000BB
:1097B800FFF0000003FFF000000FFFF000000FFFB4
:1097C800F000000FFFF000000FFFF000000FFFF0A7
:1097D80000000F8FF000000C0FF00000000FF000E9
:1097E80000000FF00000000FF00000000FF0000074
:1097F800000FF00000000FF00000000FF000000064
:109808000FF00000000FF00000000FF00000000F44
:10981800F00000000FF00000000FF00000000FF053
:109828000000000FF00000000FF00000000FF00033
:1098380000000FF00000000FF00000000FF0000023
:10984800000FF00000000FF00000000FF000000013
:109858000FF00000000FF00000000FF00000000FF4
:10986800F00000000FF0000000000000000001FF01
:109878000000000FFFE000003FFFF800007FFFFC42
:109888000000FFFFFE0001FFFFFF0003FFFFFF8056
:1098980007FE00FF8007FC007FC001F8003FC00002
:1098A800F0003FC00060001FE00000001FE0000063
:1098B800001FE00000001FE00000003FE000000083
:1098C8003FC00000007FC0000000FFC0000001FF93
:1098D80080000003FF80000007FF0000000FFE006B
:1098E80000001FFC0000003FF80000007FF00000AF
:1098F80000FFE0000001FFC0000003FF8000000738
:10990800FF0000000FFE0000001FFC0000003FF8F1
:10991800000000FFF0000001FFFFFFE003FFFFFF72
:10992800E007FFFFFFE003FFFFFFE003FFFFFFE0AB
:1099380003FFFFFFE003FFFFFFE00000000000005F
:109948000003FF0000000FFFC000003FFFF8000009
:10995800FFFFFC0003FFFFFF0007FFFFFF800FFF73
:10996800FFFFC007FE01FFC003F8007FE000E00032
:109978003FE00040001FE00000001FE00000000F73
:10998800E00000001FE00000001FE00000003FE0D2
:109998000000007FC0000FFFFFC0000FFFFF800026
:1099A8000FFFFF00000FFFFE00000FFFFF00000F7A
:1099B800FFFF80000FFFFFC0000000FFE000000075
:1099C8003FF00000001FF00000000FF0000000074B
:1099D800F000000007F000000007F00080000FF022
:1099E80001C0000FF003F0001FF007FC007FE00F3C
:1099F800FFFFFFE00FFFFFFFC007FFFFFF8001FF32
:109A0800FFFF0000FFFFFC00001FFFF0000003FF46
:109A180080000000001FF00000003FE00000003F51
:109A2800C00000007FC0000000FF80000000FF8031
:109A3800000001FF00000001FE00000003FE00001E
:109A48000003FC00000007FC0000000FF800000005
:109A58000FF00000001FF3FC00001FE3FC00003FB4
:109A6800E3FC00007FC3FC00007FC3FC0000FF8311
:109A7800FC0000FF03FC0001FF03FC0003FE03FCE5
:109A88000003FE03FC0007FC03FC0007F803FC00CE
:109A98000FF803FC001FFFFFFFF81FFFFFFFF81F71
:109AA800FFFFFFF81FFFFFFFF81FFFFFFFF81FFF73
:109AB800FFFFF81FFFFFFFF8000003FC0000000392
:109AC800FC00000003FC00000003FC00000003FC95
:109AD80000000003FC00000003FC00000003FC0081
:109AE800000000000000007FFFFFC0007FFFFFC0F4
:109AF80000FFFFFFC000FFFFFFC000FFFFFFC00027
:109B0800FFFFFFC000FFFFFFC000FF00000000FFD5
:109B180000000000FF00000000FF00000000FF0040
:109B2800000000FF00000000FF00000000FFF00040
:109B38000000FFFFC00000FFFFF80000FFFFFE006D
:109B480000FFFFFF0000FFFFFF80007FFFFFC00056
:109B58003F01FFE0001C003FE00000001FF0000094
:109B6800000FF00000000FF00000000FF0000000F0
:109B780007F000400007F000C0000FF001E0000F00
:109B8800F003F0001FF007F8003FE00FFE007FE051
:109B980007FFFFFFC003FFFFFF8001FFFFFF8000FB
:109BA800FFFFFE00007FFFFC00000FFFF000000138
:109BB800FF800000000000000000003FF0000000EF
:109BC8003FE00000007FC0000000FF80000000FFB1
:109BD80080000001FF00000003FE00000003FE00FB
:109BE800000007FC0000000FF80000000FF800005C
:109BF800001FF00000003FE00000003FF8000000F8
:109C08007FFFE00000FFFFF80001FFFFFE0001FFFB
:109C1800FFFF0003FFFFFF8007FFFFFFC007FF01F3
:109C2800FFC00FFC007FE00FF0001FE01FF0001FD7
:109C3800F01FE0000FF01FE0000FF01FE0000FF032
:109C48001FE0000FF01FE0000FF01FE0000FF01FF3
:109C5800F0001FF00FF0001FE00FF8003FE007FED4
:109C680000FFC007FFFFFFC003FFFFFF8001FFFFEA
:109C7800FF0000FFFFFE00003FFFF800000FFFE0BD
:109C8800000001FF000000000000000000000000CC
:109C9800000FFFFFFFE00FFFFFFFE00FFFFFFFE0F8
:109CA8000FFFFFFFE00FFFFFFFE00FFFFFFFE00FD9
:109CB800FFFFFFC00000007FC0000000FF80000021
:109CC80000FF80000001FF00000001FE000000030B
:109CD800FE00000003FC00000007FC00000007F87D
:109CE8000000000FF80000001FF00000001FE00057
:109CF80000003FE00000003FC00000007FC00000FF
:109D0800007F80000000FF80000000FF00000001CD
:109D1800FF00000003FE00000003FC00000007FC39
:109D280000000007F80000000FF80000000FF00026
:109D380000001FF00000001FE00000003FE00000EE
:109D4800007FC00000007F80000000FF800000004E
:109D5800FF00000001FF00000000000000000000FC
:109D680003FF0000000FFFC000003FFFF80000FFE6
:109D7800FFFE0001FFFFFF0003FFFFFF8007FFFF5B
:109D8800FFC00FFE01FFC00FF8003FE00FF0001FFB
:109D9800E01FE0001FE01FE0000FE01FE0000FE001
:109DA8001FE0000FE01FE0001FE00FF0003FE00F92
:109DB800FC007FE00FFFFFFFC007FFFFFF8003FFEE
:109DC800FFFF8001FFFFFE0003FFFFFF8007FFFF8B
:109DD800FFC00FFFFFFFE01FFE00FFE01FF0003F86
:109DE800F03FE0000FF03FC0000FF83FC00007F859
:109DF8003FC00007F83FC00007F83FC00007F83F22
:109E0800E0000FF01FF0001FF01FFC007FF00FFFB5
:109E1800FFFFE007FFFFFFC003FFFFFF8001FFFF19
:109E2800FF0000FFFFFC00001FFFF0000003FF80A1
:109E380000000001FF00000007FFE000001FFFF81E
:109E480000007FFFFE0000FFFFFF0001FFFFFF8013
:109E580003FFFFFFC007FF01FFE00FFC003FE00F1B
:109E6800F8001FF00FF0000FF01FE0000FF01FE0E8
:109E7800000FF01FE00007F01FE00007F01FE000F0
:109E88000FF01FE0000FF00FF0000FF00FF8001FA9
:109E9800F00FFC003FE007FF01FFE007FFFFFFC0F6
:109EA80003FFFFFF8001FFFFFF0000FFFFFF00002F
:109EB8003FFFFE00000FFFFC0000003FFC00000019
:109EC8000FF80000001FF00000003FE00000003F16
:109ED800E00000007FC0000000FF80000001FF805C
:109EE800000001FF00000003FE00000007FC000066
:109EF8000007FC0000000FF80000001FF000000041
:109F080000000000006000000C000063000007FF74
:109F1800FFFE7000000E0000E7C0003FFFFFFE706C
:109F280000000E0000E1E000FFFFFFFC7000000EE3
:109F38000000E0F003F00000007000000E0000E0F8
:109F48007C07C00000007000000E0000E01E1F002B
:109F58000000007000000E0000E00F3E000000004E
:109F68007000000E0000E0067C0000000070000099
:109F78000E0000E001F001FFFFF87000000E000085
:109F8800E003E001FFFFF87000000E0000E007DCCE
:109F980001FFFFF87000000E0000E01F3E00000007
:109FA800007000000E0000E03E0F80000000780006
:109FB800000F0001E07807E00000003E0000078085
:109FC80003C0F001FC0000001FFFFFE3FFFFC3E038
:109FD80000FFFFFFFC07FFFFF1FFFF0780003FFFC7
:109FE800FFFE00FFFFF03FFC03000001FFFFFE0043
:109FF80003FFFFFFC0000003FFFFFFC03FFFFFFF9D
:10A00800F800001FFFFFFFFE3FFFFFFFFE00003FBD
:10A01800FFFFFFFFFFFFFFFFFF0000FFFFFFFFFF46
:10A02800FFFFFFFFFF8001FFFFFFFFFFFFFFFFFFB5
:10A03800FFE007FFFFFFFFFFFFFFFF8000000000BA
:10A0480001FFFFFFFFFFF80000000000001FFFFEF8
:10A058007FFE00000000000000007FFE7FF8000087
:10A068000000000000001FFE3FF00000000000009C
:10A0780000001FFC3FF000000000000000001FF877
:10A088001FF800000000000000001FF81FF8000083
:10A098000000000000001FF00FF8000000000000A2
:10A0A80000003FE007F800000000000000003FE06B
:10A0B80007FC00000000000000003FC007FC000093
:10A0C8000000000000007FC003FC0000000000004A
:10A0D80000007FC003FC00000000000000007F803B
:10A0E80001FE0000000000000000FF0001FE00006B
:10A0F800000000000000FF0000FE0000000000005B
:10A108000000FE0000FF0000000000000001FE004B
:10A11800007F0000000000000001FC00007F00003C
:10A12800000000000003F800003F8000000000006D
:10A138000007F000001F8000000000000007F0008A
:10A14800000F800000000000000FE000000FC000BA
:10A1580000000000000FC0000007E0000000000041
:10A16800001FC0000007E00000000000003F800062
:10A178000007F00000000000003F00000003F800A6
:10A1880000000000003E00000001F8000000000090
:10A19800007C000000007C0000000000007000004F
:10A1A80000000C000000000000C0000000000200D9
:10A1B8000000000001000000000000000000000096
:10A1C8000000000000000000000000000000000087
:10A1D8000000000000000000000000000000000077
:10A1E8000000000000000000000000000000000067
:10A1F8000000000000000000000000000000000057
:10A208000000000000000000000000000000000046
:10A218000000000000000000000000000000000036
:10A228000000000000000000000000000000000026
:10A238000000000000000000000000000000000016
:10A2480000000000000000000000000800000000FE
:10A2580080000000000000180000000180000000DD
:10A268000000001C00000001C00000000000001CED
:10A2780000000003C00000000000001E00000007EE
:10A28800C00000000000001E00000007C000000021
:10A298000000001E0000000F800000000000001FEA
:10A2A8000000000F800000000000001F8000001F59
:10A2B800800000000000000FC000003F8000000088
:10A2C8000000000FC000003F000000000000000F69
:10A2D800E000007F000000000000000FE00000FE2A
:10A2E8000000000000000007F00001FC0000000072
:10A2F80000000007F80003FC000000000000000355
:10A30800FC0007F80000000000000003FE000FF842
:10A318000000000000000001FF001FF00000000026
:10A3280000000000FF003FE0000000000000000007
:10A33800FF803FE000000000000000007FC03FE019
:10A3480000000000000000003FE0FFC00000000027
:10A35800000000003FF1FFC0000000000000000006
:10A368001FFFFF8000000000000000001FFFFF002B
:10A3780000000000000000001FFFFF0000000000B8
:10A38800000000000FFFFE000000000000000000B9
:10A398000FFFFC00000000000000000007FFF800AD
:10A3A800000000000000000003FFF80000000000AB
:10A3B8000000000003FFF0000000000000000000A3
:10A3C80001FFE000000000000000000001FFE000C5
:10A3D800000000000000000000FFC00000000000B6
:10A3E80000000000007F8000000000000000000066
:10A3F800003F00000000000000000000001E0000F8
:10A408000000000000000000FFFE00000000000F38
:10A41800FFFFE0000000007FFFFFFC00000001FFDD
:10A42800FFFFFF00000007FFE00FFFC000001FFE56
:10A4380001E07FF000003FF00FFC1FFC0000FFC0B0
:10A448003FFE07FE0001FF007FFF01FF0003FE0043
:10A45800FFFF807F8007F801FFFFC03FC00FF001BA
:10A46800FFFFC01FE01FE001FFFFE007F03FC00350
:10A47800FFFFE003F87F8003FFFFE003FCFF00031A
:10A48800FFFFE001FEFF0003FFFFE001FE7F800306
:10A49800FFFFE003FC3FC003FFFFE007F81FE001F8
:10A4A800FFFFE00FF00FF001FFFFC01FE007F8010A
:10A4B800FFFFC03FC003FE00FFFF807F8001FF0059
:10A4C8007FFF01FF00007FC03FFE07FE00003FF056
:10A4D8000FF81FF800001FFE01C0FFF0000007FF83
:10A4E800F00FFFC0000001FFFFFFFF000000003F6A
:10A4F800FFFFFC0000000007FFFFE0000000000075
:10A508007FFE00000000000000FFFE0000000000C9
:10A518000FFFFFE0000000007FFFFFFC00000001CC
:10A52800FFFFFFFF00000007FFE00FFFC000001F54
:10A53800FE00007FF000003FF000001FFC0000FF5D
:10A54800C0000007FE0001FF00000001FF0003FE3D
:10A5580000380E007F8007F8001C1C003FC00FF079
:10A56800000E1C001FE01FE0000E380007F03FC07F
:10A578000007700007F87F800003E00003FCFF007D
:10A588000001E00001FEFF000003E00001FE7F8003
:10A598000003F00003FC3FC00007700007F81FE04D
:10A5A800000E38000FF00FF0001C1C001FE007F829
:10A5B800003C0E003FC003FE00380E007F8001FF04
:10A5C80000000001FF0000FFC0000007FE00003F80
:10A5D800F000001FF800001FFE0000FFF000000759
:10A5E800FFF01FFFC0000001FFFFFFFF0000000099
:10A5F8003FFFFFFC000000000FFFFFE0000000002D
:10A60800007FFE000000000000007FF8000000004E
:10A618000003FFFF00000000000FFFFFC000000064
:10A62800003FFFFFF0000000007FFFFFF800000080
:10A6380000FFFFFFFC00000001FFFFFFFE0000001D
:10A6480003FFFFFFFF00000007FFE01FFF8000007F
:10A658000FFF0003FFC000001FFE0001FFE0000025
:10A668001FF800007FE000003FF000003FF000000E
:10A678003FE000001FF000007FE000001FF800002E
:10A688007FC000000FF800007F80000007F800007E
:10A69800FF80000007FC0000FF80000007FC0000AE
:10A6A800FF00000003FC0000FF00000003FC0000A6
:10A6B800FF00000003FC0000FF00000003FC000096
:10A6C800FF00000003FC0000FF00000003FC000086
:10A6D800FF00000003FC0000FF00000003FC000076
:10A6E800FF00000003FC0000FF00000003FC000066
:10A6F800FF00000003FC0000FF00000003FC000056
:10A70800FF00000003FC0000FF00000003FC000045
:10A71800FF00000003FC0000FF00000003FC000035
:10A72800FF00000003FC0000FF00000003FC000025
:10A73800FF00000003FC00FFFFFFFFFFFFFFFCFF1F
:10A74800FFFFFFFFFFFFFCFFFFFFFFFFFFFFFCFF17
:10A75800FFFFFFFFFFFFFCFFFFFFFFFFFFFFFCFF07
:10A76800FFFFFFFFFFFFFCFFFFFFFFFFFFFFFCFFF7
:10A77800FFFFFFFFFFFFFCFFFFFFFFFFFFFFFCFFE7
:10A78800FFFFFFFFFFFFFCFFFFFFFFFFFFFFFCFFD7
:10A79800FFFFFFFFFFFFFCFFFFFFFFFFFFFFFCFFC7
:10A7A800FFFFFFFFFFFFFCFFFFFFFFFFFFFFFCFFB7
:10A7B800FFFFFFFFFFFFFCFFFFFFFFFFFFFFFCFFA7
:10A7C800FFFFFFFFFFFFFCFFFFFFFFFFFFFFFCFF97
:10A7D800FFFFFFFFFFFFFCFFFFFFFFFFFFFFFCFF87
:10A7E800FFFFFFFFFFFFFCFFFFFFFFFFFFFFFCFF77
:10A7F800FFFFFFFFFFFFFCFFFFFFFFFFFFFFFCFF67
:10A80800FFFFFFFFFFFFFCFFFFFFFFFFFFFFFCFF56
:10A81800FFFFFFFFFFFFFCFFFFFFFFFFFFFFFCFF46
:10A82800FFFFFFFFFFFFFCFFFFFFFFFFFFFFFCFF36
:10A83800FFFFFFFFFFFFFCFFFFFFFFFFFFFFFCFF26
:10A84800FFFFFFFFFFFFFCFFFFFFFFFFFFFFFCFF16
:10A85800FFFFFFFFFFFFFCFFFFFFFFFFFFFFFCFF06
:10A86800FFFFFFFFFFFFFCFFFFFFFFFFFFFFFCFFF6
:10A87800FFFFFFFFFFFFFCFFFFFFFFFFFFFFFCFFE6
:10A88800FFFFFFFFFFFFFCFFFFFFFFFFFFFFFCFFD6
:10A89800FFFFFFFFFFFFFCFFFFFFFFFFFFFFFCFFC6
:10A8A800FFFFFFFFFFFFFCFFFFFFFFFFFFFFFC00B5
:10A8B80001FFFFFFFFFFFFFFFFFFFFFFF003FFFFA9
:10A8C800FFFFFFFFFFFFFFFFFFFC07FFFFFFFFFF8B
:10A8D800FFFFFFFFFFFFFE0F000000000000000069
:10A8E8000000001E0E000000000000000000000034
:10A8F8000F1E0000000000000000000000071E00FE
:10A9080000000000000000000000071E000000001A
:10A9180000000000000000071E000000000000000A
:10A9280000000000071E00000000000000000000FA
:10A9380000071E0000000000000000000000071EC5
:10A948000000000000000000000000071E000000DA
:10A958000000000000000000077E0000000000006A
:10A96800000000000007FE000000000000000000DA
:10A97800000007FE000000000000000000000007C3
:10A98800E0000000000000000000000007E00000F8
:10A9980000000000000000000007E00000000000C8
:10A9A80000000000000007E00000000000000000B8
:10A9B80000000007E00000000000000000000000A8
:10A9C80007E0000000000000000000000007E000B1
:10A9D8000000000000000000000007E00000000088
:10A9E8000000000000000007E00000000000000078
:10A9F8000000000007E00000000000000000000068
:10AA08000007E0000000000000000000000007E070
:10AA1800000000000000000000000007E000000047
:10AA2800000000000000000007E000000000000037
:10AA3800000000000007E000000000000000000027
:10AA4800000007E000000000000000000000000710
:10AA5800FE000000000000000000000007FE0000EB
:10AA6800000000000000000000077E000000000059
:10AA7800000000000000071E0000000000000000A9
:10AA8800000000071E000000000000000000000099
:10AA9800071E0000000000000000000000071E0064
:10AAA80000000000000000000000071E0000000079
:10AAB80000000000000000071E0000000000000069
:10AAC80000000000071E0000000000000000000059
:10AAD80000071E0000000000000000000000070E34
:10AAE80000000000000000000000000F0F00000040
:10AAF80000000000000000001E07FFFFFFFFFFFF2F
:10AB0800FFFFFFFFFFFE03FFFFFFFFFFFFFFFFFF4A
:10AB1800FFFFFC01FFFFFFFFFFFFFFFFFFFFFFF04D
:10AB28000001FFFFFFFFFFFFFFFFFFFFFFF003FF35
:10AB3800FFFFFFFFFFFFFFFFFFFFFC07FFFFFFFF18
:10AB4800FFFFFFFFFFFFFFFE0F00000000000000F7
:10AB5800000000001E0E00000000000000000000C1
:10AB6800000F1E0000000000000000000000071E8B
:10AB78000000000000000000000000071E000000A8
:10AB88000000000000003FFF871E000000000000DA
:10AB98000000003FFF871E000000000000000000CA
:10ABA8003FFF871E0000000000000000003FFF87F5
:10ABB8001E0000000000000000003FFF871E00008C
:10ABC800000000000000003FFF877E00000000003A
:10ABD800000000003FFF87FE0000000000000000AA
:10ABE800003FFF87FE0000000000000000003FFF5C
:10ABF80087E00000000000000000003FFF87E00041
:10AC080000000000000000003FFF87E00000000097
:10AC180000000000003FFF87E00000000000000087
:10AC280000003FFF87E00000000000000000003F38
:10AC3800FF87E00000000000000000003FFF87E001
:10AC48000000000000000000003FFF87E000000057
:10AC58000000000000003FFF87E000000000000047
:10AC68000000003FFF87E000000000000000000037
:10AC78003FFF87E00000000000000000003FFF8762
:10AC8800E00000000000000000003FFF87E0000037
:10AC9800000000000000003FFF87E0000000000007
:10ACA800000000003FFF87E00000000000000000F7
:10ACB800003FFF87E00000000000000000003FFFA9
:10ACC80087FE0000000000000000003FFF87FE0034
:10ACD80000000000000000003FFF877E0000000029
:10ACE80000000000003FFF871E0000000000000079
:10ACF80000003FFF871E0000000000000000003F2A
:10AD0800FF871E0000000000000000003FFF871EB4
:10AD18000000000000000000003FFF871E00000048
:10AD28000000000000003FFF871E00000000000038
:10AD38000000003FFF871E00000000000000000028
:10AD48001FFF871E00000000000000000000000731
:10AD58000E00000000000000000000000F0F0000BF
:10AD68000000000000000000001E07FFFFFFFFFFBB
:10AD7800FFFFFFFFFFFFFE03FFFFFFFFFFFFFFFFD8
:10AD8800FFFFFFFC01FFFFFFFFFFFFFFFFFFFFFFCC
:10AD9800F00001FFFFFFFFFFFFFFFFFFFFFFF003D2
:10ADA800FFFFFFFFFFFFFFFFFFFFFFFC07FFFFFFA6
:10ADB800FFFFFFFFFFFFFFFFFE0F00000000000086
:10ADC80000000000001E0E0000000000000000004F
:10ADD80000000F1E00000000000000000000000737
:10ADE8001E0000000000000000000000071E000018
:10ADF8000000000000FFFE3FFF871E00000000006B
:10AE08000000FFFE3FFF871E00000000000000FF5B
:10AE1800FE3FFF871E00000000000000FFFE3FFF0E
:10AE2800871E00000000000000FFFE3FFF871E0095
:10AE3800000000000000FFFE3FFF877E00000000CA
:10AE4800000000FFFE3FFF87FE000000000000003A
:10AE5800FFFE3FFF87FE00000000000000FFFE3FEE
:10AE6800FF87E000000000000000FFFE3FFF87E0D2
:10AE780000000000000000FFFE3FFF87E000000028
:10AE880000000000FFFE3FFF87E000000000000018
:10AE980000FFFE3FFF87E000000000000000FFFE0B
:10AEA8003FFF87E000000000000000FFFE3FFF8733
:10AEB800E000000000000000FFFE3FFF87E0000008
:10AEC8000000000000FFFE3FFF87E00000000000D8
:10AED8000000FFFE3FFF87E000000000000000FFC9
:10AEE800FE3FFF87E000000000000000FFFE3FFF7C
:10AEF80087E000000000000000FFFE3FFF87E00041
:10AF0800000000000000FFFE3FFF87E00000000097
:10AF1800000000FFFE3FFF87E00000000000000087
:10AF2800FFFE3FFF87E000000000000000FFFE3F3B
:10AF3800FF87FE00000000000000FFFE3FFF87FEC5
:10AF480000000000000000FFFE3FFF877E000000B9
:10AF580000000000FFFE3FFF871E00000000000009
:10AF680000FFFE3FFF871E00000000000000FFFEFC
:10AF78003FFF871E00000000000000FFFE3FFF8724
:10AF88001E00000000000000FFFE3FFF871E0000BB
:10AF98000000000000FFFE3FFF871E0000000000C9
:10AFA8000000FFFE3FFF871E000000000000007F3A
:10AFB800FE1FFF871E0000000000000000000000C8
:10AFC800070E00000000000000000000000F0F0046
:10AFD800000000000000000000001E07FFFFFFFF48
:10AFE800FFFFFFFFFFFFFFFE03FFFFFFFFFFFFFF66
:10AFF800FFFFFFFFFC01FFFFFFFFFFFFFFFFFFFF5A
:10B00800FFF00001FFFFFFFFFFFFFFFFFFFFFFF063
:10B0180003FFFFFFFFFFFFFFFFFFFFFFFC07FFFF2F
:10B02800FFFFFFFFFFFFFFFFFFFE0F000000000014
:10B038000000000000001E0E0000000000000000DC
:10B048000000000F1E0000000000000000000000CB
:10B05800071E0000000000000000000000071E009E
:10B0680000000003FFF8FFFE3FFF871E00000000FE
:10B0780003FFF8FFFE3FFF871E0000000003FFF8F4
:10B08800FFFE3FFF871E0000000003FFF8FFFE3FA2
:10B09800FF871E0000000003FFF8FFFE3FFF871E2A
:10B0A8000000000003FFF8FFFE3FFF877E0000005E
:10B0B8000003FFF8FFFE3FFF87FE0000000003FFCC
:10B0C800F8FFFE3FFF87FE0000000003FFF8FFFEC9
:10B0D8003FFF87E00000000003FFF8FFFE3FFF8707
:10B0E800E00000000003FFF8FFFE3FFF87E00000DC
:10B0F800000003FFF8FFFE3FFF87E00000000003A9
:10B10800FFF8FFFE3FFF87E00000000003FFF8FFA5
:10B11800FE3FFF87E00000000003FFF8FFFE3FFF4F
:10B1280087E00000000003FFF8FFFE3FFF87E00014
:10B1380000000003FFF8FFFE3FFF87E0000000006B
:10B1480003FFF8FFFE3FFF87E00000000003FFF861
:10B15800FFFE3FFF87E00000000003FFF8FFFE3F0F
:10B16800FF87E00000000003FFF8FFFE3FFF87E0D5
:10B178000000000003FFF8FFFE3FFF87E00000002B
:10B188000003FFF8FFFE3FFF87E00000000003FF19
:10B19800F8FFFE3FFF87E00000000003FFF8FFFE16
:10B1A8003FFF87FE0000000003FFF8FFFE3FFF8718
:10B1B800FE0000000003FFF8FFFE3FFF877E00004F
:10B1C800000003FFF8FFFE3FFF871E00000000039A
:10B1D800FFF8FFFE3FFF871E0000000003FFF8FF97
:10B1E800FE3FFF871E0000000003FFF8FFFE3FFF41
:10B1F800871E0000000003FFF8FFFE3FFF871E00C8
:10B2080000000003FFF8FFFE3FFF871E000000005C
:10B2180003FFF8FFFE3FFF871E0000000001FFF05C
:10B228007FFE1FFF871E00000000000000000000D6
:10B2380000070E00000000000000000000000F0FD3
:10B2480000000000000000000000001E07FFFFFFD4
:10B25800FFFFFFFFFFFFFFFFFE03FFFFFFFFFFFFF3
:10B26800FFFFFFFFFFFC01FFFFFFFFFFFFFFFFFFE7
:10B27800FFFFF00001FFFFFFFFFFFFFFFFFFFFFFE2
:10B28800F003FFFFFFFFFFFFFFFFFFFFFFFC07FFCC
:10B29800FFFFFFFFFFFFFFFFFFFFFE0F00000000A3
:10B2A800000000000000001E0E000000000000006A
:10B2B800000000000F1E0000000000000000000059
:10B2C80000071E0000000000000000000000071E2C
:10B2D80000000FFFE3FFF8FFFE3FFF871E00000F8F
:10B2E800FFE3FFF8FFFE3FFF871E00000FFFE3FFAD
:10B2F800F8FFFE3FFF871E00000FFFE3FFF8FFFE89
:10B308003FFF871E00000FFFE3FFF8FFFE3FFF87A8
:10B318001E00000FFFE3FFF8FFFE3FFF877E0000DF
:10B328000FFFE3FFF8FFFE3FFF87FE00000FFFE37C
:10B33800FFF8FFFE3FFF87FE00000FFFE3FFF8FF67
:10B34800FE3FFF87E000000FFFE3FFF8FFFE3FFF2F
:10B3580087E000000FFFE3FFF8FFFE3FFF87E000F4
:10B36800000FFFE3FFF8FFFE3FFF87E000000FFF3D
:10B37800E3FFF8FFFE3FFF87E000000FFFE3FFF861
:10B38800FFFE3FFF87E000000FFFE3FFF8FFFE3FEF
:10B39800FF87E000000FFFE3FFF8FFFE3FFF87E0B5
:10B3A80000000FFFE3FFF8FFFE3FFF87E000000FFC
:10B3B800FFE3FFF8FFFE3FFF87E000000FFFE3FF1A
:10B3C800F8FFFE3FFF87E000000FFFE3FFF8FFFEF6
:10B3D8003FFF87E000000FFFE3FFF8FFFE3FFF8716
:10B3E800E000000FFFE3FFF8FFFE3FFF87E00000EB
:10B3F8000FFFE3FFF8FFFE3FFF87E000000FFFE3CA
:10B40800FFF8FFFE3FFF87E000000FFFE3FFF8FFB4
:10B41800FE3FFF87FE00000FFFE3FFF8FFFE3FFF40
:10B4280087FE00000FFFE3FFF8FFFE3FFF877E0067
:10B43800000FFFE3FFF8FFFE3FFF871E00000FFF2E
:10B44800E3FFF8FFFE3FFF871E00000FFFE3FFF852
:10B45800FFFE3FFF871E00000FFFE3FFF8FFFE3FE0
:10B46800FF871E00000FFFE3FFF8FFFE3FFF871E68
:10B4780000000FFFE3FFF8FFFE3FFF871E00000FED
:10B48800FFE3FFF8FFFE3FFF871E00000FFFC1FF2D
:10B49800F07FFE1FFF871E00000000000000000074
:10B4A8000000070E00000000000000000000000F70
:10B4B8000F00000000000000000000001E07FFFF52
:10B4C800FFFFFFFFFFFFFFFFFFFE03FFFFFFFFFF81
:10B4D800FFFFFFFFFFFFFC01FFFFFFFFFFFFFFFF75
:10B4E800FFFFFFF00001FFFFFFFFFFFFFFFFFFFF70
:10B4F800FFF003FFFFFFFFFFFFFFFFFFFFFFFC075A
:10B50800FFFFFFFFFFFFFFFFFFFFFFFE0F00000031
:10B5180000000000000000001E0E000000000000F7
:10B5280000000000000F1E000000000000000000E6
:10B538000000071E000000000000000000000007D7
:10B548001E3FFF8FFFE3FFF8FFFE3FFF871E3FFF11
:10B558008FFFE3FFF8FFFE3FFF871E3FFF8FFFE3EC
:10B56800FFF8FFFE3FFF871E3FFF8FFFE3FFF8FF57
:10B57800FE3FFF871E3FFF8FFFE3FFF8FFFE3FFF01
:10B58800871E3FFF8FFFE3FFF8FFFE3FFF877E3FE9
:10B59800FF8FFFE3FFF8FFFE3FFF87FE3FFF8FFFB0
:10B5A800E3FFF8FFFE3FFF87FE3FFF8FFFE3FFF853
:10B5B800FFFE3FFF87E03FFF8FFFE3FFF8FFFE3FFF
:10B5C800FF87E03FFF8FFFE3FFF8FFFE3FFF87E0C5
:10B5D8003FFF8FFFE3FFF8FFFE3FFF87E03FFF8F4E
:10B5E800FFE3FFF8FFFE3FFF87E03FFF8FFFE3FF2A
:10B5F800F8FFFE3FFF87E03FFF8FFFE3FFF8FFFE06
:10B608003FFF87E03FFF8FFFE3FFF8FFFE3FFF8725
:10B61800E03FFF8FFFE3FFF8FFFE3FFF87E03FFFBC
:10B628008FFFE3FFF8FFFE3FFF87E03FFF8FFFE359
:10B63800FFF8FFFE3FFF87E03FFF8FFFE3FFF8FFC4
:10B64800FE3FFF87E03FFF8FFFE3FFF8FFFE3FFF6E
:10B6580087E03FFF8FFFE3FFF8FFFE3FFF87E03FF4
:10B66800FF8FFFE3FFF8FFFE3FFF87E03FFF8FFFFD
:10B67800E3FFF8FFFE3FFF87E03FFF8FFFE3FFF8A0
:10B68800FFFE3FFF87FE3FFF8FFFE3FFF8FFFE3F10
:10B69800FF87FE3FFF8FFFE3FFF8FFFE3FFF877E38
:10B6A8003FFF8FFFE3FFF8FFFE3FFF871E3FFF8F3F
:10B6B800FFE3FFF8FFFE3FFF871E3FFF8FFFE3FF1B
:10B6C800F8FFFE3FFF871E3FFF8FFFE3FFF8FFFEF7
:10B6D8003FFF871E3FFF8FFFE3FFF8FFFE3FFF8717
:10B6E8001E3FFF8FFFE3FFF8FFFE3FFF871E3FFF70
:10B6F8008FFFE3FFF8FFFE3FFF871E3FFF0FFFC1ED
:10B70800FFF07FFE1FFF871E000000000000000002
:10B71800000000070E00000000000000000000000C
:10B728000F0F00000000000000000000001E07FFCF
:10B73800FFFFFFFFFFFFFFFFFFFFFE03FFFFFFFF0E
:10B74800FFFFFFFFFFFFFFFC01FFFFFFFFFFFFFF02
:10B75800FFFFFFFFF000FFFFFFFFFFFFFFFFFFFFFF
:10B76800FFFFFFFFFFFFFFFFFFFFFFFFFFFFFFFFE1
:10B77800FFFFFFFFFFFFFFFFFFFFFFFFFFFFFFFFD1
:10B78800FFFFFFFFFFFFFFFFFFFF000049BF06D0DD
:10B798004851E96E4951EA6EEF5012004851BA0F0C
:10B7A800F66EB70E4921800FF76EF86A0800F5505B
:10B7B80012004341500053454D49004E584C004932
:10B7C80043504C00524553500046554C4C00524192
:10B7D8004D50004C4F434B004D454E55005057526D
:10B7E8000046495245004457454C4C004C494D4988
:10B7F800540046494E450042595000425552535450
:10B8080000434F554E5400454E5445520053484F3F
:10B81800545300535553540045434F004D4F44452E
:10B828000053504B5200564F4C00564F4943450069
:10B8380053454C0054524947004442004155544F27
:10B84800004C4F41440044454C41590041444A0092
:10B858004653444F0053484F5400544D52004741FB
:10B868004D4500544F4700534F465400564552002B
:10B878004F444F004D455445520046414300524500
:10B88800534554004445464C540042414E4B320007
:10B8980042414E4B330056495300464F52434500F0
:10B8A8004F4646004F4E004558495400434F4E46B8
:10B8B800004C4F57004D45440048494748004D410A
:10B8C8005800425053004D5300534543004D494ED4
:06B8D80000312E333500A3
:00000001FF
