:020000040000FA
:04140000A5EF48F01C
:06140800000115D81100DF
:10141800D8CF1DF2E0CF1EF202011F6F00011BD8CA
:1014280002011F511EC2E0FF1DC2D8FF1000E9CF04
:1014380000F2EACF01F2F3CF02F2F4CF03F2ADECFF
:1014480010F09E9203C2F4FF02C2F3FF00C2E9FF4C
:1014580001C2EAFF1200E9CF20F2EACF21F2F3CF6E
:1014680022F2F4CF23F2F6CF24F2F7CF25F2F8CF09
:1014780026F2F5CF27F2F40ED76E500ED66EF29400
:101488007AEC48F027C2F5FF24C2F6FF25C2F7FF21
:1014980026C2F8FF23C2F4FF22C2F3FF20C2E9FFED
:1014A80021C2EAFF12003D6F3E6B110E3F6F08D05C
:1014B8003E3740373D513E5D40B1D880D8B03E6F91
:1014C8003B373C373F2FF4D73B511200326B336B1D
:1014D800110E346F0BD0323733373051325D315102
:1014E800335904E3336F3051325FD8802E372F37AA
:1014F800342FF1D72E511200406B416B190E426FF9
:101508000DD04037413705E23E51405D3F514159CA
:1015180005E33E51405F3F51415BD8803B373C3744
:101528003D37422FEED73B5112003D6F3E6B100EF8
:101538003F6F3B373C373E3740373D513E5D40B10A
:10154800D880D8B03E6F3F2FF4D73E511200406B81
:10155800416B180E426F3B373C373D3740374137B8
:1015680005E23E51405D3F51415904E33E51405F21
:101578003F51415B422FEFD740511200294906D015
:1015880029C2E9FFEA6AEE2A000EEF2200011200E2
:1015980002011B511C6F0101120002011A511C6F3C
:1015A80001011200020119511C6F01011200136F91
:1015B800166F156B146B196B1251186F176B175147
:1015C8001427185115231951162311511427000EE9
:1015D800152316231451120002016F6F706B6F519F
:1015E80070610ED0716B726B210E715D020E7259B3
:1015F80005E20000712B000E7223F6D7702BEFD78F
:101608001200296F2A6B29512A6105D000000000B9
:1016180000002A2BF8D712000201196FC68A9E967D
:1016280019C2C9FF9EA6FED7C9CF1AF21A511200D5
:101638009280928292849286809A929A93828194DE
:1016480093948196939681989398938A82809490A4
:1016580082929492829E949E8380959083829592A2
:1016680083849594838695969588958A838C959C92
:10167800838E959E848E9680849496941200700E24
:10168800D36E400E9B6E280EC26E3D0EC16E486929
:101698001B0E496FC280C69A400EC76EC66AC68ABC
:1016A800080ED56EF40ED76E500ED66EF194F29ADF
:1016B800F294D58EF28C5E0ECB6E380ECA6E9F8277
:1016C8009E929D92CA84D08EF28E0E0E0E01D26F1B
:1016D800FF6B0C0EBA6EBA9ABA98BB6A1200929255
:1016E8008082120092821200829012008280120080
:1016F8008484120084941200C29AC288C296C2845A
:10170800C282C2B2FED7C45012008386C28AC2986F
:10171800C286C294C282C2B2FED78396C450120057
:101728008194818612008184819612008194819629
:1017380012000201286F285105E0010A05E0030A9A
:1017480005E006D0EDDF05D0EEDF03D0EFDF01D0F6
:10175800EDDF000112000001605105E0010A0CE014
:10176800030A1CE02CD028C200F12AC261F02BC267
:1017780062F0010E606F23D06151621103E06107CE
:10178800000E625B615162111AE129C200F12CC29C
:1017980061F02DC262F0020E606F11D061516211CA
:1017A80003E06107000E625B6151621108E128C223
:1017B80000F12AC261F02BC262F0010E606F1200C4
:1017C8007F6E0001635105E0010A0FE0030A18E08B
:1017D80026D07F50AEDF7F5003E0080E646F02D042
:1017E800010E646F010E636F1AD0642F18D0020EB9
:1017F800A0DF7F5002E1070E646F020E636F0FD007
:101808006467640764670BD07F5093DF7F5003E001
:10181800080E646F02D0010E646F010E636F120030
:10182800839E060EF9DE838E839E980EF5DE838EE8
:1018380000011200839E050EEFDE000EEDDE366F0E
:10184800838E1200839E060EE7DE838E839ED80E5B
:10185800E3DE2CC219F22DC21AF22EC21BF298DE58
:101868000001DADE2CC219F22DC21AF22EC21BF2C6
:1018780094DE0001D1DE2CC219F22DC21AF22EC25A
:101888001BF290DE0001C8DE838E0001D3DF000169
:10189800E8B0FCD71200839E030EBEDE04C219F224
:1018A80005C21AF206C21BF273DE0001B5DE04C2DD
:1018B80019F205C21AF206C21BF26FDE0001ACDE95
:1018C80004C219F205C21AF206C21BF26BDE00014D
:1018D800A3DE000EA1DE076F838E00011200166FD3
:1018E800839E030E99DE11C219F212C21AF213C2B4
:1018F8001BF24EDE000190DE11C219F212C21AF27A
:1019080013C21BF24ADE000187DE11C219F212C2AD
:101918001AF213C21BF246DE00017EDE186B165166
:1019280018610DD0000E78DE176F18511425E96E76
:10193800000E1521EA6E17C2EFFF182BF0D7838E21
:101948001200356F839E060E67DE838E839E020E1D
:1019580063DE32C219F233C21AF234C21BF218DE45
:1019680000015ADE32C219F233C21AF234C21BF233
:1019780014DE000151DE32C219F233C21AF234C247
:101988001BF210DE000148DE355146DE838E52DF41
:10199800E8B0FDD71200306F316B3051316113D090
:1019A8002CC232F22DC233F22EC234F2010EEA6E8C
:1019B80031512F25E96EEF50C4DF2C2B000E2D235B
:1019C8002E23312BEAD712002C6B200E2C6107D066
:1019D80001EE01F02C51E926EF682C2BF6D7010116
:1019E800016B120E026F010E036F020E046F030EDD
:1019F800056F066B010E076F086B096B040E0A6F03
:101A08000B6B010E0C6F0D0E0D6F140E0E6F030E87
:101A18000F6F106B0A0E116F126B136B890E146F18
:101A2800030E156F166F050E176F186B196B1A6B6F
:101A380002012C6B200E2C6107D001EE21F02C51F5
:101A4800E926EF682C2BF6D70A0E0101216F040E48
:101A5800226F0A0E236F246F040E256F0A0E266F5D
:101A6800276F040E286F0A0E296F050E2A6F2B6F39
:101A78002C6F0A0E2D6F040E2E6F0A0E2F6F306F0B
:101A8800040E316F0A0E326F336F040E346F0A0E74
:101A9800356F366F040E376F0A0E386F120077C233
:101AA80001F17BC202F17CC203F17DC204F17EC266
:101AB80005F17FC206F180C207F181C208F182C236
:101AC80009F183C20AF184C20BF185C20CF186C206
:101AD8000DF187C20EF188C20FF189C210F18AC2D6
:101AE80011F18BC212F18CC213F18DC214F18EC2A6
:101AF80015F18FC216F190C217F19CC219F29DC25E
:101B08001AF29EC21BF24EDD186F9CC219F29DC2DA
:101B18001AF29EC21BF241DD196F9CC219F29DC2D6
:101B28001AF29EC21BF234DD1A6F91C220F1020133
:101B380077510FE0010A14E0030A19E0010A1EE0D8
:101B4800070A23E0010A28E0030A2DE0010A32E02F
:101B580037D078C221F179C222F17AC223F130D08C
:101B680078C224F179C225F17AC226F129D078C247
:101B780027F179C228F17AC229F122D078C22AF154
:101B880079C22BF17AC22CF11BD078C22DF179C21F
:101B98002EF17AC22FF114D078C230F179C231F126
:101BA8007AC232F10DD078C233F179C234F17AC2F7
:101BB80035F106D078C236F179C237F17AC238F1F8
:101BC8000101120000012CDE02012C6B2D6B2E6B23
:101BD800000138DE02012C6B2D6B2E6B010E2F6F6E
:101BE800200ED9DE200E2C6F2D6B2E6B210E2F6F41
:101BF800200ED1D69CC219F29DC21AF29EC21BF2C7
:101C0800D1DC186F9CC219F29DC21AF29EC21BF257
:101C1800C4DC196F9CC219F29DC21AF29EC21BF253
:101C2800B7DC1A6FCFDF01011200010E776303D012
:101C38009F6BA06B17D078510A0DF3CF2CF2F4CF1D
:101C48002DF279512C27000E2D23200E2E6F4E0ECB
:101C58002F6F2CC230F22DC231F238DC2EC29FF227
:101C68002FC2A0F212007A510A0DF3CF2CF2F4CF52
:101C78002DF279512C27000E2D23200E2E6F4E0E9B
:101C88002F6F2CC230F22DC231F220DC2EC2A1F20D
:101C98002FC2A2F2040EA15F000EA25B1200776BA6
:101CA800120E7B6F030E8E6F8F6F050E906F010EF5
:101CB8007C6F020E7D6F030E7E6F7F6B010E806F4F
:101CC800816B826B040E836F846B010E856F0D0E22
:101CD800866F140E876F030E886F896B0A0E8A6FE2
:101CE8008B6B8C6B890E8D6F77510FE0010A14E0B6
:101CF800030A19E0010A1EE0070A21E0010A26E0AA
:101D0800030A2BE0010A30E035D00A0E786F040E82
:101D1800796F0A0E7A6F2ED00A0E786F040E796FDB
:101D28000A0E7A6F27D00A0E786F040E796F0A0EA2
:101D38007A6F20D0050E786F796F7A6F1BD00A0EF4
:101D4800786F040E796F0A0E7A6F14D00A0E786FC6
:101D5800040E796F0A0E7A6F0DD00A0E786F040E92
:101D6800796F0A0E7A6F06D00A0E786F040E796FB3
:101D78000A0E7A6FA86B1200116B126B136B010EAF
:101D8800146F156F200EABDD200E116F126B136BE5
:101D9800210E146F010E156F200EA1DD01012051D7
:101DA800640A08E020516E0A05E020516F0A02E03B
:101DB800640E206F20C191F21451890A020116E0C5
:101DC80003DE91C220F1FEDE116B126B136B010E64
:101DD800146F156F200E83DD200E116F126B136BBD
:101DE800210E146F010E156F200E79DD2BA101C194
:101DF80077F202C17BF215C18EF216C18FF217C1BC
:101E080090F203C17CF27CC2A3F204C17DF205C149
:101E18007EF206C17FF27FC2A4F207C180F280C2BF
:101E2800A5F208C181F209C182F20AC183F20BC18D
:101E380084F20CC185F20DC186F20EC187F20FC182
:101E480088F210C189F211C18AF212C18BF213C152
:101E58008CF214C18DF218C128F219C129F21AC1E5
:101E68002AF277510FE0010A14E0030A19E0010A87
:101E78001EE0070A23E0010A28E0030A2DE0010A10
:101E880032E037D021C178F222C179F223C17AF247
:101E980030D024C178F225C179F226C17AF229D04E
:101EA80027C178F228C179F229C17AF222D02AC151
:101EB80078F22BC179F22CC17AF21BD02DC178F2BD
:101EC8002EC179F22FC17AF214D030C178F231C123
:101ED80079F232C17AF20DD033C178F234C179F295
:101EE80035C17AF206D036C178F237C179F238C1F5
:101EF8007AF29BDEB8DED8908335946F050E8403A2
:101F0800F3CF95F2010E866503D086C293F202D014
:101F1800010E936FA05105E1A00E9F6102D0010E42
:101F2800936F00019F87D89002018735966F140E32
:101F38008803F3CF97F228C211F229C212F22A516C
:101F4800DBEC0AF014C29CF215C29DF216C29EF296
:101F58008A513C0DF3CF9AF2F4CF9BF20A0E9A27DE
:101F6800000E9B23D00E3B6F070E3C6F905157EC31
:101F78000AF03BC298F23CC299F28129A66F0A0E78
:101F88007E03F3CFA7F28C4DA36B1200286B030ED0
:101F980028610BD089EC0BF02B6F02EE2DF0285145
:101FA800E9262BC2EFFF282BF2D7286B030E2861F6
:101FB80034D028C22AF22829296F030E296113D0A8
:101FC80002EE2DF02951E926EFCF2BF202EE2DF08B
:101FD8002A51E926EFCF2CF22C512B6102D029C2CD
:101FE8002AF2292BEAD702EE2DF02851E926EFCF65
:101FF8002BF202EE2DF02A51E926EFCF2CF202EE59
:102008002DF02851E9262CC2EFFF02EE2DF02A51BF
:10201800E9262BC2EFFF282BC9D72FC269F012007F
:10202800B50E696503D0050E656F19D0B20E6965E6
:1020380003D0040E656F13D0AF0E696503D0030E8D
:10204800656F0DD0AC0E696503D0020E656F07D0C1
:10205800A90E696503D0010E656F01D0656B12008A
:10206800056F060DF3CF09F2F4CF0AF20451100DF3
:10207800F3CF08F2076B066B09510625116F0A5159
:102088000721126F000E0821136F0B0E146F020E3A
:10209800156F060E24DC0BC211F20CC212F20D51A0
:1020A800DBEC0AF014C26EF015C26FF016C270F0C5
:1020B8000EC211F20FC212F21051DBEC0AF014C278
:1020C80071F015C272F016C273F0120002012C6F83
:1020D800A353D8B41200080E0001806107D0EA6A41
:1020E800740E8025E96E2CC2EFFF802B02011200CE
:1020F8000201A36702D000011200000180676C8111
:102108009D8212000201046B04BF03D0080E046113
:1021180007D0EA6A740E0425E96EEF68042BF4D739
:102128000001806B7F6B6C917C6B9D921200056F38
:102138000453D8B4056B05A3BA9A05B3BA8A05A1A6
:10214800BA9805B1BA88D8900531BB6ED890BB3221
:1021580012007C510BE0010A12E0030A1CE0010A9C
:1021680027E0070A35E0010A51E05BD06CA159D09D
:102178007CEC0BF07D6B7E6B010E7C6F52D07D2B5F
:10218800000E7E23210E7D5D030E7E594AE37F6B90
:10219800020E7C6F46D0A6C204F2EA6A740E7F254E
:1021A800E96EEF5002015CDF030E00017C6F39D04D
:1021B8006EC004F26FC005F270C006F24FEC0CF06E
:1021C8006D6F6E2B000E6F237023040E7C6F29D069
:1021D800A3C204F26D510201AADF000171516E5DC4
:1021E80072516F59735170590EE26EC004F26FC08C
:1021F80005F270C006F24FEC0CF06D6F6E2B000EFE
:102208006F2370230ED0050E7C6F0BD080057F6185
:1022180004D07F2B020E7C6F04D07EEC0BF072DFB3
:102228007C6B1200030E52DF00016551050A0BE0BA
:10223800010A0FE0070A13E0010A17E0030A1BE08E
:10224800010A1FE023D0330E41DF340E3FDF0001C7
:102258001DD0120E3BDF340E39DF000117D0450EBA
:1022680035DF340E33DF000111D01B0E2FDF340EA3
:102278002DDF00010BD0510E29DF340E27DF0001BE
:1022880005D0490E23DF340E21DF00011200D151A1
:102298002BE0010A2DE0030A2FE0010A31E0070ACA
:1022A80033E0010A35E0030A37E0010A39E00E0A93
:1022B8003BE0030A3DE0010A3FE0070A41E0010A6A
:1022C80045E0030A47E0010A49E01F0A4BE0010A1A
:1022D8004FE0030A51E01A0A55E01B0A57E0070AC3
:1022E80059E0010A5BE05DD0180EF0DE000159D01C
:1022F8000E0EECDE000155D0060EE8DE000151D0CE
:10230800050EE4DE00014DD0090EE0DE000149D0E3
:10231800080EDCDE000145D0400ED8DE000141D0B9
:10232800410ED4DE00013DD0480ED0DE000139D088
:10233800540ECCDE000135D04F0EC8DE000131D07E
:10234800200EC4DE240EC2DE00012BD0240EBEDE19
:10235800000127D01E0EBADE000123D01F0EB6DE04
:1023680000011FD03F0EB2DE4D0EB0DE000119D0C5
:10237800210EACDE000115D0210EA8DE4D0EA6DE22
:1023880000010FD00F0EA2DE00010BD0460E9EDE1C
:10239800000107D02F0E9ADE000103D0150E96DE3D
:1023A80000011200286F28510FE0010A10E0030A0B
:1023B80011E0010A12E0070A13E0010A14E0030A17
:1023C80015E0010A16E017D02E0E80DE14D03A0E62
:1023D8007DDE11D00A0E7ADE0ED0230E77DE0BD00A
:1023E800200E74DE08D0010E71DE05D0070E6EDEF9
:1023F80002D0000E6BDE12002C6F2C5139E0010A5E
:102408003AE0030A3BE0010A3CE0070A3DE0010A22
:102418003EE0030A3FE0010A40E00F0A41E0010AFA
:1024280042E0030A43E0010A44E0070A45E0010AE2
:1024380046E0030A47E0010A48E01F0A49E0010AAA
:102448004AE0030A4BE0010A4CE0070A4DE00A0A99
:102458004EE0360A4FE01A0A50E00E0A51E07A0AB6
:1024680052E0160A53E00A0A54E03E0A55E057D0F3
:10247800560E2D6F56D0320E2D6F53D0520E2D6F33
:1024880050D04C0E2D6F4DD01C0E2D6F4AD0190E0A
:102498002D6F47D0430E2D6F44D03C0E2D6F41D089
:1024A800100E2D6F3ED02B0E2D6F3BD0490E2D6F89
:1024B80038D0130E2D6F35D0500E2D6F32D04A0EF6
:1024C8002D6F2FD01D0E2D6F2CD0160E2D6F29D0ED
:1024D800440E2D6F26D03D0E2D6F23D0110E2D6F7B
:1024E80020D02C0E2D6F1DD0510E2D6F1AD04B0EF3
:1024F8002D6F17D01B0E2D6F14D0170E2D6F11D006
:10250800450E2D6F0ED03E0E2D6F0BD0120E2D6F77
:1025180008D02D0E2D6F05D0330E2D6F02D0420E30
:102528002D6F2D511200286F150E286105D02851E6
:1025380063DF296FCBDD1ED028C23BF23C6B0A0E4D
:1025480057EC0AF03BC22AF20A0E2A03F3CF2AF20A
:102558002A5304E02A5150DF296FB8DD28C23BF224
:102568003C6B0A0E99EC0AF02B6F2B5303E044DF07
:10257800296FACD51200286F285303E0310EA6DD71
:1025880002D0300EA3D512007F6E7F50000105E007
:10259800010A07E0030A08E007D0530E97DD00019F
:1025A80003D01A0E93DD000112007F6E7F500001E8
:1025B80007E0010A09E0030A0BE0010A0DE00FD069
:1025C800300E84DD00010BD0250E80DD000107D020
:1025D800270E7CDD000103D0220E78DD00011200F9
:1025E800286F285105E0010A06E0030A09E00CD02B
:1025F8000C0E6CDD09D0020E69DD520E67DD04D0C9
:10260800020E64DD4C0E62DD12007F6E7F50000109
:1026180005E0010A07E0030A09E00BD0300E56DD99
:10262800000107D0250E52DD000103D0220E4EDD39
:1026380000011200286F285303E00B0E47DD02D07B
:10264800140E44D512007F6E7F50000104E0300E56
:102658003DDD000103D0250E39DD000112007F6E3B
:102668007F50000104E0220E31DD000103D0250E69
:102678002DDD00011200706FC69A81888392716BFC
:10268800080E71610BD0819870AF02D0828E01D094
:10269800829E8188D8907037712BF2D7838212007E
:1026A80002016F6F8394E7DF8384120002016F6F6A
:1026B8008384E1DF838412002A0EF2DF6851F6DF9B
:1026C8006751F4DF6A51F2DF6951F0DF2B0EE8DF62
:1026D8006C51ECDF6B51EADF6E51E8DF6D51E6DFDC
:1026E8002C0EDEDF050EF0EC0AF02C0ED9D7315196
:1026F8002D253B6F32512E213C6F33512F253D6FD5
:10270800345130213E6F36513F6F3551406F2DC2E5
:1027180067F22EC268F23B05696F000E3C596A6F7A
:102728002FC26BF230C26CF23D056D6F000E3E5940
:102738006E6FC2DF2FC239F230C23AF23D51395DB5
:102748003E513A5915E22DC237F22EC238F23B51AA
:10275800375D3C51385908E23F51A8DF4051A6DFA8
:10276800372B000E3823F3D7392B000E3A23E6D740
:102778001200586B596B5A6B4C5148255B6F4D5181
:1027880049215C6F4E514A255D6F4F514B215E6F59
:102798004C514E03F3CF5FF2F4CF60F24D514E032C
:1027A800F35060274C514F03F35060275351616F2A
:1027B8005251626F5551636F5451646F48C267F24A
:1027C80049C268F25B05696F000E5C596A6F4AC2BC
:1027D8006BF24BC26CF25D056D6F000E5E596E6F49
:1027E8006BDF656B666B5F51655D6051665927E20B
:1027F80058670CD059515025676F5A515121686F4D
:10280800B5EC48F0576F592B000E5A23800E571518
:10281800566FD8905737582B080E586301D0586B0D
:10282800565305E0615142DF625140DF04D06351E5
:102838003DDF64513BDF652B000E6623D4D71200C1
:1028480039D842D8110E2CDF050EF0EC0AF03A0EFA
:1028580027DF550E2BDF2A0E23DF000E27DF000EA1
:1028680025DF000E23DF770E21DF2B0E19DF000E88
:102878001DDF000E1BDF000E19DFEF0E17DF440E01
:102888000FDF000E13DFEF0E11DF350E09DF000E2C
:102898000DDF360E05DF000E09DF530E01DF200EB7
:1028A80005DF190EF0EC0AF0290EFADE390EF8DE13
:1028B800000112008390010EF0EC0AF08380960E5E
:1028C800F0EC0AF000011200C00EEADE5A0EEEDE4D
:1028D8005A0EECDEC10EE4DE5A0EE8DE5A0EE6DED3
:1028E800D00EDEDE100EE2DEB10EDADEEA0EDEDE3D
:1028F800F00EDCDE000EDADE780ED8DE000ED6DE54
:102908000C0ED4DE000ED2DE080ED0DE000ECEDEB7
:102918001C0ECCDE000ECADE1C0EC8DE000EC6DEA3
:102928000C0EC4DE000EC2DE080EC0DE000EBEDED7
:102938001C0EBCDE000EBADE1C0EB8DE000EB6DEC3
:10294800000EB4DE0C0EB2DE000EB0DE5F0EAEDEA0
:10295800000EACDE1C0EAADE000EA8DE1C0EA6DEE3
:10296800000EA4DE0C0EA2DE000EA0DE5F0E9EDEC0
:10297800000E9CDE1C0E9ADE000E98DE1C0E96DE03
:10298800000E94DE000E92DE200E90DE000E8EDE2B
:10299800000E8CDE770E8ADE000E88DE000E86DEE4
:1029A800000E84DEEF0E82DE000E80DE000E7EDE7C
:1029B800000E7CDE100E7ADEB20E72DE130E76DEAC
:1029C800130E74DE040E72DE040E70DE130E6EDE5D
:1029D800040E6CDE040E6ADE130E68DE130E66DE6D
:1029E800040E64DE040E62DE040E60DE040E5EDE9B
:1029F8000F0E5CDE000E5ADE000E58DE5E0E56DE4E
:102A0800000E54DEA60E52DE000E50DE5E0E4EDEC6
:102A1800000E4CDEA90E4ADE000E48DE5E0E46DED3
:102A2800000E44DE030E42DE000E40DE5E0E3EDE89
:102A3800000E3CDE000E3ADE000E38DE5E0E36DE9C
:102A4800000E34DEA60E32DE000E30DE5E0E2EDE06
:102A5800000E2CDEA90E2ADE000E28DE5E0E26DE13
:102A6800000E24DE030E22DE000E20DE5E0E1EDEC9
:102A7800000E1CDE020E1ADE1F0E18DE580E16DEC1
:102A8800750E14DE000E12DE010E10DE000E0EDED4
:102A9800000E0CDE310E0ADE5A0E08DE1A0E06DEB5
:102AA800D50E04DE3D0E02DE600E00DE000EFEDDF9
:102AB800000EFCDD000EFADD000EF8DD000EF6DD7E
:102AC800000EF4DD000EF2DD000EF0DD000EEEDD8E
:102AD800000EECDD000EEADD000EE8DD000EE6DD9E
:102AE800000EE4DD000EE2DD000EE0DD000EDEDDAE
:102AF800000EDCDD000EDADD000ED8DD000ED6DDBE
:102B0800000ED4DD000ED2DD130ED0DD770ECEDD43
:102B1800B30EC6DD000ECADD000EC8DD000EC6DD30
:102B2800030EC4DD020EC2DD010EC0DD000EBEDDE7
:102B3800000EBCDD000EBADD140EB8DD130EB6DDD6
:102B4800120EB4DD000EB2DD000EB0DD000EAEDDFB
:102B5800000EACDD060EAADD050EA8DD040EA6DD0E
:102B6800000EA4DD000EA2DD000EA0DD0F0E9EDD1E
:102B78000E0E9CDD0D0E9ADD000E98DD000E96DD22
:102B8800000E94DD000E92DD000E90DD000E8EDD4D
:102B9800000E8CDDB40E84DD200E88DD030E86DD8C
:102BA800C00E84DD000E82DD080E80DD030E7EDDA2
:102BB800030E7CDD030E7ADD030E78DD030E76DD71
:102BC800000E74DD0B0E72DD0B0E70DD0B0E6EDD6C
:102BD8000B0E6CDD0B0E6ADD0B0E68DD140E66DD68
:102BE800410E64DD250E62DD520E60DD360E5EDDBF
:102BF800630E5CDD410E5ADD140E58DD520E56DDB3
:102C0800250E54DD630E52DD360E50DD140E4EDDFA
:102C1800410E4CDD250E4ADD520E48DD360E46DDEE
:102C2800630E44DD410E42DD140E40DD520E3EDDE2
:102C3800250E3CDD630E3ADD360E38DD000E36DD3E
:102C4800000E34DD2A0E32DD150E30DD2A0E2EDDA3
:102C5800150E2CDD150E2ADD2A0E28DD150E26DDB3
:102C68002A0E24DD000E22DD000E20DD000E1EDD02
:102C7800000E1CDD000E1ADD000E18DD000E16DD3C
:102C8800B50E0EDD000E12DD000E10DD090E0EDD94
:102C9800090E0CDD010E0ADD290E08DD100E06DD19
:102CA800000E04DD010E02DD320E00DD000EFEDC3A
:102CB800320EFCDC000EFADC630EF8DC000EF6DCEB
:102CC800AD0EF4DC000EF2DC630EF0DC000EEEDC80
:102CD800AD0EECDC000EEADC000EE8DC000EE6DCF3
:102CE800000EE4DC000EE2DC000EE0DC000EDEDCB0
:102CF800000EDCDC000EDADC000ED8DC000ED6DCC0
:102D0800000ED4DC000ED2DC000ED0DC000ECEDCCF
:102D1800000ECCDC000ECADC020EC8DC010EC6DCDC
:102D2800020EC4DC010EC2DC020EC0DC010EBEDCE9
:102D3800000EBCDC000EBADC000EB8DC000EB6DCFF
:102D48000B0EB4DC000EB2DC550EB0DC000EAEDCAF
:102D58000B0EACDC000EAADC550EA8DC000EA6DCBF
:102D6800000EA4DC000EA2DC000EA0DC000E9EDC2F
:102D7800000E9CDC000E9ADC000E98DC000E96DC3F
:102D8800000E94DC000E92DC000E90DC000E8EDC4F
:102D9800000E8CDC000E8ADC010E88DC000E86DC5E
:102DA800010E84DC000E82DC000E80DC000E7EDC6E
:102DB800000E7CDC000E7ADC000E78DC000E76DC7F
:102DC800000E74DC000E72DCB80E6ADC000E6EDCDD
:102DD800E70E6CDC300E6ADC000E68DC110E66DC77
:102DE800110E64DC110E62DC110E60DC110E5EDC6B
:102DF800110E5CDC220E5ADC220E58DC220E56DC48
:102E0800000E54DC000E52DC220E50DC220E4EDC8A
:102E1800220E4CDC000E4ADC000E48DC000E46DCBC
:102E2800000E44DC000E42DC000E40DC000E3EDCEE
:102E3800000E3CDC000E3ADCBB0E32DC010E36DC48
:102E4800C80E34DCC80E32DCC80E30DC800E2EDC36
:102E5800800E2CDC800E2ADC4C0E28DC590E26DC79
:102E6800660E24DCBD0E1CDC010E20DC000E1EDC10
:102E78000A0E1CDC000E1ADC320E18DC000E16DC02
:102E8800040E14DC010E12DC050E10DC050E0EDC3F
:102E9800000E0CDC000E0ADC000E08DC000E06DC5E
:102EA800000E04DC000E02DC000E00DC140E5AECEE
:102EB80013F0010E5AEC13F0000E5AEC13F0000E4A
:102EC8005AEC13F0000E5AEC13F0100E5AEC13F0F3
:102ED800030E5AEC13F0030E5AEC13F0000E5AECE2
:102EE80013F0BE0E54EC13F0000E5AEC13F0000E63
:102EF8005AEC13F0040E5AEC13F0010E5AEC13F0CE
:102F0800040E5AEC13F0010E5AEC13F0040E5AECAE
:102F180013F0010E5AEC13F0040E5AEC13F0010EE4
:102F28005AEC13F0040E5AEC13F0010E5AEC13F09D
:102F3800040E5AEC13F0010E5AEC13F0040E5AEC7E
:102F480013F0010E5AEC13F0040E5AEC13F0010EB4
:102F58005AEC13F0040E5AEC13F0010E5AEC13F06D
:102F6800000E5AEC13F0000E5AEC13F0040E5AEC53
:102F780013F0010E5AEC13F0040E5AEC13F0010E84
:102F88005AEC13F0040E5AEC13F0010E5AEC13F03D
:102F9800040E5AEC13F0010E5AEC13F0040E5AEC1E
:102FA80013F0010E5AEC13F0040E5AEC13F0010E54
:102FB8005AEC13F0040E5AEC13F0010E5AEC13F00D
:102FC800040E5AEC13F0010E5AEC13F0040E5AECEE
:102FD80013F0010E5AEC13F0000E5AEC13F0000E29
:102FE8005AEC13F0040E5AEC13F0010E5AEC13F0DD
:102FF800040E5AEC13F0010E5AEC13F0040E5AECBE
:1030080013F0010E5AEC13F0040E5AEC13F0010EF3
:103018005AEC13F0040E5AEC13F0010E5AEC13F0AC
:10302800040E5AEC13F0010E5AEC13F0040E5AEC8D
:1030380013F0010E5AEC13F0040E5AEC13F0010EC3
:103048005AEC13F0040E5AEC13F0010E5AEC13F07C
:10305800020E5AEC13F0020E5AEC13F0020E5AEC60
:1030680013F0020E5AEC13F0020E5AEC13F0020E93
:103078005AEC13F0000E5AEC13F0000E5AEC13F051
:10308800000E5AEC13F0000E5AEC13F0000E5AEC36
:1030980013F0000E5AEC13F0000E5AEC13F0000E69
:1030A8005AEC13F0FF0E5AEC13F0000E5AEC13F022
:1030B800000E5AEC13F0000E5AEC13F0000E5AEC06
:1030C80013F0000E5AEC13F0000E5AEC13F0000E39
:1030D8005AEC13F0000E5AEC13F0FF0E5AEC13F0F2
:1030E800000E5AEC13F0000E5AEC13F0000E5AECD6
:1030F80013F0000E5AEC13F0000E5AEC13F0000E09
:103108005AEC13F0000E5AEC13F0000E5AEC13F0C0
:10311800FF0E5AEC13F0000E5AEC13F0000E5AECA6
:1031280013F0000E5AEC13F0000E5AEC13F0040ED4
:103138005AEC13F0040E5AEC13F0100E5AEC13F07C
:10314800000E5AEC13F0000E5AEC13F0000E5AEC75
:1031580013F0320E5AEC13F0000E5AEC13F0000E76
:103168005AEC13F0000E5AEC13F0000E5AEC13F060
:10317800000E5AEC13F0000E5AEC13F0000E5AEC45
:1031880013F0000E5AEC13F0000E5AEC13F0000E78
:103198005AEC13F0000E5AEC13F0000E5AEC13F030
:1031A800000E5AEC13F0000E5AEC13F0000E5AEC15
:1031B80013F0000E5AEC13F0000E5AEC13F0000E48
:1031C8005AEC13F0000E5AEC13F0000E5AEC13F000
:1031D800000E5AEC13F0320E5AEC13F0000E5AECB3
:1031E80013F0000E5AEC13F0000E5AEC13F0000E18
:1031F8005AEC13F0000E5AEC13F0000E5AEC13F0D0
:10320800000E5AEC13F0000E5AEC13F0000E5AECB4
:1032180013F0000E5AEC13F0000E5AEC13F0000EE7
:103228005AEC13F0000E5AEC13F0000E5AEC13F09F
:10323800000E5AEC13F0000E5AEC13F0000E5AEC84
:1032480013F0000E5AEC13F0000E5AEC13F0000EB7
:103258005AEC13F0000E5AEC13F0320E5AEC13F03D
:10326800000E5AEC13F0000E5AEC13F0000E5AEC54
:1032780013F0000E5AEC13F0000E5AEC13F0000E87
:103288005AEC13F0000E5AEC13F0000E5AEC13F03F
:10329800000E5AEC13F0000E5AEC13F0000E5AEC24
:1032A80013F0000E5AEC13F0000E5AEC13F0000E57
:1032B8005AEC13F0000E5AEC13F0000E5AEC13F00F
:1032C800000E5AEC13F0000E5AEC13F0000E5AECF4
:1032D80013F0000E5AEC13F0000E5AEC13F0000E27
:1032E8005AEC13F0000E5AEC13F0000E5AEC13F0DF
:1032F800C20E54EC13F0FC0E5AEC13F0C30E54EC4F
:1033080013F0000E5AEC13F0000E5AEC13F0FF0EF7
:103318005AEC13F0070E5AEC13F0000E5AEC13F0A7
:10332800000E5AEC13F0FF0E5AEC13F0070E5AEC8D
:1033380013F0000E5AEC13F0000E5AEC13F0FF0EC7
:103348005AEC13F0040E5AEC13F0C50E54EC13F0BB
:10335800800E5AEC13F0050E5AEC13F0320E5AECAC
:1033680013F0050E5AEC13F03F0E5AEC13F0060E4C
:103378005AEC13F0510E5AEC13F0050E5AEC13F0F8
:10338800080E5AEC13F0050E5AEC13F0080E5AEC1E
:1033980013F0060E5AEC13F0210E5AEC13F0050E3A
:1033A8005AEC13F0DC0E5AEC13F0040E5AEC13F03E
:1033B800CF0E5AEC13F0050E5AEC13F0F10E5AEC3E
:1033C80013F0040E5AEC13F0B00E5AEC13F0040E7E
:1033D8005AEC13F0960E5AEC13F0050E5AEC13F053
:1033E800C00E5AEC13F0040E5AEC13F0830E5AEC8C
:1033F80013F0040E5AEC13F05E0E5AEC13F0050E9F
:103408005AEC13F08E0E5AEC13F0040E5AEC13F02B
:10341800550E5AEC13F0040E5AEC13F0250E5AEC24
:1034280013F0050E5AEC13F05B0E5AEC13F0040E71
:103438005AEC13F0250E5AEC13F0040E5AEC13F064
:10344800EB0E5AEC13F0040E5AEC13F0260E5AEC5D
:1034580013F0040E5AEC13F0F40E5AEC13F0030EAA
:103468005AEC13F0AF0E5AEC13F0040E5AEC13F0AA
:10347800EF0E5AEC13F0030E5AEC13F0C00E5AEC90
:1034880013F0030E5AEC13F0700E5AEC13F0040EFE
:103498005AEC13F0B40E5AEC13F0030E5AEC13F076
:1034A8008A0E5AEC13F0030E5AEC13F02E0E5AEC57
:1034B80013F0040E5AEC13F0760E5AEC13F0030EC8
:1034C8005AEC13F0500E5AEC13F0030E5AEC13F0AA
:1034D800E80E5AEC13F0030E5AEC13F0340E5AECC3
:1034E80013F0030E5AEC13F0110E5AEC13F0030EFE
:1034F8005AEC13F09D0E5AEC13F0030E5AEC13F02D
:10350800EB0E5AEC13F0020E5AEC13F0CE0E5AECF6
:1035180013F0020E5AEC13F04A0E5AEC13F0030E95
:103528005AEC13F0C50E5AEC13F0020E5AEC13F0D5
:10353800AA0E5AEC13F0020E5AEC13F01D0E5AECB8
:1035480013F0030E5AEC13F09B0E5AEC13F0020E14
:103558005AEC13F0830E5AEC13F0020E5AEC13F0E7
:10356800ED0E5AEC13F0020E5AEC13F06C0E5AECF6
:1035780013F0020E5AEC13F0560E5AEC13F0020E2A
:103588005AEC13F0BB0E5AEC13F0020E5AEC13F07F
:10359800510E5AEC13F0020E5AEC13F03D0E5AEC91
:1035A80013F0020E5AEC13F0A00E5AEC13F0020EB0
:1035B8005AEC13F0350E5AEC13F0020E5AEC13F0D5
:1035C800230E5AEC13F0020E5AEC13F0840E5AEC48
:1035D80013F0020E5AEC13F0160E5AEC13F0020E0A
:1035E8005AEC13F0060E5AEC13F0020E5AEC13F0D4
:1035F800660E5AEC13F0020E5AEC13F0F40E5AEC65
:1036080013F0010E5AEC13F0E60E5AEC13F0010E0B
:103618005AEC13F0470E5AEC13F0020E5AEC13F062
:10362800CD0E5AEC13F0010E5AEC13F0C20E5AEC00
:1036380013F0010E5AEC13F0250E5AEC13F0020E9B
:103648005AEC13F09C0E5AEC13F0010E5AEC13F0DE
:10365800980E5AEC13F0010E5AEC13F0030E5AECC4
:1036680013F0020E5AEC13F0560E5AEC13F0010E3A
:103678005AEC13F0640E5AEC13F0010E5AEC13F0E6
:10368800DE0E5AEC13F0010E5AEC13F0100E5AEC41
:1036980013F0010E5AEC13F0300E5AEC13F0010E31
:1036A8005AEC13F0B90E5AEC13F0010E5AEC13F061
:1036B800CA0E5AEC13F0000E5AEC13F0FC0E5AEC3A
:1036C80013F0000E5AEC13F0940E5AEC13F0010E9E
:1036D8005AEC13F0A70E5AEC13F0000E5AEC13F044
:1036E800E20E5AEC13F0000E5AEC13F0820E5AEC6C
:1036F80013F0010E5AEC13F0000E5AEC13F0000E02
:103708005AEC13F0000E5AEC13F0000E5AEC13F0BA
:10371800000E5AEC13F0000E5AEC13F0C60E54ECDF
:1037280013F0FD0E5AEC13F0050E5AEC13F0870E49
:103738005AEC13F0050E5AEC13F0C20E5AEC13F0C3
:10374800060E5AEC13F0B60E5AEC13F0050E5AECAE
:1037580013F0510E5AEC13F0050E5AEC13F0790ED3
:103768005AEC13F0060E5AEC13F0750E5AEC13F0DF
:10377800050E5AEC13F01C0E5AEC13F0050E5AEC19
:1037880013F0330E5AEC13F0060E5AEC13F0380E01
:103798005AEC13F0050E5AEC13F0E80E5AEC13F03D
:1037A800040E5AEC13F0ED0E5AEC13F0050E5AEC19
:1037B80013F0FC0E5AEC13F0040E5AEC13F0B20E90
:1037C8005AEC13F0040E5AEC13F0A60E5AEC13F050
:1037D800050E5AEC13F0C10E5AEC13F0040E5AEC15
:1037E80013F07D0E5AEC13F0040E5AEC13F0610E30
:1037F8005AEC13F0050E5AEC13F0840E5AEC13F041
:10380800040E5AEC13F0460E5AEC13F0040E5AEC60
:1038180013F01D0E5AEC13F0050E5AEC13F0470E78
:103828005AEC13F0040E5AEC13F00F0E5AEC13F086
:10383800040E5AEC13F0D70E5AEC13F0040E5AEC9F
:1038480013F00A0E5AEC13F0040E5AEC13F0D60ECD
:103858005AEC13F0030E5AEC13F0910E5AEC13F0D5
:10386800040E5AEC13F0C90E5AEC13F0030E5AEC7E
:1038780013F09A0E5AEC13F0030E5AEC13F0480E9C
:103888005AEC13F0040E5AEC13F0850E5AEC13F0B0
:10389800030E5AEC13F05B0E5AEC13F0030E5AECBD
:1038A80013F0FB0E5AEC13F0030E5AEC13F03E0E15
:1038B8005AEC13F0030E5AEC13F0180E5AEC13F0EE
:1038C800030E5AEC13F0AA0E5AEC13F0030E5AEC3E
:1038D80013F0F10E5AEC13F0020E5AEC13F0D10E5D
:1038E8005AEC13F0020E5AEC13F0520E5AEC13F085
:1038F800030E5AEC13F0CA0E5AEC13F0020E5AECEF
:1039080013F0AC0E5AEC13F0020E5AEC13F0220E20
:103918005AEC13F0030E5AEC13F09E0E5AEC13F007
:10392800020E5AEC13F0830E5AEC13F0020E5AEC06
:1039380013F0EF0E5AEC13F0020E5AEC13F06E0E61
:103948005AEC13F0020E5AEC13F0560E5AEC13F020
:10395800020E5AEC13F0BA0E5AEC13F0020E5AEC9F
:1039680013F0540E5AEC13F0020E5AEC13F03D0EFD
:103978005AEC13F0020E5AEC13F09E0E5AEC13F0A8
:10398800020E5AEC13F0370E5AEC13F0020E5AECF2
:1039980013F0220E5AEC13F0020E5AEC13F0800EBC
:1039A8005AEC13F0020E5AEC13F0190E5AEC13F0FD
:1039B800020E5AEC13F0060E5AEC13F0020E5AECF3
:1039C80013F05F0E5AEC13F0020E5AEC13F0F80ED7
:1039D8005AEC13F0010E5AEC13F0E70E5AEC13F000
:1039E800010E5AEC13F03D0E5AEC13F0020E5AEC8D
:1039F80013F0D20E5AEC13F0010E5AEC13F0C30E6A
:103A08005AEC13F0010E5AEC13F0180E5AEC13F09E
:103A1800020E5AEC13F0A60E5AEC13F0010E5AECF3
:103A280013F09C0E5AEC13F0010E5AEC13F0F10E41
:103A38005AEC13F0010E5AEC13F06F0E5AEC13F017
:103A4800010E5AEC13F06A0E5AEC13F0010E5AEC00
:103A580013F0C50E5AEC13F0010E5AEC13F0380EA1
:103A68005AEC13F0010E5AEC13F0380E5AEC13F01E
:103A7800010E5AEC13F0990E5AEC13F0010E5AECA1
:103A880013F0010E5AEC13F0010E5AEC13F0060E67
:103A98005AEC13F0010E5AEC13F06D0E5AEC13F0B9
:103AA800010E5AEC13F0E60E5AEC13F0000E5AEC25
:103AB80013F0ED0E5AEC13F0000E5AEC13F0570EFB
:103AC8005AEC13F0010E5AEC13F0000E5AEC13F0F6
:103AD800000E5AEC13F0000E5AEC13F0000E5AECDC
:103AE80013F0000E5AEC13F0000E5AEC13F0D40E3B
:103AF80054EC13F0000E5AEC13F0780E5AEC13F055
:103B0800000E5AEC13F0F00E5AEC13F0000E5AECBB
:103B180013F0080E5AEC13F0080E5AEC13F0140EBA
:103B28005AEC13F0140E5AEC13F0000E5AEC13F082
:103B3800000E5AEC13F0D50E54EC13F0010E5AECAB
:103B480013F0000E5AEC13F0370E5AEC13F0000E77
:103B58005AEC13F0010E5AEC13F0000E5AEC13F065
:103B6800040E5AEC13F0000E5AEC13F0BF0E5AEC88
:103B780013F0000E5AEC13F0040E5AEC13F0000E7A
:103B88005AEC13F0000E5AEC13F0000E5AEC13F036
:103B9800000E5AEC13F0000E5AEC13F0000E5AEC1B
:103BA80013F0000E5AEC13F0000E5AEC13F0000E4E
:103BB8005AEC13F0000E5AEC13F0000E5AEC13F006
:103BC800000E5AEC13F0000E5AEC13F0040E5AECE7
:103BD80013F0000E5AEC13F0BF0E5AEC13F0000E5F
:103BE8005AEC13F0040E5AEC13F0000E5AEC13F0D2
:103BF800010E5AEC13F0000E5AEC13F0370E5AEC83
:103C080013F0000E5AEC13F0010E5AEC13F0000EEC
:103C18005AEC13F0000E5AEC13F0000E5AEC13F0A5
:103C2800050E5AEC13F0000E5AEC13F0000E5AEC85
:103C380013F0000E5AEC13F0050E5AEC13F0000EB8
:103C48005AEC13F0EC0E5AEC13F0000E5AEC13F089
:103C5800050E5AEC13F0000E5AEC13F0000E5AEC55
:103C680013F0000E5AEC13F0050E5AEC13F0000E88
:103C78005AEC13F0000E5AEC13F0000E5AEC13F045
:103C8800D60E54EC13F0010E5AEC13F0000E5AEC59
:103C980013F0370E5AEC13F0000E5AEC13F0010E25
:103CA8005AEC13F0000E5AEC13F0040E5AEC13F011
:103CB800000E5AEC13F0BF0E5AEC13F0000E5AEC3B
:103CC80013F0040E5AEC13F0000E5AEC13F0000E29
:103CD8005AEC13F0000E5AEC13F0000E5AEC13F0E5
:103CE800000E5AEC13F0000E5AEC13F0000E5AECCA
:103CF80013F0000E5AEC13F0000E5AEC13F0000EFD
:103D08005AEC13F0000E5AEC13F0000E5AEC13F0B4
:103D1800000E5AEC13F0040E5AEC13F0000E5AEC95
:103D280013F0BF0E5AEC13F0000E5AEC13F0040E09
:103D38005AEC13F0000E5AEC13F0010E5AEC13F083
:103D4800000E5AEC13F0370E5AEC13F0000E5AEC32
:103D580013F0010E5AEC13F0000E5AEC13F0000E9B
:103D68005AEC13F0000E5AEC13F0050E5AEC13F04F
:103D7800000E5AEC13F0000E5AEC13F0000E5AEC39
:103D880013F0050E5AEC13F0000E5AEC13F0EC0E7B
:103D98005AEC13F0000E5AEC13F0050E5AEC13F01F
:103DA800000E5AEC13F0000E5AEC13F0000E5AEC09
:103DB80013F0050E5AEC13F0000E5AEC13F0000E37
:103DC8005AEC13F0000E5AEC13F0D70E54EC13F023
:103DD800010E5AEC13F0000E5AEC13F0370E5AECA1
:103DE80013F0000E5AEC13F0010E5AEC13F0000E0B
:103DF8005AEC13F0040E5AEC13F0000E5AEC13F0C0
:103E0800BF0E5AEC13F0000E5AEC13F0040E5AECE5
:103E180013F0000E5AEC13F0000E5AEC13F0000EDB
:103E28005AEC13F0000E5AEC13F0000E5AEC13F093
:103E3800000E5AEC13F0000E5AEC13F0000E5AEC78
:103E480013F0000E5AEC13F0000E5AEC13F0000EAB
:103E58005AEC13F0000E5AEC13F0000E5AEC13F063
:103E6800040E5AEC13F0000E5AEC13F0BF0E5AEC85
:103E780013F0000E5AEC13F0040E5AEC13F0000E77
:103E88005AEC13F0010E5AEC13F0000E5AEC13F032
:103E9800370E5AEC13F0000E5AEC13F0010E5AECE0
:103EA80013F0000E5AEC13F0000E5AEC13F0000E4B
:103EB8005AEC13F0050E5AEC13F0000E5AEC13F0FE
:103EC800000E5AEC13F0000E5AEC13F0050E5AECE3
:103ED80013F0000E5AEC13F0EC0E5AEC13F0000E2F
:103EE8005AEC13F0050E5AEC13F0000E5AEC13F0CE
:103EF800000E5AEC13F0000E5AEC13F0050E5AECB3
:103F080013F0000E5AEC13F0000E5AEC13F0000EEA
:103F18005AEC13F0D80E54EC13F0010E5AEC13F0CF
:103F2800000E5AEC13F0370E5AEC13F0000E5AEC50
:103F380013F0010E5AEC13F0000E5AEC13F0040EB5
:103F48005AEC13F0000E5AEC13F0BF0E5AEC13F0B3
:103F5800000E5AEC13F0040E5AEC13F0000E5AEC53
:103F680013F0000E5AEC13F0000E5AEC13F0000E8A
:103F78005AEC13F0000E5AEC13F0000E5AEC13F042
:103F8800000E5AEC13F0000E5AEC13F0000E5AEC27
:103F980013F0000E5AEC13F0000E5AEC13F0000E5A
:103FA8005AEC13F0000E5AEC13F0040E5AEC13F00E
:103FB800000E5AEC13F0BF0E5AEC13F0000E5AEC38
:103FC80013F0040E5AEC13F0000E5AEC13F0010E25
:103FD8005AEC13F0000E5AEC13F0370E5AEC13F0AB
:103FE800000E5AEC13F0010E5AEC13F0000E5AECC6
:103FF80013F0000E5AEC13F0000E5AEC13F0050EF5
:104008005AEC13F0000E5AEC13F0000E5AEC13F0B1
:10401800000E5AEC13F0050E5AEC13F0000E5AEC91
:1040280013F0EC0E5AEC13F0000E5AEC13F0050ED8
:104038005AEC13F0000E5AEC13F0000E5AEC13F081
:10404800000E5AEC13F0050E5AEC13F0000E5AEC61
:1040580013F0000E5AEC13F0000E5AEC13F0DE0EBB
:1040680054EC13F0000E5AEC13F0000E5AEC13F057
:10407800000E5AEC13F0DF0E54EC13F0FF0E5AEC5E
:1040880013F0FF0E5AEC13F0FF0E5AEC13F0FF0E6C
:104098005AEC13F0FF0E5AEC13F0FF0E5AEC13F023
:1040A800080E5AEC13F0080E5AEC13F0080E5AECEE
:1040B80013F0080E5AEC13F0080E5AEC13F0080E21
:1040C8005AEC13F0080E5AEC13F0080E5AEC13F0E1
:1040D800080E5AEC13F0080E5AEC13F0000E5AECC6
:1040E80013F0060E5AEC13F0550E5AEC13F0500E5E
:1040F8005AEC13F0FF0E5AEC13F0FF0E5AEC13F0C3
:10410800080E5AEC13F0080E5AEC13F0080E5AEC8D
:1041180013F0EE0E54EC13F0400E5AEC13F0000EB0
:104128005AEC13F0000E5AEC13F0000E5AEC13F090
:10413800000E5AEC13F0000E5AEC13F0000E5AEC75
:1041480013F0000E5AEC13F0010E5AEC13F0010EA6
:104158005AEC13F0000E5AEC13F0000E5AEC13F060
:10416800000E5AEC13F0000E5AEC13F0000E5AEC45
:1041780013F0000E5AEC13F0000E5AEC13F0000E78
:104188005AEC13F0000E5AEC13F0000E5AEC13F030
:10419800000E5AEC13F0000E5AEC13F0000E5AEC15
:1041A80013F0000E5AEC13F0000E5AEC13F0000E48
:1041B8005AEC13F0000E5AEC13F0000E5AEC13F000
:1041C800000E5AEC13F0000E5AEC13F0000E5AECE5
:1041D80013F0000E5AEC13F0000E5AEC13F0000E18
:1041E8005AEC13F0000E5AEC13F0000E5AEC13F0D0
:1041F800000E5AEC13F0000E5AEC13F0000E5AECB5
:1042080013F0000E5AEC13F0000E5AEC13F0000EE7
:104218005AEC13F0000E5AEC13F0000E5AEC13F09F
:10422800F00E54EC13F0750E5AEC13F02A0E5AECFB
:1042380013F0700E5AEC13F0700E5AEC13F0700E67
:104248005AEC13F0580E5AEC13F02F0E5AEC13F0E8
:104258001C0E5AEC13F01C0E5AEC13F08A0E5AEC92
:1042680013F08A0E5AEC13F0100E5AEC13F0100EDD
:104278005AEC13F0750E5AEC13F02A0E5AEC13F0A0
:10428800700E5AEC13F0700E5AEC13F0700E5AECD4
:1042980013F0580E5AEC13F0250E5AEC13F01C0EBE
:1042A8005AEC13F01C0E5AEC13F08A0E5AEC13F069
:1042B8008A0E5AEC13F0100E5AEC13F0100E5AEC4A
:1042C80013F0F10E54EC13F0110E5AEC13F06E0EBD
:1042D8005AEC13F0490E5AEC13F0D00E5AEC13F0C6
:1042E800950E5AEC13F0150E5AEC13F0A50E5AEC75
:1042F80013F0550E5AEC13F00E0E5AEC13F0100E84
:104308005AEC13F0C60E5AEC13F0F20E54EC13F0FC
:10431800750E5AEC13F02A0E5AEC13F0080E5AECEC
:1043280013F0700E5AEC13F0700E5AEC13F0580E8E
:104338005AEC13F02F0E5AEC13F0030E5AEC13F04C
:104348001A0E5AEC13F08A0E5AEC13F08A0E5AEC35
:1043580013F0100E5AEC13F00B0E5AEC13F0F30E88
:1043680054EC13F0110E5AEC13F0600E5AEC13F0E3
:10437800410E5AEC13F0100E5AEC13F0950E5AEC4D
:1043880013F0150E5AEC13F0A50E5AEC13F0550E57
:104398005AEC13F00E0E5AEC13F0100E5AEC13F000
:1043A800F40E54EC13F00B0E5AEC13F0000E5AEC0A
:1043B80013F0000E5AEC13F0750E5AEC13F02A0E97
:1043C8005AEC13F0780E5AEC13F0F00E5AEC13F086
:1043D800F00E5AEC13F0410E5AEC13F0330E5AEC6F
:1043E80013F0100E5AEC13F0950E5AEC13F0150E4C
:1043F8005AEC13F0A50E5AEC13F0550E5AEC13F0C4
:10440800100E5AEC13F00E0E5AEC13F00E0E5AEC76
:1044180013F0F50E54EC13F03F0E5AEC13F0530E54
:104428005AEC13F0010E5AEC13F0110E5AEC13F07B
:10443800190E5AEC13F00A0E5AEC13F0290E5AEC26
:1044480013F0010E5AEC13F0030E5AEC13F0050E9C
:104458005AEC13F0070E5AEC13F0090E5AEC13F04D
:104468000B0E5AEC13F00D0E5AEC13F00F0E5AEC1B
:1044780013F0110E5AEC13F0000E5AEC13F0010E63
:104488005AEC13F0010E5AEC13F03F0E5AEC13F0ED
:10449800530E5AEC13F0310E5AEC13F0110E5AEC7D
:1044A80013F0190E5AEC13F00A0E5AEC13F0290EF9
:1044B8005AEC13F0010E5AEC13F0030E5AEC13F0F9
:1044C800050E5AEC13F0070E5AEC13F0090E5AECCD
:1044D80013F00B0E5AEC13F00D0E5AEC13F00F0EEE
:1044E8005AEC13F0110E5AEC13F0010E5AEC13F0BB
:1044F800100E5AEC13F0100E5AEC13F0F60E54ECA2
:1045080013F0000E5AEC13F0000E5AEC13F0000EE4
:104518005AEC13F0000E5AEC13F0010E5AEC13F09B
:10452800010E5AEC13F0020E5AEC13F0020E5AEC7C
:1045380013F0020E5AEC13F0030E5AEC13F0040EAB
:104548005AEC13F0040E5AEC13F0070E5AEC13F061
:10455800070E5AEC13F0080E5AEC13F0080E5AEC3A
:1045680013F0080E5AEC13F0020E5AEC13F0020E78
:104578005AEC13F0040E5AEC13F0040E5AEC13F034
:104588000B0E5AEC13F00B0E5AEC13F00B0E5AEC00
:1045980013F00B0E5AEC13F04B0E5AEC13F04B0EB3
:1045A8005AEC13F00B0E5AEC13F00C0E5AEC13F0F5
:1045B8000C0E5AEC13F00D0E5AEC13F00E0E5AECCA
:1045C80013F0100E5AEC13F0030E5AEC13F0040E0D
:1045D8005AEC13F0420E5AEC13F0020E5AEC13F098
:1045E800110E5AEC13F0000E5AEC13F0F70E54ECBF
:1045F80013F0550E5AEC13F0550E5AEC13F0550EF5
:104608005AEC13F0550E5AEC13F0440E5AEC13F012
:10461800340E5AEC13F0230E5AEC13F0220E5AEC17
:1046280013F0410E5AEC13F0340E5AEC13F0130E3B
:104638005AEC13F0110E5AEC13F0110E5AEC13F059
:10464800110E5AEC13F0000E5AEC13F0000E5AEC4F
:1046580013F0050E5AEC13F0000E5AEC13F0000E8E
:104668005AEC13F0020E5AEC13F0000E5AEC13F049
:10467800040E5AEC13F0010E5AEC13F0020E5AEC29
:1046880013F0F80E54EC13F0550E5AEC13F0550EC7
:104698005AEC13F0550E5AEC13F0550E5AEC13F071
:1046A800440E5AEC13F0340E5AEC13F0230E5AEC65
:1046B80013F0220E5AEC13F0410E5AEC13F0340E9C
:1046C8005AEC13F0130E5AEC13F0110E5AEC13F0C7
:1046D800110E5AEC13F0110E5AEC13F0000E5AECAE
:1046E80013F0000E5AEC13F0050E5AEC13F0000EFE
:1046F8005AEC13F0000E5AEC13F0000E5AEC13F0BB
:10470800000E5AEC13F0000E5AEC13F0000E5AEC9F
:1047180013F0000E5AEC13F0FE0E54EC13F0000EDA
:104728005AEC13F0010E5AEC13F0020E5AEC13F087
:10473800030E5AEC13F08E0E54EC13F0000E5AECE4
:1047480013F0000E5AEC13F0000E5AEC13F0000EA2
:104758005AEC13F0000E5AEC13F0000E5AEC13F05A
:10476800000E5AEC13F0000E5AEC13F0000E5AEC3F
:1047780013F0000E5AEC13F0000E5AEC13F0000E72
:104788005AEC13F0000E5AEC13F0000E5AEC13F02A
:10479800000E5AEC13F0000E5AEC13F0000E5AEC0F
:1047A80013F0000E5AEC13F0000E5AEC13F0000E42
:1047B8005AEC13F08F0E54EC13F0000E5AEC13F071
:1047C800000E5AEC13F0000E5AEC13F0000E5AECDF
:1047D80013F0000E5AEC13F0000E5AEC13F0000E12
:1047E8005AEC13F0000E5AEC13F0000E5AEC13F0CA
:1047F800000E5AEC13F0000E5AEC13F0000E5AECAF
:1048080013F0000E5AEC13F0000E5AEC13F0000EE1
:104818005AEC13F0000E5AEC13F0000E5AEC13F099
:10482800000E5AEC13F0000E5AEC13F0000E5AEC7E
:1048380013F0000E5AEC13F0000E5AEC13F0000EB1
:104848005AEC13F0000E5AEC13F0000E5AEC13F069
:10485800000E5AEC13F0000E5AEC13F0000E5AEC4E
:1048680013F0000E5AEC13F0000E5AEC13F0000E81
:104878005AEC13F0000E5AEC13F0000E5AEC13F039
:10488800900E54EC13F0000E5AEC13F0000E5AEC94
:1048980013F0000E5AEC13F0000E5AEC13F0000E51
:1048A8005AEC13F0000E5AEC13F0910E54EC13F07E
:1048B800000E5AEC13F0000E5AEC13F0000E5AECEE
:1048C80013F0000E5AEC13F0000E5AEC13F0000E21
:1048D8005AEC13F0000E5AEC13F0000E5AEC13F0D9
:1048E800000E5AEC13F0000E5AEC13F0000E5AECBE
:1048F80013F0000E5AEC13F0000E5AEC13F0000EF1
:104908005AEC13F0000E5AEC13F0000E5AEC13F0A8
:10491800000E5AEC13F0000E5AEC13F0000E5AEC8D
:1049280013F0000E5AEC13F0920E54EC13F0000E34
:104938005AEC13F0000E5AEC13F0000E5AEC13F078
:10494800000E5AEC13F0000E5AEC13F0000E5AEC5D
:1049580013F0000E5AEC13F0000E5AEC13F0000E90
:104968005AEC13F0000E5AEC13F0000E5AEC13F048
:10497800000E5AEC13F0000E5AEC13F0000E5AEC2D
:1049880013F0000E5AEC13F0000E5AEC13F0000E60
:104998005AEC13F0000E5AEC13F0000E5AEC13F018
:1049A800000E5AEC13F0930E54EC13F0000E5AEC70
:1049B80013F0000E5AEC13F0000E5AEC13F0000E30
:1049C8005AEC13F0000E5AEC13F0000E5AEC13F0E8
:1049D800000E5AEC13F0000E5AEC13F0000E5AECCD
:1049E80013F0000E5AEC13F0000E5AEC13F0000E00
:1049F8005AEC13F0000E5AEC13F0000E5AEC13F0B8
:104A0800000E5AEC13F0000E5AEC13F0000E5AEC9C
:104A180013F0000E5AEC13F0000E5AEC13F0000ECF
:104A28005AEC13F0940E54EC13F0000E5AEC13F0F9
:104A3800000E5AEC13F0000E5AEC13F0000E5AEC6C
:104A480013F0000E5AEC13F0000E5AEC13F0000E9F
:104A58005AEC13F0000E5AEC13F0000E5AEC13F057
:104A6800000E5AEC13F0000E5AEC13F0000E5AEC3C
:104A780013F0000E5AEC13F0000E5AEC13F0000E6F
:104A88005AEC13F0000E5AEC13F0000E5AEC13F027
:104A9800000E5AEC13F0000E5AEC13F0000E5AEC0C
:104AA80013F0950E54EC13F0000E5AEC13F0000EB0
:104AB8005AEC13F0000E5AEC13F0000E5AEC13F0F7
:104AC800000E5AEC13F0000E5AEC13F0000E5AECDC
:104AD80013F0000E5AEC13F0000E5AEC13F0000E0F
:104AE8005AEC13F0000E5AEC13F0000E5AEC13F0C7
:104AF800000E5AEC13F0000E5AEC13F0000E5AECAC
:104B080013F0000E5AEC13F0000E5AEC13F0960E48
:104B180054EC13F0000E5AEC13F0000E5AEC13F09C
:104B2800000E5AEC13F0000E5AEC13F0000E5AEC7B
:104B380013F0000E5AEC13F0000E5AEC13F0000EAE
:104B48005AEC13F0000E5AEC13F0000E5AEC13F066
:104B5800000E5AEC13F0000E5AEC13F0000E5AEC4B
:104B680013F0000E5AEC13F0000E5AEC13F0000E7E
:104B78005AEC13F0000E5AEC13F0970E54EC13F0A5
:104B8800000E5AEC13F0000E5AEC13F0000E5AEC1B
:104B980013F0000E5AEC13F0000E5AEC13F0000E4E
:104BA8005AEC13F0000E5AEC13F0000E5AEC13F006
:104BB800000E5AEC13F0000E5AEC13F0000E5AECEB
:104BC80013F0000E5AEC13F0000E5AEC13F0000E1E
:104BD8005AEC13F0000E5AEC13F0000E5AEC13F0D6
:104BE800000E5AEC13F0980E54EC13F0000E5AEC29
:104BF80013F0000E5AEC13F0000E5AEC13F0000EEE
:104C08005AEC13F0000E5AEC13F0000E5AEC13F0A5
:104C1800000E5AEC13F0000E5AEC13F0000E5AEC8A
:104C280013F0000E5AEC13F0000E5AEC13F0000EBD
:104C38005AEC13F0000E5AEC13F0000E5AEC13F075
:104C4800000E5AEC13F0000E5AEC13F0000E5AEC5A
:104C580013F0990E54EC13F0000E5AEC13F0000EFA
:104C68005AEC13F0000E5AEC13F0000E5AEC13F045
:104C7800000E5AEC13F0000E5AEC13F0000E5AEC2A
:104C880013F0000E5AEC13F0000E5AEC13F0000E5D
:104C98005AEC13F0000E5AEC13F0000E5AEC13F015
:104CA800000E5AEC13F0000E5AEC13F0000E5AECFA
:104CB80013F0000E5AEC13F0000E5AEC13F09A0E93
:104CC80054EC13F0000E5AEC13F0000E5AEC13F0EB
:104CD800000E5AEC13F0000E5AEC13F0000E5AECCA
:104CE80013F0000E5AEC13F0000E5AEC13F0000EFD
:104CF8005AEC13F0000E5AEC13F0000E5AEC13F0B5
:104D0800000E5AEC13F0000E5AEC13F0000E5AEC99
:104D180013F0000E5AEC13F0000E5AEC13F0000ECC
:104D28005AEC13F0000E5AEC13F09C0E54EC13F0EE
:104D3800000E5AEC13F0000E5AEC13F0000E5AEC69
:104D480013F0000E5AEC13F0000E5AEC13F0000E9C
:104D58005AEC13F0000E5AEC13F0000E5AEC13F054
:104D6800000E5AEC13F0000E5AEC13F0000E5AEC39
:104D780013F0000E5AEC13F0000E5AEC13F0000E6C
:104D88005AEC13F0000E5AEC13F0000E5AEC13F024
:104D9800000E5AEC13F0000E5AEC13F0000E5AEC09
:104DA80013F0000E5AEC13F0000E5AEC13F0000E3C
:104DB8005AEC13F0000E5AEC13F0000E5AEC13F0F4
:104DC800000E5AEC13F0000E5AEC13F0000E5AECD9
:104DD80013F0000E5AEC13F0000E5AEC13F0000E0C
:104DE8005AEC13F0000E5AEC13F0000E5AEC13F0C4
:104DF800000E5AEC13F0000E5AEC13F0000E5AECA9
:104E080013F0000E5AEC13F0000E5AEC13F0000EDB
:104E18005AEC13F0000E5AEC13F0000E5AEC13F093
:104E2800000E5AEC13F0000E5AEC13F0000E5AEC78
:104E380013F0000E5AEC13F0000E5AEC13F0000EAB
:104E48005AEC13F0000E5AEC13F0000E5AEC13F063
:104E5800000E5AEC13F0000E5AEC13F0000E5AEC48
:104E680013F0000E5AEC13F0000E5AEC13F0000E7B
:104E78005AEC13F0000E5AEC13F0000E5AEC13F033
:104E8800000E5AEC13F0000E5AEC13F0000E5AEC18
:104E980013F0000E5AEC13F0000E5AEC13F0000E4B
:104EA8005AEC13F0000E5AEC13F0000E5AEC13F003
:104EB800000E5AEC13F0000E5AEC13F0000E5AECE8
:104EC80013F0000E5AEC13F0000E5AEC13F0000E1B
:104ED8005AEC13F0000E5AEC13F0000E5AEC13F0D3
:104EE800000E5AEC13F0000E5AEC13F0000E5AECB8
:104EF80013F0000E5AEC13F0000E5AEC13F0000EEB
:104F08005AEC13F0000E5AEC13F0000E5AEC13F0A2
:104F1800000E5AEC13F0000E5AEC13F0000E5AEC87
:104F280013F0000E5AEC13F0000E5AEC13F0000EBA
:104F38005AEC13F0000E5AEC13F0000E5AEC13F072
:104F4800000E5AEC13F0000E5AEC13F0000E5AEC57
:104F580013F0000E5AEC13F0000E5AEC13F0000E8A
:104F68005AEC13F0000E5AEC13F0000E5AEC13F042
:104F78009D0E54EC13F0000E5AEC13F0000E5AEC90
:104F880013F0000E5AEC13F0000E5AEC13F0000E5A
:104F98005AEC13F0000E5AEC13F0000E5AEC13F012
:104FA800000E5AEC13F0000E5AEC13F0000E5AECF7
:104FB80013F0000E5AEC13F0000E5AEC13F0000E2A
:104FC8005AEC13F0000E5AEC13F0000E5AEC13F0E2
:104FD800000E5AEC13F0000E5AEC13F0000E5AECC7
:104FE80013F0000E5AEC13F0000E5AEC13F0000EFA
:104FF8005AEC13F0000E5AEC13F0000E5AEC13F0B2
:10500800000E5AEC13F0000E5AEC13F0000E5AEC96
:1050180013F0000E5AEC13F0000E5AEC13F0000EC9
:105028005AEC13F0000E5AEC13F0000E5AEC13F081
:10503800000E5AEC13F0000E5AEC13F0000E5AEC66
:1050480013F0000E5AEC13F0000E5AEC13F0000E99
:105058005AEC13F0000E5AEC13F0000E5AEC13F051
:10506800000E5AEC13F0000E5AEC13F0000E5AEC36
:1050780013F0000E5AEC13F0000E5AEC13F0000E69
:105088005AEC13F0000E5AEC13F0000E5AEC13F021
:10509800000E5AEC13F0000E5AEC13F0000E5AEC06
:1050A80013F0000E5AEC13F0000E5AEC13F0000E39
:1050B8005AEC13F0000E5AEC13F0000E5AEC13F0F1
:1050C800000E5AEC13F0000E5AEC13F0000E5AECD6
:1050D80013F0000E5AEC13F0000E5AEC13F0000E09
:1050E8005AEC13F0000E5AEC13F0000E5AEC13F0C1
:1050F800000E5AEC13F0000E5AEC13F0000E5AECA6
:1051080013F0000E5AEC13F0000E5AEC13F0000ED8
:105118005AEC13F0000E5AEC13F0000E5AEC13F090
:10512800000E5AEC13F0000E5AEC13F0000E5AEC75
:1051380013F0000E5AEC13F0000E5AEC13F0000EA8
:105148005AEC13F0000E5AEC13F0000E5AEC13F060
:10515800000E5AEC13F0000E5AEC13F0000E5AEC45
:1051680013F0000E5AEC13F0000E5AEC13F0000E78
:105178005AEC13F0000E5AEC13F0000E5AEC13F030
:10518800000E5AEC13F0000E5AEC13F0000E5AEC15
:1051980013F0000E5AEC13F0000E5AEC13F0000E48
:1051A8005AEC13F0000E5AEC13F0000E5AEC13F000
:1051B800000E5AEC13F0000E5AEC13F0000E5AECE5
:1051C80013F0000E5AEC13F0000E5AEC13F0000E18
:1051D8005AEC13F0000E5AEC13F0000E5AEC13F0D0
:1051E800000E5AEC13F0000E5AEC13F0000E5AECB5
:1051F80013F0000E5AEC13F0000E5AEC13F0000EE8
:105208005AEC13F0000E5AEC13F0000E5AEC13F09F
:10521800000E5AEC13F0000E5AEC13F0000E5AEC84
:1052280013F0000E5AEC13F0000E5AEC13F0000EB7
:105238005AEC13F0000E5AEC13F0000E5AEC13F06F
:10524800000E5AEC13F0000E5AEC13F0000E5AEC54
:1052580013F0000E5AEC13F0000E5AEC13F0000E87
:105268005AEC13F0000E5AEC13F0000E5AEC13F03F
:10527800000E5AEC13F0B60E54EC13F0000E5AEC74
:1052880013F0020E5AEC13F0020E5AEC13F0020E51
:105298005AEC13F0020E5AEC13F0020E5AEC13F00B
:1052A800020E5AEC13F0000E5AEC13F00F0E5AECE3
:1052B80013F00F0E5AEC13F00F0E5AEC13F00F0EFA
:1052C8005AEC13F00F0E5AEC13F00F0E5AEC13F0C1
:1052D800B90E54EC13F0000E5AEC13F0000E5AEC11
:1052E80013F0000E5AEC13F0000E5AEC13F0000EF7
:1052F8005AEC13F0000E5AEC13F0000E5AEC13F0AF
:10530800000E5AEC13F0000E5AEC13F0000E5AEC93
:1053180013F0000E5AEC13F0000E5AEC13F0000EC6
:105328005AEC13F0000E5AEC13F0000E5AEC13F07E
:10533800000E5AEC13F0000E5AEC13F0000E5AEC63
:1053480013F0000E5AEC13F0000E5AEC13F0000E96
:105358005AEC13F0000E5AEC13F0000E5AEC13F04E
:10536800000E5AEC13F0000E5AEC13F0000E5AEC33
:1053780013F0000E5AEC13F0000E5AEC13F0000E66
:105388005AEC13F0000E5AEC13F0000E5AEC13F01E
:10539800000E5AEC13F0000E5AEC13F0000E5AEC03
:1053A80013F0000E5AEC13F0000E5AEC13F0000E36
:1053B8005AEC13F0000E5AEC13F0000E5AEC13F0EE
:1053C800000E5AEC13F0000E5AEC13F0000E5AECD3
:1053D80013F0000E5AEC13F0000E5AEC13F0000E06
:1053E8005AEC13F0000E5AEC13F0000E5AEC13F0BE
:1053F800000E5AEC13F0000E5AEC13F0000E5AECA3
:1054080013F0000E5AEC13F0000E5AEC13F0000ED5
:105418005AEC13F0000E5AEC13F0000E5AEC13F08D
:10542800000E5AEC13F0000E5AEC13F0000E5AEC72
:1054380013F0000E5AEC13F0000E5AEC13F0000EA5
:105448005AEC13F0000E5AEC13F0000E5AEC13F05D
:10545800000E5AEC13F0000E5AEC13F0000E5AEC42
:1054680013F0000E5AEC13F0000E5AEC13F0000E75
:105478005AEC13F0000E5AEC13F0000E5AEC13F02D
:10548800000E5AEC13F0000E5AEC13F0000E5AEC12
:1054980013F0000E5AEC13F0000E5AEC13F0000E45
:1054A8005AEC13F0000E5AEC13F0000E5AEC13F0FD
:1054B800000E5AEC13F0000E5AEC13F0000E5AECE2
:1054C80013F0000E5AEC13F0000E5AEC13F0000E15
:1054D8005AEC13F0000E5AEC13F0000E5AEC13F0CD
:1054E800000E5AEC13F0000E5AEC13F0000E5AECB2
:1054F80013F0000E5AEC13F0000E5AEC13F0000EE5
:105508005AEC13F0000E5AEC13F0000E5AEC13F09C
:10551800000E5AEC13F0000E5AEC13F0BC0E54ECCB
:1055280013F0000E5AEC13F0010E5AEC13F0230E90
:105538005AEC13F0450E5AEC13F0670E5AEC13F0C0
:10554800010E5AEC13F0230E5AEC13F0450E5AECE8
:1055580013F0670E5AEC13F0000E5AEC13F0000E1D
:105568005AEC13F0000E5AEC13F0000E5AEC13F03C
:10557800000E5AEC13F0000E5AEC13F0000E5AEC21
:1055880013F0BF0E54EC13F0000E5AEC13F0000E9B
:105598005AEC13F0000E5AEC13F0000E5AEC13F00C
:1055A800000E5AEC13F0000E5AEC13F0000E5AECF1
:1055B80013F0000E5AEC13F0000E5AEC13F0000E24
:1055C8005AEC13F0000E5AEC13F0000E5AEC13F0DC
:1055D800000E5AEC13F0000E5AEC13F0000E5AECC1
:1055E80013F0000E5AEC13F0000E5AEC13F0000EF4
:1055F8005AEC13F0000E5AEC13F0000E5AEC13F0AC
:10560800000E5AEC13F0000E5AEC13F0000E5AEC90
:1056180013F0000E5AEC13F0000E5AEC13F0000EC3
:105628005AEC13F0000E5AEC13F0000E5AEC13F07B
:10563800000E5AEC13F0000E5AEC13F0C80E54EC9E
:1056480013F0000E5AEC13F0000E5AEC13F0000E93
:105658005AEC13F0CF0E54EC13F0010E5AEC13F081
:10566800DD0E54EC13F0000E5AEC13F0000E5AEC59
:1056780013F0000E5AEC13F0000E5AEC13F0000E63
:105688005AEC13F0000E5AEC13F0000E5AEC13F01B
:10569800000E5AEC13F0E50E54EC13F0000E5AEC21
:1056A80013F0000E5AEC13F0000E5AEC13F0000E33
:1056B8005AEC13F0000E5AEC13F0000E5AEC13F0EB
:1056C800E60E54EC13F08C0E5AEC13F0000E5AEC64
:1056D80013F0000E5AEC13F0E80E54EC13F0000E21
:1056E8005AEC13F0EF0E54EC13F0000E5AEC13F0D2
:1056F800110E5AEC13F0320E5AEC13F0FF0E5AEC5E
:1057080013F0010E5AEC13F0320E5AEC13F0FF0EA0
:105718005AEC13F0010E5AEC13F0FB0E54EC13F094
:10572800100E5AEC13F0050E5AEC13F0010E5AEC59
:1057380013F0000E5AEC13F0050E5AEC13F0000E9D
:105748005AEC13F0FC0E54EC13F0000E5AEC13F064
:10575800000E5AEC13F0000E5AEC13F00001120080
:10576800486F410A74E0030A78E0010A7DE0070AFD
:10577800D8B481D0010AD8B485D0030AD8B489D066
:10578800010AD8B48DD00F0AD8B491D0010AD8B480
:1057980096D0030AD8B49BD0010AD8B4A0D0070A7F
:1057A800D8B4A5D0010AD8B4AAD0030AD8B4AFD0C7
:1057B800010AD8B4B4D01F0AD8B4B9D0010AD8B4F1
:1057C800BED0030AD8B4C3D0010AD8B4C8D0070AD7
:1057D800D8B4CDD0010AD8B4D2D0030AD8B4D7D01F
:1057E800010AD8B4DCD00F0AD8B4E1D0010AD8B481
:1057F800E6D0030AD8B4EBD0770AD8B4F0D00D0AB3
:10580800D8B4F5D0100AD8B4FAD0010AD8B4FFD069
:10581800030AD8B404D1010AD8B409D1070AD8B404
:105828000ED1010AD8B413D1030AD8B418D1010A89
:10583800D8B41DD10F0AD8B422D1010AD8B427D1BF
:10584800170AD8B42CD1140AD8B431D137D10001F1
:10585800846B856B140E866F31D12E0E0001846F18
:10586800856B100E866F2AD1530E0001846F856BED
:10587800140E866F23D1810E0001846F856B140E80
:10588800866F1CD1AF0E0001846F856B100E866F7A
:1058980015D1D40E0001846F856B100E866F0ED162
:1058A800F90E0001846F856B140E866F07D1270EE1
:1058B8000001846F010E856F100E866FFFD04C0EAD
:1058C8000001846F010E856F080E866FF7D05F0E9A
:1058D8000001846F010E856F100E866FEFD0840E65
:1058E8000001846F010E856F140E866FE7D0B20E2B
:1058F8000001846F010E856F100E866FDFD0D70E02
:105908000001846F010E856F140E866FD7D0050EC7
:105918000001846F020E856F100E866FCFD02A0E9D
:105928000001846F020E856F140E866FC7D0580E63
:105938000001846F020E856F100E866FBFD07D0E3A
:105948000001846F020E856F140E866FB7D0B00EFB
:105958000001846F020E856F100E866FAFD0D50ED2
:105968000001846F020E856F100E866FA7D0FA0EA5
:105978000001846F020E856F100E866F9FD01F0E78
:105988000001846F030E856F100E866F97D0440E4A
:105998000001846F030E856F140E866F8FD0720E10
:1059A8000001846F030E856F200E866F87D0BB0EB3
:1059B8000001846F030E856F140E866F7FD0E90E89
:1059C8000001846F030E856F140E866F77D0170E53
:1059D8000001846F040E856F100E866F6FD03C0E29
:1059E8000001846F040E856F080E866F67D0D50E90
:1059F8000001846F100E856F080E866F5FD04F0E02
:105A08000001846F040E856F100E866F57D0740ED8
:105A18000001846F040E856F100E866F4FD0990EAB
:105A28000001846F040E856F100E866F47D0BE0E7E
:105A38000001846F040E856F100E866F3FD0E30E51
:105A48000001846F040E856F100E866F37D0080E24
:105A58000001846F050E856F100E866F2FD02D0EF6
:105A68000001846F050E856F100E866F27D0520EC9
:105A78000001846F050E856F100E866F1FD0770E9C
:105A88000001846F050E856F100E866F17D09C0E6F
:105A98000001846F050E856F100E866F0FD0C10E42
:105AA8000001846F050E856F080E866F07D0D40E2F
:105AB8000001846F050E856F080E866F02011200C3
:105AC800486F300A13E0010A19E0030A1FE0010ACF
:105AD80025E0070A2BE0010A31E0030A37E0010A52
:105AE8003DE00F0A43E0010A49E04FD0E70E00010C
:105AF800846F050E856F280E866F47D0BA0E000199
:105B0800846F060E856F280E866F3FD08D0E0001BC
:105B1800846F070E856F280E866F37D0600E0001E0
:105B2800846F080E856F280E866F2FD0330E000104
:105B3800846F090E856F280E866F27D0060E000128
:105B4800846F0A0E856F280E866F1FD0D90E00014C
:105B5800846F0A0E856F280E866F17D0AC0E000171
:105B6800846F0B0E856F280E866F0FD07F0E000195
:105B7800846F0C0E856F280E866F07D0520E0001B9
:105B8800846F0D0E856F280E866F02011200436B1D
:105B9800446B456B466B466B3E5146611DD047A131
:105BA8000AD046513C25486F000E3D21496F15EC3F
:105BB8005CF086DF09D046513C25486F000E3D2138
:105BC800496F15EC5CF0CCDD0001865102014327DA
:105BD800040E4327462BE0D7040E435F790E43613A
:105BE800120043517808446FD8904433030E44158B
:105BF800456F455301E04427466B3E51466151D0FD
:105C080047A124D046513C25486F000E3D21496FDD
:105C180015EC5CF055DF44C248F2496B3BC24AF2CE
:105C28004B6B86C04CF24D6B2A0E4E6F4F6B84C087
:105C380050F285C051F23FC252F240C253F241C203
:105C480054F242C255F2BDEC13F023D046513C2524
:105C5800486F000E3D21496F15EC5CF081DD44C2B0
:105C680048F2496B3BC24AF24B6B86C04CF24D6B13
:105C7800120E4E6F4F6B84C050F285C051F23FC276
:105C880052F240C253F241C254F242C255F2BDEC44
:105C980013F00001865102014427040E4427462BC5
:105CA800ACD712000201296F1C0E2A6F0001BC51EB
:105CB80003E0010A1BE032D02AC248F20201496B14
:105CC80029C24AF24B6B400E4C6F4D6B200E4E6F43
:105CD8004F6B250E506F130E516FE00E526F070E6B
:105CE800536F546B556BBDEC13F018D02AC248F2B1
:105CF8000201496B29C24AF24B6B400E4C6F4D6B47
:105D0800200E4E6F4F6B260E506F140E516FE00E23
:105D1800526F5369546B556BBDEC13F002011200BE
:105D28002AC23BF22BC23CF23C0E57EC0AF03BC2B3
:105D38002CF22AC23BF22BC23CF23C0E99EC0AF040
:105D48002D6F2CC23BF23C6B0A0E57EC0AF03BC29B
:105D58002EF22CC23BF23C6B0A0E99EC0AF02F6F24
:105D68002DC23BF23C6B0A0E57EC0AF03BC230F2F4
:105D78002DC23BF23C6B0A0E99EC0AF0316F300EE3
:105D88002E25326F300E2F25336F3A0E346F300EBA
:105D98003025356F300E3125366F29C23BF2320E71
:105DA8003C6F020E3D6F050E3E6F47913F6940699B
:105DB800416B426BECD6296F8FC03BF290C03CF22E
:105DC80091C03DF2E80E3E6F030E3F6F80EC0AF083
:105DD8003BC22AF23CC22BF28FC03BF290C03CF28D
:105DE80091C03DF2E80E3E6F030E3F6FABEC0AF038
:105DF80040C22CF241C22DF22AC23BF22BC23CF225
:105E0800640E57EC0AF03BC22EF22AC23BF22BC2B8
:105E18003CF2640E99EC0AF02F6F2FC23BF23C6BF8
:105E28000A0E57EC0AF03BC230F22FC23BF23C6B31
:105E38000A0E99EC0AF0316F2CC23BF22DC23CF2EB
:105E4800640E57EC0AF03BC232F22CC23BF22DC270
:105E58003CF2640E99EC0AF0336F33C23BF23C6BB0
:105E68000A0E57EC0AF03BC234F233C23BF23C6BE9
:105E78000A0E99EC0AF0356F300E3025366F300E69
:105E88003125376F300E3225386F300E3425396F93
:105E9800300E35253A6F29C23BF2360E3C6F020EA2
:105EA8003D6F050E3E6F47913F694069416B426BFC
:105EB8006ED62AC23BF23C6B0A0E57EC0AF03BC284
:105EC8002DF22AC23BF23C6B0A0E99EC0AF02E6FB7
:105ED8002DC23BF23C6B0A0E57EC0AF03BC22FF284
:105EE8002DC23BF23C6B0A0E99EC0AF0306F2F532F
:105EF80004E0300E2F25316F02D0300E316F300E96
:105F08003025326F2E0E336F300E2E25346F29C296
:105F18003BF2310E3C6F020E3D6F040E3E6F47910F
:105F28002BC23FF22CC240F2416B426B30D67FCF7E
:105F38003BF202013C6B0A0E57EC0AF03BC27FFFB2
:105F48007FCF3BF23C6B0A0E99EC0AF07F6E7FCF55
:105F58003BF23C6B0A0E57EC0AF03BC27FFF7FCF47
:105F68003BF23C6B0A0E99EC0AF07F6E300E7F24F0
:105F78007F6E300E7F247F6E300E7F247F6E7FCF42
:105F88003BF27F0E3C6F0F0E3D6F030E3E6F479145
:105F98007FCF3FF27FCF40F2416B426BF8D51A0EAC
:105FA8002C25306F2D51010A13E0030A32E0020A52
:105FB80050E0030A6FE0060AD8B48DD0030AD8B4BB
:105FC800ABD0020AD8B4C9D0030AD8B4E7D006D1F6
:105FD8002CC23BF2040E3C6F800E3D6F040E3E6FE8
:105FE80047912EC23FF22FC240F2416B426BCFDD88
:105FF80030C23BF28A0E3C6F800E3D6F040E3E6F3E
:1060080047912EC23FF22FC240F2416B426BBFDD77
:10601800E5D02CC23BF23C6B800E3D6F030E3E6F09
:1060280047912EC23FF22FC240F2416B426BAFDD67
:1060380030C23BF2040E3C6F800E3D6F040E3E6F83
:1060480047912EC23FF22FC240F2416B426B9FDD57
:10605800C5D02CC23BF2090E3C6F800E3D6F030E7B
:106068003E6F47912EC23FF22FC240F2416B426B06
:106078008EDD30C23BF26A0E3C6F800E3D6F040E1F
:106088003E6F47912EC23FF22FC240F2416B426BE6
:106098007EDDA4D02CC23BF20D0E3C6F800E3D6F0E
:1060A800040E3E6F47912EC23FF22FC240F2416B61
:1060B800426B6DDD30C23BF26A0E3C6F800E3D6F65
:1060C800040E3E6F47912EC23FF22FC240F2416B41
:1060D800426B5DDD83D02CC23BF28A0E3C6F800E92
:1060E8003D6F040E3E6F47912EC23FF22FC240F221
:1060F800416B426B4CDD30C23BF2120E3C6F800E9E
:106108003D6F040E3E6F47912EC23FF22FC240F200
:10611800416B426B3CDD62D02CC23BF2490E3C6FB6
:10612800800E3D6F050E3E6F47912EC23FF22FC283
:1061380040F2416B426B2BDD30C23BF26A0E3C6F82
:10614800800E3D6F040E3E6F47912EC23FF22FC264
:1061580040F2416B426B1BDD41D02CC23BF2170E63
:106168003C6F800E3D6F040E3E6F47912EC23FF28A
:106178002FC240F2416B426B0ADD30C23BF28A0EFD
:106188003C6F800E3D6F040E3E6F47912EC23FF26A
:106198002FC240F2416B426BFADC20D02CC23BF29A
:1061A8009A0E3C6F800E3D6F030E3E6F47912EC2D4
:1061B8003FF22FC240F2416B426BE9DC30C23BF246
:1061C8001C0E3C6F800E3D6F040E3E6F47912EC231
:1061D8003FF22FC240F2416B426BD9DC12002B6FA9
:1061E800080E2C6F2CC22DF22E6B29C22FF2306BA9
:1061F800680E316F326B190E336F346B356B366B3B
:106208007BEC13F02A510BE0010A21E0030A38E085
:10621800010A4EE0070A65E0010A7CE093D02CC22F
:1062280048F2496B29C24AF24B6B680E4C6F4D6BB2
:106238002BC24EF24F6BD00E506F170E516F526B30
:10624800F80E536F546B556BBDEC13F07BD02CC21A
:1062580048F2496B29C24AF24B6B680E4C6F4D6B82
:106268002BC24EF24F6B410E506F1A0E516F200E1B
:10627800526FFD0E536F546B556BBDEC13F062D02B
:106288002CC248F2496B29C24AF24B6B680E4C6F1C
:106298004D6B2BC24EF24F6BB20E506F1C0E516FEE
:1062A800E00E526F5369546B556BBDEC13F04AD036
:1062B8002CC248F2496B29C24AF24B6B680E4C6FEC
:1062C8004D6B2BC24EF24F6B230E506F1F0E516F4A
:1062D800E00E526F070E536F546B556BBDEC13F005
:1062E80031D02CC248F2496B29C24AF24B6B680E76
:1062F8004C6F4D6B2BC24EF24F6B940E506F210EAC
:10630800516FE00E526F070E536F546B556BBDEC17
:1063180013F018D02CC248F2496B29C24AF24B6BD1
:10632800680E4C6F4D6B2BC24EF24F6B050E506FC3
:10633800240E516FE00E526F070E536F546B556B5E
:10634800BDEC13F01200286B285107E0010AD8B4FD
:1063580092D0030AD8B48FD08ED0380E54EC13F0F4
:106368002D6B2E6B2F6B306B780E316F326BF00EFE
:10637800336F346B356B366B7BEC13F000016CAB11
:106388003CD01C0E0201486F496B2F0E4A6F4B6BB5
:10639800400E4C6F4D6B550E4E6F4F6B270E506F66
:1063A800150E516F290E526FA50E536F546B556B16
:1063B800BDEC13F0950E3B6F210E3C6F800E3D6FC8
:1063C800040E3E6F4791290E3F6FA50E406F416B3B
:1063D800426BCBEC2DF0AF0E3B6FF20E3C6F800E94
:1063E8003D6F020E3E6F4791290E3F6FA50E406F1D
:1063F800416B426BCBEC2DF03BD00C0E0201486F89
:10640800496B2E0E4A6F4B6B600E4C6F4D6B570EDF
:106418004E6F4F6B100E506F0F0E516F290E526F4B
:10642800A50E536F546B556BBDEC13F0950E3B6F77
:106438002B0E3C6F800E3D6F030E3E6F4791290E69
:106448003F6FA50E406F416B426BCBEC2DF0AF0E4A
:106458003B6FF20E3C6F800E3D6F020E3E6F479110
:10646800290E3F6FA50E406F416B426BCBEC2DF0B0
:10647800390E54EC13F012000A0E02017803F3CF20
:1064880028F2795128272D6B2E6B2F6B306B780EE5
:10649800316F326BF00E336F346B356B366B7BECD0
:1064A80013F00001BC6B0B0E56EC2EF08B532EE054
:1064B8003D0E3B6FAC0E3C6F800E3D6F040E3E6F81
:1064C8004791290E3F6FA50E406F416B426BCBEC95
:1064D8002DF0590E296F9AC22AF29BC22BF220DCAA
:1064E8007A0E2C6F77C22DF2290E2E6FA50E2F6F04
:1064F80056DD774D07D0AE0E296F28C22AF22B69D8
:106508002C69D7DCF3EC3FF0020156D0895329E01F
:106518003D0E3B6F5B0E3C6F800E3D6F050E3E6F70
:106528004791290E3F6FA50E406F416B426BCBEC34
:106538002DF0590E40DC7A0E2C6F77C22DF2290E01
:106548002E6FA50E2F6F2BDD774D07D0AE0E296F5E
:1065580028C22AF22B692C69ACDCF3EC3FF002016B
:106568002BD0080E486F496B3D0E4A6F4B6B680E77
:106578004C6F4D6B120E4E6F4F6B250E506F0E0EFB
:10658800516F52695369546B556BBDEC13F0620E31
:106598002C6F77C22DF2290E2E6FA50E2F6FFFDC00
:1065A800774D07D09C0E296F28C22AF22B692C69D7
:1065B80080DCF3EC3FF00201120002012D6B2E6B20
:1065C8002F6B306B780E316F326BF00E336F346B8C
:1065D800356B366B7BEC13F0080E3B6F260E3C6F69
:1065E800800E3D6F040E3E6F4791290E3F6FA50E3A
:1065F800406F416B426BCBEC2DF0080E486F496B36
:10660800200E4A6F4B6B680E4C6F4D6B040E4E6F2D
:106618004F6B760E506F260E516F290E526FA50ED6
:10662800536F546B556BBDEF13F02D6B2E6B2F6BA7
:10663800306B780E316F326BF00E336F346B356B15
:10664800366B7BEC13F0080E2D6FD1C02EF2290E9D
:106658002F6FA50E306FAED8080E486F496B3A0EF3
:106668004A6F4B6B680E4C6F4D6B040E4E6F4F6B41
:10667800760E506F260E516F290E526FA50E536F6E
:10668800546B556BBDEF13F02D6B2E6B2F6B306B6E
:10669800780E316F326BF00E336F346B356B366BAF
:1066A8007BEC13F00C0E486F496B2E0E4A6F4B6B48
:1066B800600E4C6F4D6B570E4E6F4F6B100E506F38
:1066C8000F0E516F290E526FA50E536F546B556BF9
:1066D800BDEC13F0950E3B6F2B0E3C6F800E3D6F9B
:1066E800030E3E6F4791290E3F6FA50E406F416B19
:1066F800426BCBEC2DF0AF0E3B6FEE0E3C6F800E75
:106708003D6F030E3E6F4791290E3F6FA50E406FF8
:10671800416B426BCBEF2DF002012D6F2E6B2D518B
:1067280007E0010A08E0030A09E0010A0AE00BD0C1
:10673800300E2E6F08D0620E2E6F05D0940E2E6F7D
:1067480002D0C60E2E6F2E5112003A6F3B6B3A5193
:106758000BE0010A0CE0030A0DE0010A0EE0070A4B
:106768000FE0010A10E011D0480E3B6F0ED0620E08
:106778003B6F0BD07C0E3B6F08D0960E3B6F05D05D
:10678800B00E3B6F02D0CA0E3B6F3B5112002D6F0B
:106798002E6B2D5105E0010A06E0030A07E008D038
:1067A800480E2E6F05D07A0E2E6F02D0AC0E2E6FCB
:1067B8002E511200180E2D25316F2E513FE0010A7F
:1067C80060E0030AD8B480D0010AD8B4A0D0070A80
:1067D800D8B4C0D0010AD8B4E0D0030AD8B400D1E4
:1067E800010AD8B420D10F0AD8B440D1010AD8B4CC
:1067F80060D1030AD8B480D1010AD8B4A0D1070A5D
:10680800D8B4C0D1010AD8B4E0D1030AD8B400D2B0
:10681800010AD8B420D21F0AD8B440D2010AD8B489
:1068280060D2030AD8B480D2010AD8B4A0D2070A29
:10683800D8B4C0D2010AD8B4E0D201D32DC23BF2F9
:106848002F0E3C6F800E3D6F040E3E6F47912FC296
:106858003FF230C240F2416B426BCBEC2DF031C2BB
:106868003BF26A0E3C6F800E3D6F040E3E6F4791FF
:106878002FC23FF230C240F2416B426BCBEC2DF09D
:10688800DED22DC23BF2340E3C6F800E3D6F050EFA
:106898003E6F47912FC23FF230C240F2416B426BCC
:1068A800CBEC2DF031C23BF29A0E3C6F800E3D6F5F
:1068B800030E3E6F47912FC23FF230C240F2416B48
:1068C800426BCBEC2DF0BBD22DC23BF2100E3C6FCD
:1068D800810E3D6F030E3E6F47912FC23FF230C2CB
:1068E80040F2416B426BCBEC2DF031C23BF23A0ED9
:1068F8003C6F800E3D6F050E3E6F47912FC23FF2F1
:1069080030C240F2416B426BCBEC2DF098D22DC2D5
:106918003BF2100E3C6F810E3D6F030E3E6F4791A8
:106928002FC23FF230C240F2416B426BCBEC2DF0EC
:1069380031C23BF2400E3C6F800E3D6F040E3E6F3D
:1069480047912FC23FF230C240F2416B426BCBEC11
:106958002DF075D22DC23BF2450E3C6F800E3D6F77
:10696800030E3E6F47912FC23FF230C240F2416B97
:10697800426BCBEC2DF031C23BF2100E3C6F810E16
:106988003D6F030E3E6F47912FC23FF230C240F277
:10699800416B426BCBEC2DF052D22DC23BF2490E2B
:1069A8003C6F800E3D6F050E3E6F47912FC23FF240
:1069B80030C240F2416B426BCBEC2DF031C23BF25E
:1069C8004F0E3C6F800E3D6F050E3E6F47912FC2F4
:1069D8003FF230C240F2416B426BCBEC2DF02FD22C
:1069E8002DC23BF25B0E3C6F800E3D6F050E3E6F75
:1069F80047912FC23FF230C240F2416B426BCBEC61
:106A08002DF031C23BF2550E3C6F800E3D6F050EE6
:106A18003E6F47912FC23FF230C240F2416B426B4A
:106A2800CBEC2DF00CD22DC23BF25B0E3C6F800EEE
:106A38003D6F050E3E6F47912FC23FF230C240F2C4
:106A4800416B426BCBEC2DF031C23BF2610E3C6FD7
:106A5800800E3D6F040E3E6F47912FC23FF230C249
:106A680040F2416B426BCBEC2DF0E9D12DC23BF2E9
:106A7800660E3C6F800E3D6F030E3E6F47912FC22E
:106A88003FF230C240F2416B426BCBEC2DF031C289
:106A98003BF26A0E3C6F800E3D6F040E3E6F4791CD
:106AA8002FC23FF230C240F2416B426BCBEC2DF06B
:106AB800C6D12DC23BF26F0E3C6F800E3D6F040EA7
:106AC8003E6F47912FC23FF230C240F2416B426B9A
:106AD800CBEC2DF031C23BF2740E3C6F800E3D6F53
:106AE800030E3E6F47912FC23FF230C240F2416B16
:106AF800426BCBEC2DF0A3D12DC23BF2780E3C6F4C
:106B0800800E3D6F050E3E6F47912FC23FF230C297
:106B180040F2416B426BCBEC2DF031C23BF27E0E62
:106B28003C6F800E3D6F030E3E6F47912FC23FF2C0
:106B380030C240F2416B426BCBEC2DF080D12DC2BC
:106B48003BF2820E3C6F800E3D6F040E3E6F479104
:106B58002FC23FF230C240F2416B426BCBEC2DF0BA
:106B680031C23BF2870E3C6F800E3D6F020E3E6FC6
:106B780047912FC23FF230C240F2416B426BCBECDF
:106B88002DF05DD12DC23BF28A0E3C6F800E3D6F19
:106B9800040E3E6F47912FC23FF230C240F2416B64
:106BA800426BCBEC2DF031C23BF2940E3C6F800E61
:106BB8003D6F050E3E6F47912FC23FF230C240F243
:106BC800416B426BCBEC2DF03AD12DC23BF28F0ECC
:106BD8003C6F800E3D6F040E3E6F47912FC23FF20F
:106BE80030C240F2416B426BCBEC2DF031C23BF22C
:106BF800940E3C6F800E3D6F050E3E6F47912FC27D
:106C08003FF230C240F2416B426BCBEC2DF017D112
:106C18002DC23BF29E0E3C6F800E3D6F040E3E6F00
:106C280047912FC23FF230C240F2416B426BCBEC2E
:106C38002DF031C23BF29A0E3C6F800E3D6F030E71
:106C48003E6F47912FC23FF230C240F2416B426B18
:106C5800CBEC2DF0F4D02DC23BF29E0E3C6F800E93
:106C68003D6F040E3E6F47912FC23FF230C240F293
:106C7800416B426BCBEC2DF031C23BF2A80E3C6F5E
:106C8800800E3D6F030E3E6F47912FC23FF230C218
:106C980040F2416B426BCBEC2DF0D1D02DC23BF2D0
:106CA800A30E3C6F800E3D6F040E3E6F47912FC2BE
:106CB8003FF230C240F2416B426BCBEC2DF031C257
:106CC8003BF2B10E3C6F800E3D6F030E3E6F479155
:106CD8002FC23FF230C240F2416B426BCBEC2DF039
:106CE800AED02DC23BF2AC0E3C6F800E3D6F040E51
:106CF8003E6F47912FC23FF230C240F2416B426B68
:106D0800CBEC2DF031C23BF2A80E3C6F800E3D6FEC
:106D1800030E3E6F47912FC23FF230C240F2416BE3
:106D2800426BCBEC2DF08BD02DC23BF2AC0E3C6FFE
:106D3800800E3D6F040E3E6F47912FC23FF230C266
:106D480040F2416B426BCBEC2DF031C23BF2B10EFD
:106D58003C6F800E3D6F030E3E6F47912FC23FF28E
:106D680030C240F2416B426BCBEC2DF068D02DC2A3
:106D78003BF2B50E3C6F800E3D6F040E3E6F47919F
:106D88002FC23FF230C240F2416B426BCBEC2DF088
:106D980031C23BF2BA0E3C6F800E3D6F030E3E6F60
:106DA80047912FC23FF230C240F2416B426BCBECAD
:106DB8002DF045D02DC23BF2BE0E3C6F800E3D6FCC
:106DC800030E3E6F47912FC23FF230C240F2416B33
:106DD800426BCBEC2DF031C23BF2C20E3C6F800E01
:106DE8003D6F050E3E6F47912FC23FF230C240F211
:106DF800416B426BCBEC2DF022D02DC23BF2C80E7A
:106E08003C6F800E3D6F030E3E6F47912FC23FF2DD
:106E180030C240F2416B426BCBEC2DF031C23BF2F9
:106E2800CC0E3C6F800E3D6F050E3E6F47912FC212
:106E38003FF230C240F2416B426BCBEC2DF01200B6
:106E48002D6B2E6B300E2F6F306B780E316F326BCF
:106E5800C00E336F346B356B366B7BEC13F02B6BDA
:106E6800040E2B612BD0290E296FA50E2A6F2B67D4
:106E780005D02CA103D02969070E2A6F150E2861A9
:106E880010D02B5149DC2D6F28C22EF229C22FF2C7
:106E98002AC230F28FDC285157EC43F00201286FE8
:106EA8000BD02B5139DC2D6F28C22EF229C22FF2BC
:106EB8002AC230F27FDC02D02B2BD2D7000112007D
:106EC800E1EC32F0D5C028F22C91BADFD65124DC9F
:106ED8002D6FD1C02EF22F69070E306F6BD4286F3B
:106EE80028C23BF23C6B030E99EC0AF0296F290E7D
:106EF8002A6FA50E2B6F296718D02A69070E2B6FEA
:106F0800000E45DC2C6F2D6B2E6B2CC22FF2306BD4
:106F1800780E316F326B2C51F008336F000E346BE2
:106F28003457356B366B7BEC13F028510FE0010AB0
:106F38000DE0030A0BE0010A2AE0070A28E0010A2B
:106F480026E0030A49E0010A47E05ED0000E1FDC94
:106F58002C6F2D6B2AC22EF22BC22FF2D3EC2FF0FE
:106F6800010E15DC2C6F010E2D6F290E2E6FA50E4C
:106F78002F6FD3EC2FF0020E0ADC2C6F020E2D6F50
:106F8800290E2E6FA50E2F6FD3EC2FF03DD0000EDB
:106F9800CBEC33F02C6F030E2D6F2AC22EF22BC2CE
:106FA8002FF2D3EC2FF0010ECBEC33F02C6F040E44
:106FB8002D6F290E2E6FA50E2F6FD3EC2FF0020E1A
:106FC800CBEC33F02C6F050E2D6F290E2E6FA50E0E
:106FD8002F6FD3EC2FF018D0000ECBEC33F02C6FC2
:106FE800060E2D6F2AC22EF22BC22FF2D3EC2FF0F1
:106FF800010ECBEC33F02C6F070E2D6F290E2E6F80
:10700800A50E2F6FD3EC2FF0295317E02905CBECF1
:1070180033F02C6F28052D6F290E2E6FA50E2F6FBC
:10702800D3EC2FF02951CBEC33F02C6F28C22DF282
:107038002E69070E2F6FD3EF2FF012007F5007E055
:10704800010A17E0030A26E0010A36E046D07FCF9E
:107058003BF2EE0E3C6F800E3D6F030E3E6F479184
:107068007FCF3FF27FCF40F2416B426BCBEC2DF0EC
:1070780034D07FCF3BF23C69800E3D6F030E3E6FEC
:1070880047917FCF3FF27FCF40F2416B426BCBEC11
:107098002DF023D07FCF3BF2030E3C6F810E3D6F66
:1070A800030E3E6F47917FCF3FF27FCF40F2416B97
:1070B800426BCBEC2DF011D07FCF3BF2070E3C6F2B
:1070C800810E3D6F040E3E6F47917FCF3FF27FCF19
:1070D80040F2416B426BCBEC2DF012007F6E030E39
:1070E8007F147F6E290E7F6EA50E7F6E7F50020182
:1070F80019E17F68070E7F6E000EA9EC33F07F6EF2
:107108002D6B2E6B7FCF2FF2306B780E316F326B79
:107118007F50F008336F000E346B3457356B366B85
:107128007BEC13F0000EA9EC33F07F6E7F6A7FCF03
:107138007FFF7FCF7FFF82DF010EA9EC33F07F6EE8
:10714800010E7F6E290E7F6EA50E7F6E77DF020E11
:10715800A9EC33F07F6E020E7F6E290E7F6EA50EAE
:107168007F6E6CDF030EA9EC33F07F6E030E7F6E2B
:10717800290E7F6EA50E7F6E61DF7F5015E07F04BC
:10718800A9EC33F07F6E7F047F6E290E7F6EA50E0B
:107198007F6E54DF7F50A9EC33F07F6E7FCF7FFF87
:1071A8007F68070E7F6E4AD712007F5005E0010AFC
:1071B80015E0030A24E034D07FCF3BF2EE0E3C6F9B
:1071C800800E3D6F030E3E6F47917FCF3FF27FCF1A
:1071D80040F2416B426BCBEC2DF022D07FCF3BF2DB
:1071E8003C69800E3D6F030E3E6F47917FCF3FF2A3
:1071F8007FCF40F2416B426BCBEC2DF011D07FCFAB
:107208003BF2070E3C6F810E3D6F040E3E6F4791B7
:107218007FCF3FF27FCF40F2416B426BCBEC2DF03A
:1072280012007F6E7FCF3BF202013C6B030E99EC9C
:107238000AF07F6E290E7F6EA50E7F6E7F5019E1D2
:107248007F68070E7F6E000EA9EC33F07F6E2D6B02
:107258002E6B7FCF2FF2306B780E316F326B7F50F1
:10726800F008336F000E346B3457356B366B7BEC9C
:1072780013F0000EA9EC33F07F6E7F6A7FCF7FFF9B
:107288007FCF7FFF92DF010EA9EC33F07F6E010EF6
:107298007F6E290E7F6EA50E7F6E87DF020EA9EC2A
:1072A80033F07F6E020E7F6E290E7F6EA50E7F6E05
:1072B8007CDF7F5015E07F04A9EC33F07F6E7F04FC
:1072C8007F6E290E7F6EA50E7F6E6FDF7F50A9EC53
:1072D80033F07F6E7FCF7FFF7F68070E7F6E65D7A5
:1072E80012007F5003E0010A12E022D07FCF3BF268
:1072F8003C69800E3D6F030E3E6F47917FCF3FF292
:107308007FCF40F2416B426BCBEC2DF011D07FCF99
:107318003BF2EE0E3C6F800E3D6F030E3E6F4791C1
:107328007FCF3FF27FCF40F2416B426BCBEC2DF029
:1073380012007F6E010E7F147F6E290E7F6EA50EE0
:107348007F6E7F50020119E17F68070E7F6E000E85
:10735800A9EC33F07F6E2D6B2E6B7FCF2FF2306B45
:10736800780E316F326B7F50F008336F000E346B3C
:107378003457356B366B7BEC13F0000EA9EC33F009
:107388007F6E7F6A7FCF7FFF7FCF7FFFAADF010EEF
:10739800A9EC33F07F6E010E7F6E290E7F6EA50E6D
:1073A8007F6E9FDF7F5015E07F04A9EC33F07F6E7E
:1073B8007F047F6E290E7F6EA50E7F6E92DF7F5051
:1073C800A9EC33F07F6E7FCF7FFF7F68070E7F6E5B
:1073D80088D712007F5003E0010A12E022D07FCF45
:1073E8003BF23C69800E3D6F030E3E6F47917FCFA5
:1073F8003FF27FCF40F2416B426BCBEC2DF011D0C6
:107408007FCF3BF2070E3C6F810E3D6F040E3E6F3F
:1074180047917FCF3FF27FCF40F2416B426BCBEC7D
:107428002DF012007F6E010E7F147F6E290E7F6E85
:10743800A50E7F6E7F50020119E17F68070E7F6EEF
:10744800000EA9EC33F07F6E2D6B2E6B7FCF2FF2E1
:10745800306B780E316F326B7F50F008336F000E4F
:10746800346B3457356B366B7BEC13F0000EA9EC9C
:1074780033F07F6E7F6A7FCF7FFF7FCF7FFFAADFEA
:10748800010EA9EC33F07F6E010E7F6E290E7F6E20
:10749800A50E7F6E9FDF7F5015E07F04A9EC33F0C7
:1074A8007F6E7F047F6E290E7F6EA50E7F6E92DF42
:1074B8007F50A9EC33F07F6E7FCF7FFF7F68070E88
:1074C8007F6E88D712002E5105E0010A15E0030AE5
:1074D80025E035D02DC23BF2D20E3C6F800E3D6FB9
:1074E800050E3E6F47912FC23FF230C240F2416B0A
:1074F800426BCBEC2DF023D02DC23BF2D80E3C6F63
:10750800800E3D6F050E3E6F47912FC23FF230C28D
:1075180040F2416B426BCBEC2DF011D02DC23BF207
:10752800DE0E3C6F800E3D6F050E3E6F47912FC2F9
:107538003FF230C240F2416B426BCBEC2DF01200AF
:10754800296F290E2A6FA50E2B6F2C6B2851640A00
:1075580005E00A0A0FE0010A26E04CD02C6B000E69
:10756800A9EC33F02D6F2E6B2AC22FF22BC230F20A
:10757800AADF40D0010E29152C6F000EA9EC33F0BC
:107588002D6F2E6B2AC22FF22BC230F29CDF010E18
:10759800A9EC33F02D6F010E2E6F290E2F6FA50E5B
:1075A800306F91DF27D029C23BF23C6B030E99EC78
:1075B8000AF02C6F000EA9EC33F02D6F2E6B2AC247
:1075C8002FF22BC230F27FDF010EA9EC33F02D6FC2
:1075D800010E2E6F290E2F6FA50E306F74DF020E6D
:1075E800A9EC33F02D6F020E2E6F290E2F6FA50E0A
:1075F800306F69DF2C5316E02C05A9EC33F02D6FA2
:1076080029052E6F290E2F6FA50E306F5CDF2C51C8
:10761800A9EC33F02D6F29C22EF22F69070E306FB7
:1076280052DF0AD02C51A9EC33F02D6F29C22EF26B
:107638002F69070E306F47D712007F5003E0010A09
:1076480013E023D07FCF3BF2E40E3C6F800E3D6FFA
:10765800030E3E6F47917FCF3FF27FCF40F2416BE1
:10766800426BCBEC2DF011D07FCF3BF2E80E3C6F94
:10767800800E3D6F050E3E6F47917FCF3FF27FCF63
:1076880040F2416B426BCBEC2DF012007F6E010E85
:107698007F147F6E290E7F6EA50E7F6E7F500201CC
:1076A80019E17F68070E7F6E000EA9EC33F07F6E3C
:1076B8002D6B2E6B7FCF2FF2306B780E316F326BC4
:1076C8007F50F008336F000E346B3457356B366BD0
:1076D8007BEC13F0000EA9EC33F07F6E7F6A7FCF4E
:1076E8007FFF7FCF7FFFA9DF010EA9EC33F07F6E0C
:1076F800010E7F6E290E7F6EA50E7F6E9EDF7F5076
:1077080015E07F04A9EC33F07F6E7F047F6E290EAD
:107718007F6EA50E7F6E91DF7F50A9EC33F07F6EF0
:107728007FCF7FFF7F68070E7F6E87D712002D51AE
:1077380003E0010A13E023D02CC23BF2EE0E3C6FAB
:10774800800E3D6F030E3E6F47912EC23FF22FC24F
:1077580040F2416B426BCBEC2DF011D02CC23BF2C6
:10776800F20E3C6F800E3D6F020E3E6F47912EC2A7
:107778003FF22FC240F2416B426BCBEC2DF012006E
:10778800286F010E2815296F290E2A6FA50E2B6F59
:10779800296719D02A69070E2B6F000EA9EC33F060
:1077A8002C6F2D6B2E6B2CC22FF2306B780E316F35
:1077B800326B2C51F008336F000E346B3457356B35
:1077C800366B7BEC13F0000EA9EC33F02C6F2D6BAD
:1077D8002AC22EF22BC22FF2AADF010EA9EC33F037
:1077E8002C6F010E2D6F290E2E6FA50E2F6F9FDFA8
:1077F800295315E02905A9EC33F02C6F28052D6FC6
:10780800290E2E6FA50E2F6F92DF2951A9EC33F0A8
:107818002C6F28C22DF22E69070E2F6F88D7120001
:107828002D5103E0010A13E023D02CC23BF2F50EE0
:107838003C6F800E3D6F040E3E6F47912EC23FF2A3
:107848002FC240F2416B426BCBEC2DF011D02CC211
:107858003BF2FA0E3C6F800E3D6F040E3E6F47916F
:107868002EC23FF22FC240F2416B426BCBEC2DF09F
:107878001200286F010E2815296F290E2A6FA50EF0
:107888002B6F296719D02A69070E2B6F000EA9ECF8
:1078980033F02C6F2D6B2E6B2CC22FF2306B780EC1
:1078A800316F326B2C51F008336F000E346B345744
:1078B800356B366B7BEC13F0000EA9EC33F02C6FB4
:1078C8002D6B2AC22EF22BC22FF2AADF010EA9ECD1
:1078D80033F02C6F010E2D6F290E2E6FA50E2F6F12
:1078E8009FDF295315E02905A9EC33F02C6F2805F3
:1078F8002D6F290E2E6FA50E2F6F92DF2951A9EC3F
:1079080033F02C6F28C22DF22E69070E2F6F88D7FF
:10791800120029C23BF23C6B0A0E57EC0AF03BC23C
:107928002CF229C23BF23C6B0A0E99EC0AF02D6F3F
:10793800300E2C252E6F300E2D252F6F28C23BF2CE
:107948002E0E3C6F020E3D6F3E6F47812AC23FF2FA
:107958002BC240F2416B426BCBEF2DF028C23BF2B9
:1079680029C23CF22AC23DF2E80E3E6F030E3F6F79
:1079780080EC0AF03BC22DF23CC22EF228C23BF248
:1079880029C23CF22AC23DF2E80E3E6F030E3F6F59
:10799800ABEC0AF040C22FF241C230F22DC23BF2EA
:1079A8002EC23CF2640E57EC0AF03BC231F22DC2F3
:1079B8003BF22EC23CF2640E99EC0AF0326F32C2EE
:1079C8003BF23C6B0A0E57EC0AF03BC233F232C270
:1079D8003BF23C6B0A0E99EC0AF0346F2FC23BF273
:1079E80030C23CF2640E57EC0AF03BC235F22FC2AB
:1079F8003BF230C23CF2640E99EC0AF0366F36C2A4
:107A08003BF23C6B0A0E57EC0AF03BC237F236C227
:107A18003BF23C6B0A0E99EC0AF0386F300E3125B8
:107A2800396F000EA9EC33F03B6F390E3C6F020E34
:107A38003D6F010E3E6F47912BC23FF22CC240F2C0
:107A4800416B426BCBEC2DF0300E3325396F010EB4
:107A5800A9EC33F03B6F390E3C6F020E3D6F010EFF
:107A68003E6F47912BC23FF22CC240F2416B426BF2
:107A7800CBEC2DF0300E3425396F020EA9EC33F023
:107A88003B6F390E3C6F020E3D6F010E3E6F479102
:107A98002BC23FF22CC240F2416B426BCBEC2DF073
:107AA800300E3525396F030EA9EC33F03B6F390ED4
:107AB8003C6F020E3D6F010E3E6F47912BC23FF2A5
:107AC8002CC240F2416B426BCBEC2DF0300E3725C7
:107AD800396F040EA9EC33F03B6F390E3C6F020E80
:107AE8003D6F010E3E6F47912BC23FF22CC240F210
:107AF800416B426BCBEC2DF0300E3825396F050EFB
:107B0800A9EC33F03B6F390E3C6F020E3D6F010E4E
:107B18003E6F47912BC23FF22CC240F2416B426B41
:107B2800CBEF2DF0D1513FE0010A42E0030AD8B46F
:107B38000AD1010AD8B423D1070AD8B43CD1010A22
:107B4800D8B455D1030AD8B45DD1010AD8B465D1E7
:107B58000F0AD8B46DD1010AD8B46ED1030AD8B4CB
:107B68006FD1010AD8B473D1070AD8B48CD1010AED
:107B7800D8B48DD1030AD8B4A6D1010AD8B4BFD1DC
:107B88001F0AD8B4DAD1010AD8B4DBD1030AD8B4B1
:107B9800F4D1010AD8B4F5D1070AD8B405D2010A3C
:107BA800D8B40FD211D20201775173EC37F00CD24E
:107BB800700E0201286F7BC229F26B0E2A6FCE0E5F
:107BC8002B6FA7DEAA0E3B6F140E3C6F810E3D6F24
:107BD800020E3E6F47916B0E3F6FCE0E406F416BAA
:107BE800426BCBEC2DF07B51100A0AE0010A29E028
:107BF800030A47E0060A65E0020AD8B483D0E4D154
:107C0800C20E3B6F0C0E3C6F810E3D6F030E3E6F34
:107C180047913F6B406B416B426BCBEC2DF0C20E32
:107C28003B6F1B0E3C6F810E3D6F030E3E6F4791FD
:107C38006B0E3F6FCE0E406F416B426BCBEC2DF05D
:107C4800C3D1C20E3B6F1B0E3C6F810E3D6F030EFE
:107C58003E6F47913F6B406B416B426BCBEC2DF015
:107C6800C20E3B6F3C69800E3D6F030E3E6F47911D
:107C78006B0E3F6FCE0E406F416B426BCBEC2DF01D
:107C8800A3D1C20E3B6F3C69800E3D6F030E3E6F61
:107C980047913F6B406B416B426BCBEC2DF0C20EB2
:107CA8003B6F030E3C6F810E3D6F030E3E6F479195
:107CB8006B0E3F6FCE0E406F416B426BCBEC2DF0DD
:107CC80083D1C20E3B6F030E3C6F810E3D6F030ED6
:107CD8003E6F47913F6B406B416B426BCBEC2DF095
:107CE800C20E3B6F070E3C6F810E3D6F040E3E6F58
:107CF80047916B0E3F6FCE0E406F416B426BCBECE2
:107D08002DF062D1C20E3B6F070E3C6F810E3D6FA6
:107D1800040E3E6F47913F6B406B416B426BCBEC5F
:107D28002DF0C20E3B6F0C0E3C6F810E3D6F030EA3
:107D38003E6F47916B0E3F6FCE0E406F416B426BAB
:107D4800CBEC2DF041D1700E0201286F78C229F2D8
:107D58006B0E2A6FCE0E2B6FDCDDAA0E3B6F100E5A
:107D68003C6F810E3D6F030E3E6F47916B0E3F6F68
:107D7800CE0E406F416B426BCBEC2DF025D1700ECF
:107D88000201286F79C229F26B0E2A6FCE0E2B6F73
:107D9800C0DDAA0E3B6F100E3C6F810E3D6F030EC7
:107DA8003E6F47916B0E3F6FCE0E406F416B426B3B
:107DB800CBEC2DF009D1700E0201286F7AC229F29E
:107DC8006B0E2A6FCE0E2B6FA4DDAA0E3B6F100E22
:107DD8003C6F810E3D6F030E3E6F47916B0E3F6FF8
:107DE800CE0E406F416B426BCBEC2DF0EDD0800E88
:107DF8000201286F8EC229F26B0E2A6FCE0E2B6FEE
:107E080088DDE2D0800E0201286F8FC229F26B0E46
:107E18002A6FCE0E2B6F7DDDD7D0800E0201286F22
:107E280090C229F26B0E2A6FCE0E2B6F72DDCCD06A
:107E380002018C51A5DCC8D002017C51A1DCC4D060
:107E480091C228F202018151A4EC3AF0BDD0700E23
:107E58000201286F83C229F26B0E2A6FCE0E2B6F98
:107E680058DDAA0E3B6F140E3C6F810E3D6F020E5B
:107E78003E6F47916B0E3F6FCE0E406F416B426B6A
:107E8800CBEC2DF0A1D0020185517ADC9DD0700E8B
:107E98000201286F86C229F26B0E2A6FCE0E2B6F55
:107EA80038DDAA0E3B6F140E3C6F810E3D6F020E3B
:107EB8003E6F47916B0E3F6FCE0E406F416B426B2A
:107EC800CBEC2DF081D0700E0201286F87C229F209
:107ED8006B0E2A6FCE0E2B6F1CDDAA0E3B6F140E95
:107EE8003C6F810E3D6F020E3E6F47916B0E3F6FE8
:107EF800CE0E406F416B426BCBEC2DF065D0700E0F
:107F08000201286F140E8803F3CF29F26B0E2A6F33
:107F1800CE0E2B6FFEDCAA0E3B6F170E3C6F810E48
:107F28003D6F030E3E6F47916B0E3F6FCE0E406F55
:107F3800416B426BCBEC2DF047D00201895120DC1C
:107F480043D0700E0201286F8AC229F26B0E2A6F85
:107F5800CE0E2B6FDEDCAA0E3B6F1B0E3C6F810E24
:107F68003D6F030E3E6F47916B0E3F6FCE0E406F15
:107F7800416B426BCBEC2DF027D002018B5100DC1A
:107F880023D0800E02013B6F1F0E3C6F810E3D6FA8
:107F9800040E3E6F47916B0E3F6FCE0E406F416BE4
:107FA800426BCBEC2DF010D09CC228F29DC229F276
:107FB8009EC22AF26B0E02012B6FCE0E2C6FCEDC06
:107FC80003D00201A85155DC0201120040EC32F046
:107FD800000112000B0E56EC2EF0000112000201F7
:107FE8008B6702D0895308E0D50E296F65C02AF245
:107FF800190EF3EC30F007D0BE0E296F65C02AF2D7
:10800800300EF3EC30F0000112008B5308E0590EEB
:10801800296F9AC22AF29BC22BF294EF2EF012001B
:10802800895305E08B6703D0590EDFEF2EF012005D
:108038000A0E7803F3CF73F2795173279C0E746F8D
:108048008B6702D0895302E0AE0E746F000189512C
:108058008A110BE074C229F289C02AF202012B6945
:10806800070E2C6F5DEC2FF00BD00201774D08D076
:1080780074C229F273C22AF22B692C695DEF2FF0C2
:108088001200D6670CD0D1C028F202012C8124EC52
:1080980037F0D1C0D2F0D1C0D5F0020118D0D751F5
:1080A80090EC33F02D6FD2C02EF2290E2F6FA50E53
:1080B800306FDEEC33F00001D65190EC33F02D6FC9
:1080C800D1C02EF22F69070E306FDEEC33F00001BD
:1080D800120081A302D07ADF819381A902D07ADFCE
:1080E800819981A502D07BDF819581AB04D0020103
:1080F8009FDF0001819B81AD04D0020186DF000172
:10810800819D81AF04D002018BDF0001819F82A194
:1081180002D0B7DF82911200956B966B976B986BC4
:108128001200952B000E9623D00E955D070E9659DA
:1081380007E3956B966B970E0201296FC2EF0AF061
:108148001200100E97630BD00E0E986308D086ECC1
:1081580010F0360E6AEC10F000017CEC10F0110EF5
:10816800975D0E0E985902E36CA146D012008B530E
:1081780003E000016CB302D0000112009D2B000E39
:108188009E23D00E9D5D070E9E590BE39D6B9E6B43
:1081980002019A519B1105E09A07000E9B5B0001B2
:1081A800818D000112008B67120000018F519263CC
:1081B80006D09051936303D09151941907E08FC072
:1081C80092F090C093F091C094F0818F1200996B57
:1081D8009A6B9B6B9C6B1200992B000E9A23D00E06
:1081E800995D070E9A5907E3996B9A6B9B0E0201EA
:1081F800296FC2EF0AF01200AFA304D0010153ECBB
:108208000DF000010101FEEC0DF0380E000154ECF8
:1082180013F076EC0BF00001FFD780A40CD0A46B10
:10822800A56BA00E0201296FC2EC0AF0A0C0A2F053
:10823800A1C0A3F007D0A06BA16BA40E0201296F07
:10824800C2EF0AF01200A85105E0010A0EE0030A85
:1082580019E038D0140EA06335D0A16733D05CDFA5
:10826800B6DFA96B010EA86F2DD0500EA4632AD0DB
:10827800A56728D0A92B020EA96301D09F8D020EF5
:10828800A86F20D0140EA06305D0A16703D0010EFB
:10829800A86F1200E90EA45D030EA55913E3A92DDA
:1082A8000FD0090EAC630CD0D10EAD5D070EAE59E0
:1082B80007E3AFB305D002018B5302E000016C83E2
:1082C8000001A86B12009FBF15D0AFB313D0C151E6
:1082D80003E14F0EC0650ED0010EAC650BD0080E41
:1082E800AC6108D09F8F7EEC0BF086EC10F0BD6B74
:1082F800080EAC6FAFA30CD0C15103E14F0EC0659F
:1083080007D0090EAC6304D07EEC0BF086EC10F0BD
:10831800AC5123E0010A55E0030A65E0010AD8B42C
:108328009CD0070AD8B4A2D0010AD8B4A4D0030AB2
:10833800D8B4AFD0010AD8B4B1D00F0AD8B4BBD0E2
:10834800010AD8B4C2D0030AD8B4E6D0010AD8B416
:10835800F9D0070AD8B4FED006D10201CAEC0FF052
:10836800000114EC10F024EC14F002018C670BD01F
:10837800A7EC31F0370E6AEC10F0420E6AEC10F000
:1083880000017CEC10F000016CAB13D06C9B4E0E1E
:108398006AEC10F0310E6AEC10F0420E6AEC10F044
:1083A800360E6AEC10F000017CEC10F00C0EAC6F8D
:1083B8001200AFA303D0020EAC6F1200010EAC6F17
:1083C800D2D06CB1D0D040EC32F08C5306E0000132
:1083D8009F8FBD6B080EAC6F12000001AD6BAE6BCA
:1083E800020EAC6FC0D0AD2B000EAE23D00EAD5D2B
:1083F800070EAE59D8A0B7D0A55103E14F0EA4651A
:10840800B2D06CB1B0D0AFA318D0D16BD66BE1ECC1
:1084180032F0000136DE380E6AEC10F02A0E6AECF3
:1084280010F0260E6AEC10F000014BEC11F07CEC19
:1084380010F06C97090EAC6F96D00201A35309E0B7
:10844800550E6AEC10F000017CEC10F0030EAC6FD6
:108458008AD0080E0001AC6F86D016EC11F07CECC7
:1084680010F0AD6BAE6B040EAC6F7DD06CB17BD0F1
:10847800050EAC6F78D0180E6AEC10F07751D6EC78
:1084880011F000017CEC10F0AD6BAE6B060EAC6F1A
:108498006AD06CB168D0070EAC6F65D080B606D0D4
:1084A800470E6AEC10F000017CEC10F0AD6BAE6B7F
:1084B800080EAC6F58D06CB156D09F9D6C952CDED1
:1084C800AD6BAE6B090EAC6F4ED0AD0E0201296FCD
:1084D800C2EC0AF06CA706D0D00EAD5D070EAE59FF
:1084E800D8B06C979FAD05D0AFB303D00A0EAC6F70
:1084F8001200D00EA05D070EA15935E36CB133D040
:10850800020148EC33F0360E6AEC10F000017CEC06
:1085180010F00C0EAC6F27D0020E0201826307D058
:1085280009C182F20001BC6BBA6B54DD08D0020E9F
:10853800826F010E0001BC6F020EBA6F4BDD0B0E8D
:10854800AC6F11D06CB10FD09F9DAD6BAE6B090EA7
:10855800AC6F09D06C856C89020E0101006F0001B7
:108568006CB101D049DE1200B55103E0010A09E0FF
:1085780034D084B002D0AF8501D0AF95010EB56F6D
:108588002CD08280140E020105EC0BF0289184B0E7
:108598002881829028B111D00001B86BB96BB60E52
:1085A8000201296FC2EC0AF09FA116D0B75103E16E
:1085B800310EB66511D09F910FD00001B66BB76B25
:1085C800B80E0201296FC2EC0AF09FB105D0B9516B
:1085D80002E11E0EB8619F81B56B1200BA5107E027
:1085E800010A18E0030A20E0010A22E037D002015C
:1085F800286B020E296FF40E2A6F010E2B6FF40EF2
:108608002C6F010E2D6FAFEC0BF09FA127D0010E40
:10861800BA6F24D00101006B0001B75103E1010ECC
:10862800B6651CD0BA6B1AD0010E0101006F16D0C6
:10863800010E0201286F020E296FF40E2A6F010E37
:108648002B6FF40E2C6F010E2D6FAFEC0BF0B751A2
:1086580003E1220EB66502D09F91BA6B02011200A7
:108668000001AFA305D0030E0201A36F010EA56F91
:108678000201120083B80FD0C46BC56BC00E020193
:10868800296FC2EC0AF0A051A1110CE0C0C0C2F0E1
:10869800C1C0C3F007D0C06BC16BC40E0201296F03
:1086A800C2EF0AF0120002012D6F7751060A03E0AB
:1086B800010A0EE014D0150E2D6108D0050E2D63A9
:1086C80003D0080E2D6F17D02D2B15D02D6B13D07E
:1086D800150E2D6102D02D2B0ED02D6B0CD0150E42
:1086E8002D6108D0040E2D6303D0080E2D6F03D022
:1086F8002D2B01D02D6B2D51000112002A6F2861FE
:1087080002D0282B02D029C228F228511200D151B8
:1087180039E0010A42E0030A5CE0010A63E0070A63
:1087280069E0010A70E0030A77E0010A7EE00F0AB7
:10873800D8B484D0010AD8B489D0030AD8B48ED06A
:10874800010AD8B4A9D0070AD8B4AFD0010AD8B45E
:10875800B4D0030AD8B4B9D0010AD8B4BED01F0A1D
:10876800D8B4C4D0010AD8B4C9D0030AD8B4CFD079
:10877800010AD8B4DBD0070AD8B4D8D0010AD8B4D3
:10878800CED0D4D077C228F20201296B070EB6DF0B
:10879800776F2B81C0EC0EF0C9D002017B51100A13
:1087A80009E0010A0AE0030A0BE0060A0CE0020AE3
:1087B8000DE0BCD0110E7B6FB9D0120E7B6FB6D016
:1087C800140E7B6FB3D0160E7B6FB0D0100E7B6F7C
:1087D800ADD078C228F2040E0201296F0F0E8EDF89
:1087E800786FA4D079C228F20201296B090E86DFBE
:1087F800796F9CD07AC228F2060E0201296F0F0EFB
:108808007DDF7A6F93D08EC228F2020E0201296FA3
:10881800040E74DF8E6F8AD08FC228F2010E020117
:10882800296F050E6BDF8F6F81D090C228F2020E80
:108838000201296F0A0E62DF906F78D08CC228F28D
:108848000201296B010E5ADF8C6F70D07CC228F2AE
:108858000201296B010E52DF7C6F68D00201915131
:10886800640A05E00A0A0AE0010A0FE05FD081C243
:1088780028F2296B000E42DF816F58D081C228F29E
:10888800296B010E3BDF816F51D081C228F2296B21
:10889800020E34DF816F4AD083C228F2010E020132
:1088A800296F190E2BDF836F41D085C228F2020190
:1088B800296B010E23DF856F39D086C228F20201A9
:1088C800296B190E1BDF866F31D087C228F202018F
:1088D800296B190E13DF876F29D088C228F2010E81
:1088E8000201296F040E0ADF886F20D089C228F29E
:1088F8000201296B010E02DF896F18D08AC228F2A3
:10890800010E0201296F3C0EF9DE8A6F0FD08BC26F
:1089180028F20201296B010EF1DE8B6F07D0A8C285
:1089280028F20201296B010EE9DEA86F020112008C
:10893800D1512FE0010A32E0030A38E0010A3EE093
:10894800070A46E0010A4CE0030A4FE0010A52E038
:108958000F0A55E0010A58E0030A5BE0010A5EE0ED
:10896800070A64E0010A67E0030A6DE0010A73E0A0
:108978001F0A7BE0010A7EE0030AD8B483D0010A0B
:10898800D8B485D0070AD8B493D0010AD8B48CD00B
:108998008FD002017751D6EC11F08AD002017B51B9
:1089A80097EC12F0280E6AEC10F082D00201785190
:1089B80097EC12F0040E6AEC10F07AD0350E6AECDF
:1089C80010F0795197EC12F0040E6AEC10F070D0A8
:1089D80002017A5197EC12F0040E6AEC10F068D09C
:1089E80002018E5197EC12F063D002018F5197EC7F
:1089F80012F05ED00201905197EC12F059D00201AA
:108A08008C51BFEC12F054D002017C51BFEC12F033
:108A18004FD002018151F4EC12F04AD00201835187
:108A280097EC12F0280E6AEC10F042D00201855142
:108A3800BFEC12F03DD00201865197EC12F0280EDF
:108A48006AEC10F035D00201875197EC12F0280E2D
:108A58006AEC10F02DD0140E02018803F35097EC45
:108A680012F0390E6AEC10F023D002018951BFECE4
:108A780012F01ED002018A5197EC12F0290E6AEC0E
:108A880010F016D002018B51BFEC12F011D0320E4B
:108A98006AEC10F0350E6AEC10F04C0E6AEC10F02F
:108AA8003C0E6AEC10F004D00201A8511EEC13F041
:108AB80000011200DA510FE0010A1AE0030A3CE053
:108AC800010A58E0070A70E0010AD8B48ED0030AF8
:108AD800D8B49ED0BBD0C55103E14F0EC465B6D003
:108AE800A55103E14F0EA465B1D0010EDA6FAED0E7
:108AF8006CB108D0C15103E1130EC06503D0020E5A
:108B0800DA6F12006CB108D0A15103E1130EA06511
:108B180003D0030EDA6F12006CB198D0DBA196D0A7
:108B2800E80EC45D030EC559D8A090D0DB914BEC7C
:108B380011F07CEC10F08AD06CB188D0C55103E1FB
:108B48004F0EC46583D0D6C0D7F0030ED66105D0CA
:108B5800150ED16102D0D62B02D0D66BD76BD1C0FF
:108B6800D2F0D151A0DDD16FDB8145EC40F0010E90
:108B7800DA6F6CD06CB16AD06CB968D0A55103E1DA
:108B88004F0EA46563D00101006B3B0E6AEC10F038
:108B980019EC33F0000196EC3DF00001C9DE7CECE5
:108BA80010F0040EDA6F52D06CB108D0C15103E155
:108BB800130EC06503D0050EDA6F12006CB108D031
:108BC800A15103E1130EA06503D0060EDA6F12005F
:108BD8006CB13CD0DBA33AD0E80EC45D030EC55996
:108BE80035E3DB937CEC10F031D06CB12FD0C5515C
:108BF80003E14F0EC4652AD086EC10F088DD000131
:108C080096EC3DF0000194DEDB83040EDA6F1ED093
:108C18006CB11CD06CB91AD0A55103E14F0EA465F4
:108C280015D00101006B020164EC37F0260E6AECE6
:108C380010F0420E6AEC10F000017CEC10F002011A
:108C4800A84D53EC0EF0010E0001DA6F1200FF0E72
:108C5800C65DFF0EC7590CE2C62B000EC723C651CE
:108C6800C85DC751C95904E2C6C0C8F0C7C0C9F039
:108C78009705981106E19551961103E1CA6B8D6924
:108C88008E69050E97630BD0986709D09551961198
:108C980006E1090EAC6303D0896B8A6B818BBD51E9
:108CA80005E0010A1FE0020A27E02FD0C051C111D8
:108CB8002CE06CB52AD0AF87C6C0C8F0C7C0C9F0D1
:108CC800C66BC76BCA3DCA2B9B0EC45D020EC55945
:108CD80004E3020195519427000190EC40F0010E45
:108CE800BD6F13D0C55105E1020194510001C45D67
:108CF8000CE3AF89BD6B09D0010EAC6506D0C55138
:108D080003E1C70EC46501D0BD6B12000001AFA717
:108D180004D0AF97010ECB6FAF8B12000001AFA745
:108D280004D0AF97010ECB6FAF9B1200AFA704D052
:108D3800AF97010ECB6FAF9BAFA904D0AF99010ECF
:108D4800CB6FAF9B12000201286F0001AFA704D0C0
:108D5800AF9728C2CBF0AF9B1200020ECA6102D0B7
:108D6800D5DF08D0BD2D04D0010ECB6FAF9B02D04C
:108D7800AF97CB6B1200A60EC85D010EC95903E26E
:108D8800020EE1DF01D0CA6B1200040ECA61F3D7EC
:108D9800C5DFA60EC85D010EC95902E3010ECA6FF0
:108DA8001200CA5102018F5D03E3B0DF02010FD048
:108DB8000001C8510201985D0001C9510201995989
:108DC80004E38E51C0DF020102D0A0DF02011200CD
:108DD8007751010A0FE0030A10E0020A11E0030AC2
:108DE80013E0060A14E0030A16E0020A18E0030A70
:108DF8001AE01BD08BDF020118D090DF020115D0DA
:108E08000001C3DF020111D089DF02010ED0000189
:108E18008DDF02010AD08E5196DF020106D00001D3
:108E28009CDF020102D00001BCDF12009751020151
:108E3800976304D000019853D8B49F8700011200AB
:108E4800876B886BD10E8D5D070E8E5914E2200E4C
:108E580002012E6F4E0E2F6F8DC030F28EC031F290
:108E68006AEC0AF02EC287F02FC288F087C089F01A
:108E780088C08AF0000112009705981107E1955102
:108E8800961104E1090EAC6301D0818B12009FB3E7
:108E980007D0AFAF05D0B75102E1180EB6619F8376
:108EA8001200010E286F852D07D000019FA304D062
:108EB800320E0201286F11D00201A05106E1A00E66
:108EC8009F6103D0010E286F08D0010E866503D07C
:108ED80086C228F202D0010E286F28511200CC0E4B
:108EE800296FC2EC0AF0D3DFCE5107E0010A19E07E
:108EF800030A48E0010A7BE0CAD0CF2B000ED0233A
:108F0800D00ECF6304D0070ED06301D09F996CB503
:108F1800BED0CB53D8B4BBD0AFBBCB07010ECE6FFE
:108F2800B6D00201BEDF936F00019FB10CD0B951DA
:108F38000AE1B8510201935D06E30001BA51020A41
:108F480002E0AFA504D0020E0001CE6F1200B751A7
:108F580003E1630EB6659BD0A3C228F2030E02019B
:108F6800A36F0D0E6AEC10F000017CEC10F06CB1F0
:108F7800FED728C2A3F2CB6BCF6BD06BAF9F9F936A
:108F8800CE6B85D002019F510001CC5D0201A0513A
:108F98000001CD597CE3808A9F8990EC40F0CCC0D9
:108FA8008DF0CDC08EF0CC6BCD6B4ADF0201A051A5
:108FB80006E1A00E9F6103D0200E926F03D0D890D7
:108FC8007B35926F00016CAD05D06C9D320E0201AD
:108FD800922700019FA705D09F97020196519227DB
:108FE8000001AF9DAF9F9F93030ECE6F50D0AFBDD2
:108FF80023D0CD5105E1020192510001CC5D1CE363
:10900800809AAFABCB073F0E02019C5D420E9D5983
:109018000F0E9E5904E29C2B000E9D239E239F0E4B
:1090280000018F5D860E9059010E915904E28F2B35
:10903800000E90239123AF8DAFBF07D0020182515C
:10904800020A000101E0AFB5AF8FAFBF0AD0CD5122
:1090580003E1310ECC6505D0B75102E1020EB661CD
:10906800AF8FAFBF0CD00201A1510001CC5D02014E
:10907800A2510001CD5903E3030EBA6FAF8FAFAD14
:1090880006D0AFAF04D09F91CF6BD06BCE6B1200E0
:109098000EEEBFF0ED6AEA50FDE1E950FBE1EF6A40
:1090A8001CEC0BF00F0143EC0BF002012B91C0EC10
:1090B8000EF073EC0BF00101006B00519DEC0BF00E
:1090C80082906B696C856C876C8D83AA09D083B894
:1090D80007D0010E0201A36F0101006F0001AF83E9
:1090E80083BA02D083A86C8BF28A120095EC40F008
:1090F800A5EC40F011EC41F027EC41F067EC41F0B1
:109108003EEC43F0010100519DEC0BF0AFA302D0FF
:10911800D1DC16D06CB514D06CB112D0B8EC42F0DA
:10912800F2EC42F0BBEC40F00201D7EC40F0000159
:10913800F0EC40F07BDE8BDD02014ADED0DE9CD60F
:1091480012000001A5DF81518211FDE06CB1FBD74F
:109158006CB7F9D79FB9F7D79F8B6DEC40F09F9B01
:10916800F2D767517E0FF66E910E6821F76EF86A96
:109178000800F550120000F0001F0001F8001F80E1
:1091880003F8003BC0079C0071E00F0E00F0F01ED2
:109198000701FFF83FFF83FFFC3803C7801C7001FD
:1091A800EF000F00FFF0FFF8FFFCE01EE00EE00EFE
:1091B800E01EFFFCFFFCFFFCE01EE01EE00EE01ED0
:1091C800E01CFFFCFFF8FFE00003F800FFE01FFFD2
:1091D80083C07C7801EF000EE0000E0000E0000E76
:1091E8000000E0000E0000F000F7801E3C07C1FF01
:1091F800F80FFF003FC0007FF007FFC07FFF0700A8
:10920800F8700787003C7001C7001C7001C7001C7C
:109218007001C7001C7003C70078700F87FFF07FCC
:10922800FC07FF00007FFE7FFE7FFE70007000706D
:1092380000700070007FF87FF87FF8700070007091
:109248000070007FFE7FFE7FFE007FFE7FFE7FFEB8
:10925800700070007000700070007FF87FF87FF871
:1092680070007000700070007000700070000003E3
:10927800F800FFE01FFF83C07C7801EF000EE000DC
:109288000E0000E07FFE07FFE07FFE000FF000E722
:10929800801E3C07C1FFF80FFF003FC000E007E059
:1092A80007E007E007E007E007E007E007FFFFFF48
:1092B800FFFFFFE007E007E007E007E007E007E05F
:1092C800070038383838383838383838383838387F
:1092D8003838383800000E000E000E000E000E0060
:1092E8000E000E000E000E000EE00EE00EE00E70F6
:1092F8001E781C3FFC1FF80FE000700F8701F0700C
:109308003E0707C070F8071F0073E0077C007F80E6
:1093180007FC007FE007CF0078780707C0703E079A
:1093280001F0700F07007C00700070007000700082
:1093380070007000700070007000700070007000A5
:109348007000700070007FFC7FFC7FFC00F000FF65
:10935800800FF801FFC01FFC03FFE03FEE07FEF09F
:1093680077E70F7E78E7E39E7E3DC7E1FC7E1F87A7
:10937800E0F87E0F07E0007E000700E007F007F83E
:1093880007F807FC07FE07EF07E787E787E3C7E16A
:10939800E7E0F7E07FE07FE03FE01FE00FE0070055
:1093A80003F800FFF01FFF83C07C7801EF000EE098
:1093B80000FE0007E0007E0007E000FE000FF0005E
:1093C800E7801E3C07C1FFF80FFF003F8000FFF059
:1093D800FFF8FFFCE01EE00EE00EE01EFFFCFFF8C9
:1093E800FFF0E000E000E000E000E000E000E00066
:1093F800E0000003F800FFF01FFF83C07C7801EF56
:10940800000EE000FE0007E0007E0007E018FE0303
:10941800CFF03CE781FE3C0FC1FFF80FFF803FBC57
:109428000001C0001800FFF0FFF8FFFCE01EE00E8E
:10943800E00EE01EFFFCFFF8FFF0E3C0E1E0E0E033
:10944800E0F0E078E03CE03EE01F0007F03FFE7F00
:10945800FF780CF000F000F0007F003FF81FFC01DF
:10946800FE001E000F400F701EFFFE7FFC0FF00075
:10947800FFFFFFFFFFFF03C003C003C003C003C01B
:1094880003C003C003C003C003C003C003C003C0BC
:1094980003C003C000E007E007E007E007E007E0DB
:1094A80007E007E007E007E007E007E007E00FF064
:1094B8000E781E7FFC3FF80FE000F001E7001C78F3
:1094C80003C78038380783C0781C0701E0F00E0E08
:1094D80000F1E0071C0073C007B8003B8003F800E8
:1094E8001F0001F0000E00007803801C7807C03CC4
:1094F8003807C0383C07C0381C0FE0781C0EE070F5
:109508001E0EF0700E1E70F00E1C70E00F1C79E03D
:10951800073C39E0073839C007B83FC003F81F8057
:1095280003F01F8001F01F8001E00F0001E00F0031
:1095380000F803E7C0783C0781E0F00F1E007BC00D
:1095480007B8003F8001F0001F0003F8007BC00F40
:109558001C00F1E01E0F03C0787803CF003E00F036
:1095680001E7803C3C0781C0781E0F00F1E0079CB2
:10957800007BC003F8001F0000E0000E0000E000C0
:109588000E0000E0000E0000E0000E0000FFFEFFED
:10959800FEFFFC007C007800F001E003C007C00774
:1095A800800F001E003C007C007800FFFEFFFEFFDD
:1095B800FE00000000000000007E7E7E000000002B
:1095C800000000000003C00FF01FFC3C3E781E7036
:1095D8000FF007F007E007E007F007F007700F78D3
:1095E8000E3C1E3FFC1FF807E00000E003E00FE020
:1095F8000FE00DE001E001E001E001E001E001E041
:1096080001E001E001E001E001E001E00000000FFD
:10961800C03FE07FF07078203800380038007800CC
:10962800F001F003E007800F001E007FFC7FFC7F45
:10963800FC00000007803FF07FF87878103C001CA1
:10964800003C00780FF80FF00FFC003C001C001CD9
:10965800003C7FFC3FF80FC00001E003C003800717
:10966800800F000EF01EF01CF03CF078F078F0FF50
:10967800FEFFFEFFFE00F000F000F00000001FF803
:109688001FF83FF83C003C003C003FC03FF01FF88B
:10969800083C001C001C201C783C7FF83FF00FC0E1
:1096A80000000000F001E003C003C007800F000FB6
:1096B800C01FF83FFC3C3E781E700E700E781E3CB2
:1096C8001C3FFC1FF807E0007FFC7FFC7FFC003894
:1096D800007800F000E001E001C003C003800780CB
:1096E80007000F001E001E003C0000000007C01FFE
:1096F800F03FF8783C701C701C701C783C3FF83FB9
:10970800F87FFCF01EE01EE01EF01C7FFC3FF80F07
:10971800E00007E01FF83FFC783C701E701E701ECA
:10972800783C3FFC1FF80FF000F001E003C003C0D5
:1097380007800F000000000000000000000000008B
:1097480000000000001C3C3C1C000000001C3C3CCD
:109758001C00000000001C3C3C1C0000000001FF35
:1097680000000003FFC000001FFFF800003FFFFCDF
:109778000000FFFFFF0001FFFFFF8003FFFFFFC0A6
:1097880007FF81FFE007FE007FF00FF8001FF01FC2
:10979800F0000FF81FF00007F83FE00007FC3FC09B
:1097A8000003FC3FC00003FC3FC00001FE7F8000B7
:1097B80001FE7F800001FE7F800001FE7F800001A6
:1097C800FE7F800001FE7F800001FE7F800001FE99
:1097D8007F800001FE7F800001FE7F800001FE3F48
:1097E800800001FE3FC00003FC3FC00003FC3FE0D7
:1097F8000007FC1FE00007F81FF0000FF80FF80043
:109808001FF00FFC003FF007FF007FE003FFFFFFA2
:10981800C001FFFFFF8000FFFFFF00007FFFFE0089
:10982800003FFFFC00000FFFF0000000FF80000079
:109838000000000000000000F000000007F0000039
:10984800001FF0000000FFF0000003FFF000000F11
:10985800FFF000000FFFF000000FFFF000000FFF07
:10986800F000000FFFF000000F8FF000000C0FF069
:109878000000000FF00000000FF00000000FF000E3
:1098880000000FF00000000FF00000000FF00000D3
:10989800000FF00000000FF00000000FF0000000C3
:1098A8000FF00000000FF00000000FF00000000FA4
:1098B800F00000000FF00000000FF00000000FF0B3
:1098C8000000000FF00000000FF00000000FF00093
:1098D80000000FF00000000FF00000000FF0000083
:1098E800000FF00000000FF00000000FF000000073
:1098F8000FF00000000FF00000000FF00000000063
:109908000000000001FF0000000FFFE000003FFF23
:10991800F800007FFFFC0000FFFFFE0001FFFFFFD3
:109928000003FFFFFF8007FE00FF8007FC007FC0E9
:1099380001F8003FC000F0003FC00060001FE000D9
:1099480000001FE00000001FE00000001FE0000012
:10995800003FE00000003FC00000007FC0000000A2
:10996800FFC0000001FF80000003FF80000007FF28
:109978000000000FFE0000001FFC0000003FF80080
:1099880000007FF0000000FFE0000001FFC00000C1
:1099980003FF80000007FF0000000FFE0000001F0B
:1099A800FC0000003FF8000000FFF0000001FFFF8E
:1099B800FFE003FFFFFFE007FFFFFFE003FFFFFFFC
:1099C800E003FFFFFFE003FFFFFFE003FFFFFFE00F
:1099D8000000000000000003FF0000000FFFC000AF
:1099E800003FFFF80000FFFFFC0003FFFFFF000738
:1099F800FFFFFF800FFFFFFFC007FE01FFC003F856
:109A0800007FE000E0003FE00040001FE0000000B1
:109A18001FE00000000FE00000001FE00000001F32
:109A2800E00000003FE00000007FC0000FFFFFC023
:109A3800000FFFFF80000FFFFF00000FFFFE000078
:109A48000FFFFF00000FFFFF80000FFFFFC00000A7
:109A580000FFE00000003FF00000001FF0000000E1
:109A68000FF000000007F000000007F000000007FA
:109A7800F00080000FF001C0000FF003F0001FF0AD
:109A880007FC007FE00FFFFFFFE00FFFFFFFC007AD
:109A9800FFFFFF8001FFFFFF0000FFFFFC00001F2A
:109AA800FFF0000003FF80000000001FF00000002E
:109AB8003FE00000003FC00000007FC0000000FF42
:109AC80080000000FF80000001FF00000001FE0090
:109AD800000003FE00000003FC00000007FC00007B
:109AE800000FF80000000FF00000001FF3FC00005A
:109AF8001FE3FC00003FE3FC00007FC3FC00007F85
:109B0800C3FC0000FF83FC0000FF03FC0001FF030F
:109B1800FC0003FE03FC0003FE03FC0007FC03FC3F
:109B28000007F803FC000FF803FC001FFFFFFFF815
:109B38001FFFFFFFF81FFFFFFFF81FFFFFFFF81FC2
:109B4800FFFFFFF81FFFFFFFF81FFFFFFFF80000F0
:109B580003FC00000003FC00000003FC00000003FD
:109B6800FC00000003FC00000003FC00000003FCF4
:109B780000000003FC00000000000000007FFFFF61
:109B8800C0007FFFFFC000FFFFFFC000FFFFFFC056
:109B980000FFFFFFC000FFFFFFC000FFFFFFC00086
:109BA800FF00000000FF00000000FF00000000FFB1
:109BB80000000000FF00000000FF00000000FF00A0
:109BC800000000FFF0000000FFFFC00000FFFFF8EA
:109BD8000000FFFFFE0000FFFFFF0000FFFFFF8007
:109BE800007FFFFFC0003F01FFE0001C003FE000D6
:109BF80000001FF00000000FF00000000FF0000050
:109C0800000FF000000007F000400007F000C0005F
:109C18000FF001E0000FF003F0001FF007F8003F1D
:109C2800E00FFE007FE007FFFFFFC003FFFFFF809C
:109C380001FFFFFF8000FFFFFE00007FFFFC000028
:109C48000FFFF0000001FF8000000000000000008E
:109C5800003FF00000003FE00000007FC00000006F
:109C6800FF80000000FF80000001FF00000003FEED
:109C780000000003FE00000007FC0000000FF800D1
:109C880000000FF80000001FF00000003FE0000097
:109C9800003FF80000007FFFE00000FFFFF8000130
:109CA800FFFFFE0001FFFFFF0003FFFFFF8007FF2C
:109CB800FFFFC007FF01FFC00FFC007FE00FF000AF
:109CC8001FE01FF0001FF01FE0000FF01FE0000F63
:109CD800F01FE0000FF01FE0000FF01FE0000FF092
:109CE8001FE0000FF01FF0001FF00FF0001FE00F43
:109CF800F8003FE007FE00FFC007FFFFFFC003FFBB
:109D0800FFFF8001FFFFFF0000FFFFFE00003FFF95
:109D1800F800000FFFE0000001FF00000000000055
:109D2800000000000000000FFFFFFFE00FFFFFFF33
:109D3800E00FFFFFFFE00FFFFFFFE00FFFFFFFE077
:109D48000FFFFFFFE00FFFFFFFC00000007FC00014
:109D58000000FF80000000FF80000001FF000000FD
:109D680001FE00000003FE00000003FC00000007E5
:109D7800FC00000007F80000000FF80000001FF0CA
:109D88000000001FE00000003FE00000003FC000AE
:109D980000007FC00000007F80000000FF800000FE
:109DA80000FF00000001FF00000003FE00000003A8
:109DB800FC00000007FC00000007F80000000FF896
:109DC8000000000FF00000001FF00000001FE0007E
:109DD80000003FE00000007FC00000007F8000001E
:109DE80000FF80000000FF00000001FF00000000ED
:109DF80000000000000003FF0000000FFFC000008B
:109E08003FFFF80000FFFFFE0001FFFFFF0003FF18
:109E1800FFFF8007FFFFFFC00FFE01FFC00FF80024
:109E28003FE00FF0001FE01FE0001FE01FE0000F01
:109E3800E01FE0000FE01FE0000FE01FE0001FE060
:109E48000FF0003FE00FFC007FE00FFFFFFFC007AF
:109E5800FFFFFF8003FFFFFF8001FFFFFE0003FFFE
:109E6800FFFF8007FFFFFFC00FFFFFFFE01FFE009F
:109E7800FFE01FF0003FF03FE0000FF03FC0000F91
:109E8800F83FC00007F83FC00007F83FC00007F8D8
:109E98003FC00007F83FE0000FF01FF0001FF01F61
:109EA800FC007FF00FFFFFFFE007FFFFFFC003FF8D
:109EB800FFFF8001FFFFFF0000FFFFFC00001FFF06
:109EC800F0000003FF8000000001FF00000007FF12
:109ED800E000001FFFF800007FFFFE0000FFFFFF0B
:109EE8000001FFFFFF8003FFFFFFC007FF01FFE046
:109EF8000FFC003FE00FF8001FF00FF0000FF01FFD
:109F0800E0000FF01FE0000FF01FE00007F01FE077
:109F18000007F01FE0000FF01FE0000FF00FF00047
:109F28000FF00FF8001FF00FFC003FE007FF01FFE4
:109F3800E007FFFFFFC003FFFFFF8001FFFFFF00F7
:109F480000FFFFFF00003FFFFE00000FFFFC0000C6
:109F5800003FFC0000000FF80000001FF0000000A8
:109F68003FE00000003FE00000007FC0000000FF6D
:109F780080000001FF80000001FF00000003FE00D8
:109F8800000007FC00000007FC0000000FF80000BC
:109F9800001FF000000000000000006000000C003E
:109FA8000063000007FFFFFE7000000E0000E7C01E
:109FB800003FFFFFFE7000000E0000E1E000FFFF21
:109FC800FFFC7000000E0000E0F003F000000070DD
:109FD80000000E0000E07C07C00000007000000ECA
:109FE8000000E01E1F000000007000000E0000E0EE
:109FF8000F3E000000007000000E0000E0067C002C
:10A008000000007000000E0000E001F001FFFFF802
:10A018007000000E0000E003E001FFFFF870000090
:10A028000E0000E007DC01FFFFF87000000E0000E2
:10A03800E01F3E000000007000000E0000E03E0F30
:10A04800800000007800000F0001E07807E00000C1
:10A05800003E0000078003C0F001FC0000001FFF65
:10A06800FFE3FFFFC3E000FFFFFFFC07FFFFF1FF77
:10A07800FF0780003FFFFFFE00FFFFF03FFC0300EB
:10A088000001FFFFFE0003FFFFFFC0000003FFFF0A
:10A09800FFC03FFFFFFFF800001FFFFFFFFE3FFF6D
:10A0A800FFFFFE00003FFFFFFFFFFFFFFFFFFF0076
:10A0B80000FFFFFFFFFFFFFFFFFFFF8001FFFFFF24
:10A0C800FFFFFFFFFFFFFFE007FFFFFFFFFFFFFFAF
:10A0D800FF800000000001FFFFFFFFFFF800000005
:10A0E8000000001FFFFE7FFE0000000000000000CF
:10A0F8007FFE7FF800000000000000001FFE3FF018
:10A1080000000000000000001FFC3FF000000000FD
:10A11800000000001FF81FF8000000000000000009
:10A128001FF81FF800000000000000001FF00FF8E3
:10A1380000000000000000003FE007F800000000F9
:10A14800000000003FE007FC0000000000000000E5
:10A158003FC007FC00000000000000007FC003FCB7
:10A1680000000000000000007FC003FC00000000A9
:10A17800000000007F8001FE0000000000000000D9
:10A18800FF0001FE0000000000000000FF0000FECC
:10A198000000000000000000FE0000FF00000000BA
:10A1A80000000001FE00007F000000000000000128
:10A1B800FC00007F0000000000000003F800003FE2
:10A1C8008000000000000007F000001F8000000071
:10A1D80000000007F000000F800000000000000FE2
:10A1E800E000000FC00000000000000FC0000007E2
:10A1F800E00000000000001FC0000007E0000000B1
:10A208000000003F80000007F00000000000003F51
:10A2180000000003F80000000000003E00000001FC
:10A22800F80000000000007C000000007C00000036
:10A2380000000070000000000C000000000000C0DA
:10A248000000000002000000000001000000000003
:10A2580000000000000000000000000000000000F6
:10A2680000000000000000000000000000000000E6
:10A2780000000000000000000000000000000000D6
:10A2880000000000000000000000000000000000C6
:10A2980000000000000000000000000000000000B6
:10A2A80000000000000000000000000000000000A6
:10A2B8000000000000000000000000000000000096
:10A2C8000000000000000000000000000000000086
:10A2D8000000000000000000000000000000000076
:10A2E80000080000000080000000000000180000C6
:10A2F8000001800000000000001C00000001C000F8
:10A3080000000000001C00000003C0000000000066
:10A31800001E00000007C00000000000001E000032
:10A328000007C00000000000001E0000000F8000B1
:10A3380000000000001F0000000F80000000000067
:10A34800001F8000001F800000000000000FC000F8
:10A35800003F800000000000000FC000003F000028
:10A3680000000000000FE000007F00000000000077
:10A37800000FE00000FE0000000000000007F000F1
:10A3880001FC0000000000000007F80003FC0000CA
:10A39800000000000003FC0007F8000000000000B7
:10A3A8000003FE000FF80000000000000001FF009D
:10A3B8001FF00000000000000000FF003FE0000068
:10A3C800000000000000FF803FE0000000000000E7
:10A3D80000007FC03FE000000000000000003FE0F8
:10A3E800FFC000000000000000003FF1FFC00000B7
:10A3F8000000000000001FFFFF80000000000000B8
:10A4080000001FFFFF0000000000000000001FFF09
:10A41800FF0000000000000000000FFFFE00000029
:10A428000000000000000FFFFC000000000000001A
:10A43800000007FFF800000000000000000003FF14
:10A44800F800000000000000000003FFF00000001A
:10A4580000000000000001FFE00000000000000014
:10A46800000001FFE000000000000000000000FF05
:10A47800C0000000000000000000007F8000000015
:10A48800000000000000003F000000000000000085
:10A498000000001E00000000000000000000FFFE99
:10A4A80000000000000FFFFFE0000000007FFFFF3A
:10A4B800FC00000001FFFFFFFF00000007FFE00FA6
:10A4C800FFC000001FFE01E07FF000003FF00FFC1E
:10A4D8001FFC0000FFC03FFE07FE0001FF007FFFDA
:10A4E80001FF0003FE00FFFF807F8007F801FFFFE8
:10A4F800C03FC00FF001FFFFC01FE01FE001FFFFDA
:10A50800E007F03FC003FFFFE003F87F8003FFFF91
:10A51800E003FCFF0003FFFFE001FEFF0003FFFF75
:10A52800E001FE7F8003FFFFE003FC3FC003FFFF65
:10A53800E007F81FE001FFFFE00FF00FF001FFFF59
:10A54800C01FE007F801FFFFC03FC003FE00FFFF88
:10A55800807F8001FF007FFF01FF00007FC03FFE7A
:10A5680007FE00003FF00FF81FF800001FFE01C0B3
:10A57800FFF0000007FFF00FFFC0000001FFFFFF22
:10A58800FF000000003FFFFFFC0000000007FFFF86
:10A59800E000000000007FFE00000000000000FF57
:10A5A800FE00000000000FFFFFE0000000007FFF3A
:10A5B800FFFC00000001FFFFFFFF00000007FFE0B5
:10A5C8000FFFC000001FFE00007FF000003FF000FA
:10A5D800001FFC0000FFC0000007FE0001FF000094
:10A5E8000001FF0003FE00380E007F8007F8001C02
:10A5F8001C003FC00FF0000E1C001FE01FE0000E03
:10A60800380007F03FC00007700007F87F8000039C
:10A61800E00003FCFF000001E00001FEFF00000372
:10A62800E00001FE7F800003F00003FC3FC000074C
:10A63800700007F81FE0000E38000FF00FF0001C44
:10A648001C001FE007F8003C0E003FC003FE003866
:10A658000E007F8001FF00000001FF0000FFC00026
:10A668000007FE00003FF000001FF800001FFE007A
:10A6780000FFF0000007FFF01FFFC0000001FFFF10
:10A68800FFFF000000003FFFFFFC000000000FFF7D
:10A69800FFE000000000007FFE0000000000000056
:10A6A8007FF8000000000003FFFF00000000000F1B
:10A6B800FFFFC0000000003FFFFFF0000000007F28
:10A6C800FFFFF800000000FFFFFFFC00000001FF93
:10A6D800FFFFFE00000003FFFFFFFF00000007FF71
:10A6E800E01FFF8000000FFF0003FFC000001FFEF7
:10A6F8000001FFE000001FF800007FE000003FF0CD
:10A7080000003FF000003FE000001FF000007FE085
:10A7180000001FF800007FC000000FF800007F80D5
:10A72800000007F80000FF80000007FC0000FF8021
:10A73800000007FC0000FF00000003FC0000FF0011
:10A74800000003FC0000FF00000003FC0000FF0005
:10A75800000003FC0000FF00000003FC0000FF00F5
:10A76800000003FC0000FF00000003FC0000FF00E5
:10A77800000003FC0000FF00000003FC0000FF00D5
:10A78800000003FC0000FF00000003FC0000FF00C5
:10A79800000003FC0000FF00000003FC0000FF00B5
:10A7A800000003FC0000FF00000003FC0000FF00A5
:10A7B800000003FC0000FF00000003FC0000FF0095
:10A7C800000003FC0000FF00000003FC00FFFFFF87
:10A7D800FFFFFFFFFCFFFFFFFFFFFFFFFCFFFFFF87
:10A7E800FFFFFFFFFCFFFFFFFFFFFFFFFCFFFFFF77
:10A7F800FFFFFFFFFCFFFFFFFFFFFFFFFCFFFFFF67
:10A80800FFFFFFFFFCFFFFFFFFFFFFFFFCFFFFFF56
:10A81800FFFFFFFFFCFFFFFFFFFFFFFFFCFFFFFF46
:10A82800FFFFFFFFFCFFFFFFFFFFFFFFFCFFFFFF36
:10A83800FFFFFFFFFCFFFFFFFFFFFFFFFCFFFFFF26
:10A84800FFFFFFFFFCFFFFFFFFFFFFFFFCFFFFFF16
:10A85800FFFFFFFFFCFFFFFFFFFFFFFFFCFFFFFF06
:10A86800FFFFFFFFFCFFFFFFFFFFFFFFFCFFFFFFF6
:10A87800FFFFFFFFFCFFFFFFFFFFFFFFFCFFFFFFE6
:10A88800FFFFFFFFFCFFFFFFFFFFFFFFFCFFFFFFD6
:10A89800FFFFFFFFFCFFFFFFFFFFFFFFFCFFFFFFC6
:10A8A800FFFFFFFFFCFFFFFFFFFFFFFFFCFFFFFFB6
:10A8B800FFFFFFFFFCFFFFFFFFFFFFFFFCFFFFFFA6
:10A8C800FFFFFFFFFCFFFFFFFFFFFFFFFCFFFFFF96
:10A8D800FFFFFFFFFCFFFFFFFFFFFFFFFCFFFFFF86
:10A8E800FFFFFFFFFCFFFFFFFFFFFFFFFCFFFFFF76
:10A8F800FFFFFFFFFCFFFFFFFFFFFFFFFCFFFFFF66
:10A90800FFFFFFFFFCFFFFFFFFFFFFFFFCFFFFFF55
:10A91800FFFFFFFFFCFFFFFFFFFFFFFFFCFFFFFF45
:10A92800FFFFFFFFFCFFFFFFFFFFFFFFFCFFFFFF35
:10A93800FFFFFFFFFCFFFFFFFFFFFFFFFCFFFFFF25
:10A94800FFFFFFFFFC0001FFFFFFFFFFFFFFFFFF0F
:10A95800FFFFF003FFFFFFFFFFFFFFFFFFFFFFFC0D
:10A9680007FFFFFFFFFFFFFFFFFFFFFFFE0F0000D6
:10A978000000000000000000001E0E0000000000A3
:10A988000000000000000F1E000000000000000092
:10A99800000000071E00000000000000000000008A
:10A9A800071E0000000000000000000000071E0055
:10A9B80000000000000000000000071E000000006A
:10A9C80000000000000000071E000000000000005A
:10A9D80000000000071E000000000000000000004A
:10A9E80000071E0000000000000000000000077EB5
:10A9F800000000000000000000000007FE0000004A
:10AA0800000000000000000007FE00000000000039
:10AA1800000000000007E000000000000000000047
:10AA2800000007E000000000000000000000000730
:10AA3800E0000000000000000000000007E0000047
:10AA480000000000000000000007E0000000000017
:10AA580000000000000007E0000000000000000007
:10AA680000000007E00000000000000000000000F7
:10AA780007E0000000000000000000000007E00000
:10AA88000000000000000000000007E000000000D7
:10AA98000000000000000007E000000000000000C7
:10AAA8000000000007E000000000000000000000B7
:10AAB8000007E0000000000000000000000007E0C0
:10AAC800000000000000000000000007E000000097
:10AAD800000000000000000007E000000000000087
:10AAE800000000000007FE00000000000000000059
:10AAF800000007FE00000000000000000000000742
:10AB08007E0000000000000000000000071E00009A
:10AB1800000000000000000000071E000000000008
:10AB2800000000000000071E0000000000000000F8
:10AB3800000000071E0000000000000000000000E8
:10AB4800071E0000000000000000000000071E00B3
:10AB580000000000000000000000071E00000000C8
:10AB680000000000000000071E00000000000000B8
:10AB780000000000070E00000000000000000000B8
:10AB8800000F0F00000000000000000000001E077A
:10AB9800FFFFFFFFFFFFFFFFFFFFFFFE03FFFFFFBA
:10ABA800FFFFFFFFFFFFFFFFFC01FFFFFFFFFFFFAE
:10ABB800FFFFFFFFFFF00001FFFFFFFFFFFFFFFFA9
:10ABC800FFFFFFF003FFFFFFFFFFFFFFFFFFFFFF98
:10ABD800FC07FFFFFFFFFFFFFFFFFFFFFFFE0F0068
:10ABE800000000000000000000001E0E0000000031
:10ABF800000000000000000F1E0000000000000020
:10AC080000000000071E0000000000000000000017
:10AC180000071E0000000000000000003FFF871E24
:10AC28000000000000000000003FFF871E00000039
:10AC38000000000000003FFF871E00000000000029
:10AC48000000003FFF871E00000000000000000019
:10AC58003FFF871E0000000000000000003FFF8744
:10AC68007E0000000000000000003FFF87FE00009B
:10AC7800000000000000003FFF87FE000000000009
:10AC8800000000003FFF87E0000000000000000017
:10AC9800003FFF87E00000000000000000003FFFC9
:10ACA80087E00000000000000000003FFF87E00090
:10ACB80000000000000000003FFF87E000000000E7
:10ACC80000000000003FFF87E000000000000000D7
:10ACD80000003FFF87E00000000000000000003F88
:10ACE800FF87E00000000000000000003FFF87E051
:10ACF8000000000000000000003FFF87E0000000A7
:10AD08000000000000003FFF87E000000000000096
:10AD18000000003FFF87E000000000000000000086
:10AD28003FFF87E00000000000000000003FFF87B1
:10AD3800E00000000000000000003FFF87E0000086
:10AD4800000000000000003FFF87E0000000000056
:10AD5800000000003FFF87FE000000000000000028
:10AD6800003FFF87FE0000000000000000003FFFDA
:10AD7800877E0000000000000000003FFF871E00E3
:10AD880000000000000000003FFF871E00000000D8
:10AD980000000000003FFF871E00000000000000C8
:10ADA80000003FFF871E0000000000000000003F79
:10ADB800FF871E0000000000000000003FFF871E04
:10ADC8000000000000000000003FFF871E00000098
:10ADD8000000000000001FFF871E000000000000A8
:10ADE8000000000000070E00000000000000000046
:10ADF80000000F0F00000000000000000000001E0F
:10AE080007FFFFFFFFFFFFFFFFFFFFFFFE03FFFF3F
:10AE1800FFFFFFFFFFFFFFFFFFFC01FFFFFFFFFF3B
:10AE2800FFFFFFFFFFFFF00001FFFFFFFFFFFFFF36
:10AE3800FFFFFFFFF003FFFFFFFFFFFFFFFFFFFF25
:10AE4800FFFC07FFFFFFFFFFFFFFFFFFFFFFFE0FF6
:10AE580000000000000000000000001E0E000000BE
:10AE680000000000000000000F1E000000000000AD
:10AE78000000000000071E000000000000000000A5
:10AE88000000071E00000000000000FFFE3FFF87D3
:10AE98001E00000000000000FFFE3FFF871E0000AC
:10AEA8000000000000FFFE3FFF871E0000000000BA
:10AEB8000000FFFE3FFF871E00000000000000FFAB
:10AEC800FE3FFF871E00000000000000FFFE3FFF5E
:10AED800877E00000000000000FFFE3FFF87FE00A5
:10AEE800000000000000FFFE3FFF87FE000000009A
:10AEF800000000FFFE3FFF87E000000000000000A8
:10AF0800FFFE3FFF87E000000000000000FFFE3F5B
:10AF1800FF87E000000000000000FFFE3FFF87E021
:10AF280000000000000000FFFE3FFF87E000000077
:10AF380000000000FFFE3FFF87E000000000000067
:10AF480000FFFE3FFF87E000000000000000FFFE5A
:10AF58003FFF87E000000000000000FFFE3FFF8782
:10AF6800E000000000000000FFFE3FFF87E0000057
:10AF78000000000000FFFE3FFF87E0000000000027
:10AF88000000FFFE3FFF87E000000000000000FF18
:10AF9800FE3FFF87E000000000000000FFFE3FFFCB
:10AFA80087E000000000000000FFFE3FFF87E00090
:10AFB800000000000000FFFE3FFF87E000000000E7
:10AFC800000000FFFE3FFF87FE00000000000000B9
:10AFD800FFFE3FFF87FE00000000000000FFFE3F6D
:10AFE800FF877E00000000000000FFFE3FFF871E75
:10AFF80000000000000000FFFE3FFF871E00000069
:10B0080000000000FFFE3FFF871E00000000000058
:10B0180000FFFE3FFF871E00000000000000FFFE4B
:10B028003FFF871E00000000000000FFFE3FFF8773
:10B038001E00000000000000FFFE3FFF871E00000A
:10B0480000000000007FFE1FFF871E0000000000B8
:10B05800000000000000070E0000000000000000D3
:10B068000000000F0F0000000000000000000000BA
:10B078001E07FFFFFFFFFFFFFFFFFFFFFFFE03FFAE
:10B08800FFFFFFFFFFFFFFFFFFFFFC01FFFFFFFFC9
:10B09800FFFFFFFFFFFFFFF00001FFFFFFFFFFFFC4
:10B0A800FFFFFFFFFFF003FFFFFFFFFFFFFFFFFFB3
:10B0B800FFFFFC07FFFFFFFFFFFFFFFFFFFFFFFE94
:10B0C8000F00000000000000000000001E0E00003D
:10B0D8000000000000000000000F1E00000000003B
:10B0E800000000000000071E000000000000000033
:10B0F800000000071E0000000003FFF8FFFE3FFFEE
:10B10800871E0000000003FFF8FFFE3FFF871E00B8
:10B1180000000003FFF8FFFE3FFF871E000000004D
:10B1280003FFF8FFFE3FFF871E0000000003FFF843
:10B13800FFFE3FFF871E0000000003FFF8FFFE3FF1
:10B14800FF877E0000000003FFF8FFFE3FFF87FE39
:10B158000000000003FFF8FFFE3FFF87FE0000002D
:10B168000003FFF8FFFE3FFF87E00000000003FF39
:10B17800F8FFFE3FFF87E00000000003FFF8FFFE36
:10B188003FFF87E00000000003FFF8FFFE3FFF8756
:10B19800E00000000003FFF8FFFE3FFF87E000002B
:10B1A800000003FFF8FFFE3FFF87E00000000003F8
:10B1B800FFF8FFFE3FFF87E00000000003FFF8FFF5
:10B1C800FE3FFF87E00000000003FFF8FFFE3FFF9F
:10B1D80087E00000000003FFF8FFFE3FFF87E00064
:10B1E80000000003FFF8FFFE3FFF87E000000000BB
:10B1F80003FFF8FFFE3FFF87E00000000003FFF8B1
:10B20800FFFE3FFF87E00000000003FFF8FFFE3F5E
:10B21800FF87E00000000003FFF8FFFE3FFF87E024
:10B228000000000003FFF8FFFE3FFF87E00000007A
:10B238000003FFF8FFFE3FFF87FE0000000003FF4A
:10B24800F8FFFE3FFF87FE0000000003FFF8FFFE47
:10B258003FFF877E0000000003FFF8FFFE3FFF87E7
:10B268001E0000000003FFF8FFFE3FFF871E0000DE
:10B27800000003FFF8FFFE3FFF871E0000000003E9
:10B28800FFF8FFFE3FFF871E0000000003FFF8FFE6
:10B29800FE3FFF871E0000000003FFF8FFFE3FFF90
:10B2A800871E0000000003FFF8FFFE3FFF871E0017
:10B2B80000000001FFF07FFE1FFF871E0000000056
:10B2C80000000000000000070E0000000000000061
:10B2D800000000000F0F0000000000000000000048
:10B2E800001E07FFFFFFFFFFFFFFFFFFFFFFFE033B
:10B2F800FFFFFFFFFFFFFFFFFFFFFFFC01FFFFFF57
:10B30800FFFFFFFFFFFFFFFFF00001FFFFFFFFFF51
:10B31800FFFFFFFFFFFFF003FFFFFFFFFFFFFFFF40
:10B32800FFFFFFFC07FFFFFFFFFFFFFFFFFFFFFF20
:10B33800FE0F00000000000000000000001E0E00CC
:10B34800000000000000000000000F1E00000000C8
:10B3580000000000000000071E00000000000000C0
:10B3680000000000071E00000FFFE3FFF8FFFE3F8C
:10B37800FF871E00000FFFE3FFF8FFFE3FFF871E59
:10B3880000000FFFE3FFF8FFFE3FFF871E00000FDE
:10B39800FFE3FFF8FFFE3FFF871E00000FFFE3FFFC
:10B3A800F8FFFE3FFF871E00000FFFE3FFF8FFFED8
:10B3B8003FFF877E00000FFFE3FFF8FFFE3FFF8798
:10B3C800FE00000FFFE3FFF8FFFE3FFF87FE0000CF
:10B3D8000FFFE3FFF8FFFE3FFF87E000000FFFE3EA
:10B3E800FFF8FFFE3FFF87E000000FFFE3FFF8FFD5
:10B3F800FE3FFF87E000000FFFE3FFF8FFFE3FFF7F
:10B4080087E000000FFFE3FFF8FFFE3FFF87E00043
:10B41800000FFFE3FFF8FFFE3FFF87E000000FFF8C
:10B42800E3FFF8FFFE3FFF87E000000FFFE3FFF8B0
:10B43800FFFE3FFF87E000000FFFE3FFF8FFFE3F3E
:10B44800FF87E000000FFFE3FFF8FFFE3FFF87E004
:10B4580000000FFFE3FFF8FFFE3FFF87E000000F4B
:10B46800FFE3FFF8FFFE3FFF87E000000FFFE3FF69
:10B47800F8FFFE3FFF87E000000FFFE3FFF8FFFE45
:10B488003FFF87E000000FFFE3FFF8FFFE3FFF8765
:10B49800E000000FFFE3FFF8FFFE3FFF87E000003A
:10B4A8000FFFE3FFF8FFFE3FFF87FE00000FFFE3FB
:10B4B800FFF8FFFE3FFF87FE00000FFFE3FFF8FFE6
:10B4C800FE3FFF877E00000FFFE3FFF8FFFE3FFF10
:10B4D800871E00000FFFE3FFF8FFFE3FFF871E00F7
:10B4E800000FFFE3FFF8FFFE3FFF871E00000FFF7E
:10B4F800E3FFF8FFFE3FFF871E00000FFFE3FFF8A2
:10B50800FFFE3FFF871E00000FFFE3FFF8FFFE3F2F
:10B51800FF871E00000FFFE3FFF8FFFE3FFF871EB7
:10B5280000000FFFC1FFF07FFE1FFF871E00000015
:10B538000000000000000000070E000000000000EE
:10B5480000000000000F0F000000000000000000D5
:10B5580000001E07FFFFFFFFFFFFFFFFFFFFFFFECB
:10B5680003FFFFFFFFFFFFFFFFFFFFFFFC01FFFFE0
:10B57800FFFFFFFFFFFFFFFFFFF00001FFFFFFFFDF
:10B58800FFFFFFFFFFFFFFF003FFFFFFFFFFFFFFCE
:10B59800FFFFFFFFFC07FFFFFFFFFFFFFFFFFFFFAE
:10B5A800FFFE0F00000000000000000000001E0E5B
:10B5B80000000000000000000000000F1E00000056
:10B5C8000000000000000000071E0000000000004E
:10B5D8000000000000071E3FFF8FFFE3FFF8FFFE9B
:10B5E8003FFF871E3FFF8FFFE3FFF8FFFE3FFF8708
:10B5F8001E3FFF8FFFE3FFF8FFFE3FFF871E3FFF61
:10B608008FFFE3FFF8FFFE3FFF871E3FFF8FFFE33B
:10B61800FFF8FFFE3FFF871E3FFF8FFFE3FFF8FFA6
:10B62800FE3FFF877E3FFF8FFFE3FFF8FFFE3FFFF0
:10B6380087FE3FFF8FFFE3FFF8FFFE3FFF87FE3FD8
:10B64800FF8FFFE3FFF8FFFE3FFF87E03FFF8FFF1D
:10B65800E3FFF8FFFE3FFF87E03FFF8FFFE3FFF8C0
:10B66800FFFE3FFF87E03FFF8FFFE3FFF8FFFE3F4E
:10B67800FF87E03FFF8FFFE3FFF8FFFE3FFF87E014
:10B688003FFF8FFFE3FFF8FFFE3FFF87E03FFF8F9D
:10B69800FFE3FFF8FFFE3FFF87E03FFF8FFFE3FF79
:10B6A800F8FFFE3FFF87E03FFF8FFFE3FFF8FFFE55
:10B6B8003FFF87E03FFF8FFFE3FFF8FFFE3FFF8775
:10B6C800E03FFF8FFFE3FFF8FFFE3FFF87E03FFF0C
:10B6D8008FFFE3FFF8FFFE3FFF87E03FFF8FFFE3A9
:10B6E800FFF8FFFE3FFF87E03FFF8FFFE3FFF8FF14
:10B6F800FE3FFF87E03FFF8FFFE3FFF8FFFE3FFFBE
:10B7080087E03FFF8FFFE3FFF8FFFE3FFF87E03F43
:10B71800FF8FFFE3FFF8FFFE3FFF87FE3FFF8FFF2E
:10B72800E3FFF8FFFE3FFF87FE3FFF8FFFE3FFF8D1
:10B73800FFFE3FFF877E3FFF8FFFE3FFF8FFFE3FDF
:10B74800FF871E3FFF8FFFE3FFF8FFFE3FFF871EC7
:10B758003FFF8FFFE3FFF8FFFE3FFF871E3FFF8F8E
:10B76800FFE3FFF8FFFE3FFF871E3FFF8FFFE3FF6A
:10B77800F8FFFE3FFF871E3FFF8FFFE3FFF8FFFE46
:10B788003FFF871E3FFF8FFFE3FFF8FFFE3FFF8766
:10B798001E3FFF0FFFC1FFF07FFE1FFF871E000047
:10B7A800000000000000000000070E00000000007C
:10B7B8000000000000000F0F000000000000000063
:10B7C8000000001E07FFFFFFFFFFFFFFFFFFFFFF57
:10B7D800FE03FFFFFFFFFFFFFFFFFFFFFFFC01FF6F
:10B7E800FFFFFFFFFFFFFFFFFFFFF000FFFFFFFF6F
:10B7F800FFFFFFFFFFFFFFFFFFFFFFFFFFFFFFFF51
:10B80800FFFFFFFFFFFFFFFFFFFFFFFFFFFFFFFF40
:10B81800FFFFFFFFFFFFFFFFFFFFFFFFFFFFFFFF30
:10B82800000049BF06D04851E96E4951EA6EEF5011
:10B8380012004851500FF66EB80E4921800FF76E6E
:10B84800F86A0800F55012004341500053454D492D
:10B85800004E584C004943504C0052455350004646
:10B86800554C4C0052414D50004C4F434B004D45F8
:10B878004E55005057520046495245004457454CD2
:10B888004C004C494D49540046494E4500425950D8
:10B8980000425552535400434F554E5400454E54A0
:10B8A80045520053484F5453005355535400454391
:10B8B8004F004D4F44450053504B5200564F4C00DB
:10B8C800564F4943450053454C005452494700449C
:10B8D80042004155544F004C4F41440044454C41AF
:10B8E800590041444A004653444F0053484F5400BE
:10B8F800544D520047414D4500544F4700534F4661
:10B908005400564552004F444F004D45544552008F
:10B91800464143005245534554004445464C540063
:10B9280042414E4B320042414E4B33005649530080
:10B93800464F524345004F4646004F4E0045584932
:10B948005400434F4E46004C4F57004D4544004865
:10B95800494748004D415800425053004D53005349
:0CB968004543004D494E00312E3337009E
:00000001FF
